{"type": "FeatureCollection", "features": [{"type": "Feature", "geometry": {"type": "LineString", "coordinates": [[-42.96, -28.85], [-45.26, -30.18]]}, "properties": {"nationality": "British", "year": 1781}}, {"type": "Feature", "geometry": {"type": "LineString", "coordinates": [[-6.68, -15.38], [-7.92, -14.08]]}, "properties": {"nationality": "British", "year": 1802}}, {"type": "Feature", "geometry": {"type": "LineString", "coordinates": [[-31.74, 42.3], [-29.47, 41.88]]}, "properties": {"nationality": "British", "year": 1767}}, {"type": "Feature", "geometry": {"type": "LineString", "coordinates": [[-21.07, -33.78], [-17.3, -33.83]]}, "properties": {"nationality": "British", "year": 1802}}, {"type": "Feature", "geometry": {"type": "LineString", "coordinates": [[-37.22, 45.72], [-39.07, 45.5]]}, "properties": {"nationality": "British", "year": 1767}}, {"type": "Feature", "geometry": {"type": "LineString", "coordinates": [[-12.68, 42.2], [-12.95, 39.63]]}, "properties": {"nationality": "British", "year": 1823}}, {"type": "Feature", "geometry": {"type": "LineString", "coordinates": [[-20.22, 5.28], [-19.9, 3.88]]}, "properties": {"nationality": "British", "year": 1797}}, {"type": "Feature", "geometry": {"type": "LineString", "coordinates": [[20.96, -36.08], [23.04, -35.62]]}, "properties": {"nationality": "British", "year": 1767}}, {"type": "Feature", "geometry": {"type": "LineString", "coordinates": [[-9.56, 49.63], [-10.76, 49.3]]}, "properties": {"nationality": "British", "year": 1775}}, {"type": "Feature", "geometry": {"type": "LineString", "coordinates": [[-29.32, 17.35], [-29.26, 17.18]]}, "properties": {"nationality": "British", "year": 1782}}, {"type": "Feature", "geometry": {"type": "LineString", "coordinates": [[-19.65, 50.7], [-18.35, 50.72]]}, "properties": {"nationality": "British", "year": 1808}}, {"type": "Feature", "geometry": {"type": "LineString", "coordinates": [[-28.02, -13.18], [-29.38, -15.02]]}, "properties": {"nationality": "British", "year": 1807}}, {"type": "Feature", "geometry": {"type": "LineString", "coordinates": [[-30.62, -27.63], [-29.26, -30.38]]}, "properties": {"nationality": "British", "year": 1757}}, {"type": "Feature", "geometry": {"type": "LineString", "coordinates": [[64.08, -24.0], [62.97, -24.8]]}, "properties": {"nationality": "British", "year": 1768}}, {"type": "Feature", "geometry": {"type": "LineString", "coordinates": [[-29.96, 16.43], [-32.03, 18.83]]}, "properties": {"nationality": "British", "year": 1761}}, {"type": "Feature", "geometry": {"type": "LineString", "coordinates": [[-48.87, 41.27], [-48.3, 40.95]]}, "properties": {"nationality": "British", "year": 1752}}, {"type": "Feature", "geometry": {"type": "LineString", "coordinates": [[6.12, -29.58], [4.63, -27.5]]}, "properties": {"nationality": "British", "year": 1775}}, {"type": "Feature", "geometry": {"type": "LineString", "coordinates": [[3.1, -2.47], [1.28, -3.93]]}, "properties": {"nationality": "British", "year": 1792}}, {"type": "Feature", "geometry": {"type": "LineString", "coordinates": [[-22.75, 46.95], [-19.57, 48.43]]}, "properties": {"nationality": "British", "year": 1777}}, {"type": "Feature", "geometry": {"type": "LineString", "coordinates": [[96.13, 8.85], [97.42, 7.62]]}, "properties": {"nationality": "British", "year": 1804}}, {"type": "Feature", "geometry": {"type": "LineString", "coordinates": [[73.75, -15.57], [71.57, -17.8]]}, "properties": {"nationality": "British", "year": 1805}}, {"type": "Feature", "geometry": {"type": "LineString", "coordinates": [[12.4, -39.48], [17.43, -39.57]]}, "properties": {"nationality": "British", "year": 1796}}, {"type": "Feature", "geometry": {"type": "LineString", "coordinates": [[-35.25, -32.47], [-34.17, -32.82]]}, "properties": {"nationality": "British", "year": 1782}}, {"type": "Feature", "geometry": {"type": "LineString", "coordinates": [[77.77, -6.45], [78.93, -4.07]]}, "properties": {"nationality": "British", "year": 1801}}, {"type": "Feature", "geometry": {"type": "LineString", "coordinates": [[-34.97, 23.07], [-35.87, 24.65]]}, "properties": {"nationality": "British", "year": 1780}}, {"type": "Feature", "geometry": {"type": "LineString", "coordinates": [[151.5, 15.3], [150.25, 15.55]]}, "properties": {"nationality": "British", "year": 1765}}, {"type": "Feature", "geometry": {"type": "LineString", "coordinates": [[-18.52, 49.98], [-15.54, 49.42]]}, "properties": {"nationality": "British", "year": 1781}}, {"type": "Feature", "geometry": {"type": "LineString", "coordinates": [[88.28, -0.32], [88.68, -1.03]]}, "properties": {"nationality": "British", "year": 1774}}, {"type": "Feature", "geometry": {"type": "LineString", "coordinates": [[-39.37, 18.77], [-40.6, 20.25]]}, "properties": {"nationality": "British", "year": 1804}}, {"type": "Feature", "geometry": {"type": "LineString", "coordinates": [[-7.97, 35.2], [-9.2, 34.9]]}, "properties": {"nationality": "British", "year": 1750}}, {"type": "Feature", "geometry": {"type": "LineString", "coordinates": [[72.38, -39.37], [74.67, -38.67]]}, "properties": {"nationality": "British", "year": 1796}}, {"type": "Feature", "geometry": {"type": "LineString", "coordinates": [[96.45, 5.97], [96.2, 5.63]]}, "properties": {"nationality": "British", "year": 1806}}, {"type": "Feature", "geometry": {"type": "LineString", "coordinates": [[-38.33, 37.25], [-39.0, 39.08]]}, "properties": {"nationality": "British", "year": 1797}}, {"type": "Feature", "geometry": {"type": "LineString", "coordinates": [[-12.61, 37.53], [-13.66, 38.07]]}, "properties": {"nationality": "British", "year": 1778}}, {"type": "Feature", "geometry": {"type": "LineString", "coordinates": [[-9.82, 49.05], [-8.56, 48.67]]}, "properties": {"nationality": "British", "year": 1755}}, {"type": "Feature", "geometry": {"type": "LineString", "coordinates": [[-37.87, -22.7], [-41.1, -23.17]]}, "properties": {"nationality": "British", "year": 1806}}, {"type": "Feature", "geometry": {"type": "LineString", "coordinates": [[-16.65, 37.37], [-14.72, 37.63]]}, "properties": {"nationality": "British", "year": 1805}}, {"type": "Feature", "geometry": {"type": "LineString", "coordinates": [[65.43, -37.17], [68.8, -36.92]]}, "properties": {"nationality": "British", "year": 1804}}, {"type": "Feature", "geometry": {"type": "LineString", "coordinates": [[-24.85, -0.12], [-25.89, 2.4]]}, "properties": {"nationality": "British", "year": 1810}}, {"type": "Feature", "geometry": {"type": "LineString", "coordinates": [[105.78, 2.02], [106.02, 1.7]]}, "properties": {"nationality": "British", "year": 1750}}, {"type": "Feature", "geometry": {"type": "LineString", "coordinates": [[-1.52, -28.85], [-4.03, -28.68]]}, "properties": {"nationality": "British", "year": 1801}}, {"type": "Feature", "geometry": {"type": "LineString", "coordinates": [[52.9, 1.15], [53.15, 1.12]]}, "properties": {"nationality": "British", "year": 1752}}, {"type": "Feature", "geometry": {"type": "LineString", "coordinates": [[12.61, -29.85], [11.45, -29.27]]}, "properties": {"nationality": "British", "year": 1814}}, {"type": "Feature", "geometry": {"type": "LineString", "coordinates": [[-44.06, 35.93], [-43.75, 35.58]]}, "properties": {"nationality": "British", "year": 1779}}, {"type": "Feature", "geometry": {"type": "LineString", "coordinates": [[-12.5, -35.88], [-10.43, -36.03]]}, "properties": {"nationality": "British", "year": 1806}}, {"type": "Feature", "geometry": {"type": "LineString", "coordinates": [[92.18, -17.7], [88.8, -17.9]]}, "properties": {"nationality": "British", "year": 1815}}, {"type": "Feature", "geometry": {"type": "LineString", "coordinates": [[-26.7, -1.55], [-27.65, -3.22]]}, "properties": {"nationality": "British", "year": 1792}}, {"type": "Feature", "geometry": {"type": "LineString", "coordinates": [[-6.88, -0.65], [-5.18, -1.15]]}, "properties": {"nationality": "British", "year": 1791}}, {"type": "Feature", "geometry": {"type": "LineString", "coordinates": [[-73.33, 23.77], [-72.18, 25.28]]}, "properties": {"nationality": "British", "year": 1794}}, {"type": "Feature", "geometry": {"type": "LineString", "coordinates": [[-67.53, 36.28], [-68.2, 36.68]]}, "properties": {"nationality": "British", "year": 1783}}, {"type": "Feature", "geometry": {"type": "LineString", "coordinates": [[-16.53, -5.57], [-17.88, -3.72]]}, "properties": {"nationality": "British", "year": 1788}}, {"type": "Feature", "geometry": {"type": "LineString", "coordinates": [[115.2, 15.47], [113.72, 13.08]]}, "properties": {"nationality": "British", "year": 1755}}, {"type": "Feature", "geometry": {"type": "LineString", "coordinates": [[-20.78, 4.47], [-21.25, 5.62]]}, "properties": {"nationality": "British", "year": 1806}}, {"type": "Feature", "geometry": {"type": "LineString", "coordinates": [[-9.5, 49.17], [-9.75, 49.33]]}, "properties": {"nationality": "British", "year": 1767}}, {"type": "Feature", "geometry": {"type": "LineString", "coordinates": [[-38.46, 10.02], [-40.32, 11.68]]}, "properties": {"nationality": "British", "year": 1755}}, {"type": "Feature", "geometry": {"type": "LineString", "coordinates": [[-56.7, 33.88], [-52.58, 32.85]]}, "properties": {"nationality": "British", "year": 1804}}, {"type": "Feature", "geometry": {"type": "LineString", "coordinates": [[-15.67, 33.7], [-16.24, 32.7]]}, "properties": {"nationality": "British", "year": 1768}}, {"type": "Feature", "geometry": {"type": "LineString", "coordinates": [[-58.92, 45.42], [-59.42, 45.75]]}, "properties": {"nationality": "British", "year": 1778}}, {"type": "Feature", "geometry": {"type": "LineString", "coordinates": [[-98.17, 15.23], [-98.27, 15.6]]}, "properties": {"nationality": "British", "year": 1822}}, {"type": "Feature", "geometry": {"type": "LineString", "coordinates": [[79.1, 1.32], [79.22, 1.93]]}, "properties": {"nationality": "British", "year": 1803}}, {"type": "Feature", "geometry": {"type": "LineString", "coordinates": [[-22.37, -13.5], [-23.32, -15.6]]}, "properties": {"nationality": "British", "year": 1754}}, {"type": "Feature", "geometry": {"type": "LineString", "coordinates": [[31.95, -29.8], [29.92, -31.52]]}, "properties": {"nationality": "British", "year": 1796}}, {"type": "Feature", "geometry": {"type": "LineString", "coordinates": [[-16.67, 39.73], [-16.95, 39.95]]}, "properties": {"nationality": "British", "year": 1765}}, {"type": "Feature", "geometry": {"type": "LineString", "coordinates": [[-26.1, 16.08], [-26.07, 14.95]]}, "properties": {"nationality": "British", "year": 1770}}, {"type": "Feature", "geometry": {"type": "LineString", "coordinates": [[-12.77, 37.17], [-13.28, 34.77]]}, "properties": {"nationality": "British", "year": 1761}}, {"type": "Feature", "geometry": {"type": "LineString", "coordinates": [[-64.95, 31.33], [-65.12, 31.4]]}, "properties": {"nationality": "British", "year": 1804}}, {"type": "Feature", "geometry": {"type": "LineString", "coordinates": [[-10.23, 47.13], [-12.67, 44.0]]}, "properties": {"nationality": "British", "year": 1797}}, {"type": "Feature", "geometry": {"type": "LineString", "coordinates": [[24.38, -39.37], [25.23, -38.72]]}, "properties": {"nationality": "British", "year": 1798}}, {"type": "Feature", "geometry": {"type": "LineString", "coordinates": [[-15.83, 49.98], [-17.28, 49.0]]}, "properties": {"nationality": "British", "year": 1757}}, {"type": "Feature", "geometry": {"type": "LineString", "coordinates": [[-19.72, 30.13], [-20.58, 27.23]]}, "properties": {"nationality": "British", "year": 1795}}, {"type": "Feature", "geometry": {"type": "LineString", "coordinates": [[29.63, -36.12], [32.14, -36.08]]}, "properties": {"nationality": "British", "year": 1760}}, {"type": "Feature", "geometry": {"type": "LineString", "coordinates": [[-24.0, -12.07], [-23.88, -14.07]]}, "properties": {"nationality": "British", "year": 1805}}, {"type": "Feature", "geometry": {"type": "LineString", "coordinates": [[10.73, -34.07], [12.03, -33.72]]}, "properties": {"nationality": "British", "year": 1798}}, {"type": "Feature", "geometry": {"type": "LineString", "coordinates": [[4.63, -23.22], [2.75, -21.8]]}, "properties": {"nationality": "British", "year": 1807}}, {"type": "Feature", "geometry": {"type": "LineString", "coordinates": [[-39.18, 43.83], [-41.88, 45.12]]}, "properties": {"nationality": "British", "year": 1796}}, {"type": "Feature", "geometry": {"type": "LineString", "coordinates": [[-30.8, 13.02], [-31.4, 14.5]]}, "properties": {"nationality": "British", "year": 1768}}, {"type": "Feature", "geometry": {"type": "LineString", "coordinates": [[-32.58, 27.78], [-31.68, 27.12]]}, "properties": {"nationality": "British", "year": 1804}}, {"type": "Feature", "geometry": {"type": "LineString", "coordinates": [[-20.98, 29.4], [-21.63, 27.75]]}, "properties": {"nationality": "British", "year": 1779}}, {"type": "Feature", "geometry": {"type": "LineString", "coordinates": [[1.45, -22.17], [0.07, -20.63]]}, "properties": {"nationality": "British", "year": 1805}}, {"type": "Feature", "geometry": {"type": "LineString", "coordinates": [[30.12, -34.68], [29.63, -35.85]]}, "properties": {"nationality": "British", "year": 1755}}, {"type": "Feature", "geometry": {"type": "LineString", "coordinates": [[-19.33, -7.12], [-19.52, -9.22]]}, "properties": {"nationality": "British", "year": 1796}}, {"type": "Feature", "geometry": {"type": "LineString", "coordinates": [[-71.56, 36.87], [-71.78, 37.4]]}, "properties": {"nationality": "British", "year": 1761}}, {"type": "Feature", "geometry": {"type": "LineString", "coordinates": [[-26.22, -16.9], [-26.8, -19.67]]}, "properties": {"nationality": "British", "year": 1787}}, {"type": "Feature", "geometry": {"type": "LineString", "coordinates": [[-90.75, 12.13], [-91.75, 12.48]]}, "properties": {"nationality": "British", "year": 1822}}, {"type": "Feature", "geometry": {"type": "LineString", "coordinates": [[80.15, -16.53], [77.87, -17.53]]}, "properties": {"nationality": "British", "year": 1765}}, {"type": "Feature", "geometry": {"type": "LineString", "coordinates": [[-64.78, 27.05], [-61.82, 27.65]]}, "properties": {"nationality": "British", "year": 1772}}, {"type": "Feature", "geometry": {"type": "LineString", "coordinates": [[-27.99, 11.05], [-29.55, 11.98]]}, "properties": {"nationality": "British", "year": 1764}}, {"type": "Feature", "geometry": {"type": "LineString", "coordinates": [[-25.69, 5.5], [-27.95, 7.25]]}, "properties": {"nationality": "British", "year": 1757}}, {"type": "Feature", "geometry": {"type": "LineString", "coordinates": [[-13.55, 39.87], [-14.85, 39.95]]}, "properties": {"nationality": "British", "year": 1799}}, {"type": "Feature", "geometry": {"type": "LineString", "coordinates": [[-22.82, -31.73], [-23.52, -32.6]]}, "properties": {"nationality": "British", "year": 1772}}, {"type": "Feature", "geometry": {"type": "LineString", "coordinates": [[56.52, -10.75], [56.2, -11.95]]}, "properties": {"nationality": "British", "year": 1812}}, {"type": "Feature", "geometry": {"type": "LineString", "coordinates": [[-29.82, -4.88], [-30.39, -6.3]]}, "properties": {"nationality": "British", "year": 1767}}, {"type": "Feature", "geometry": {"type": "LineString", "coordinates": [[-47.62, 18.42], [-49.48, 18.13]]}, "properties": {"nationality": "British", "year": 1759}}, {"type": "Feature", "geometry": {"type": "LineString", "coordinates": [[-60.17, 28.08], [-59.25, 29.73]]}, "properties": {"nationality": "British", "year": 1790}}, {"type": "Feature", "geometry": {"type": "LineString", "coordinates": [[-20.97, 9.47], [-20.32, 7.92]]}, "properties": {"nationality": "British", "year": 1813}}, {"type": "Feature", "geometry": {"type": "LineString", "coordinates": [[-44.25, -34.25], [-44.02, -35.77]]}, "properties": {"nationality": "British", "year": 1768}}, {"type": "Feature", "geometry": {"type": "LineString", "coordinates": [[-72.27, 40.7], [-72.07, 40.93]]}, "properties": {"nationality": "British", "year": 1776}}, {"type": "Feature", "geometry": {"type": "LineString", "coordinates": [[32.92, -35.13], [35.27, -34.67]]}, "properties": {"nationality": "British", "year": 1812}}, {"type": "Feature", "geometry": {"type": "LineString", "coordinates": [[-60.95, 19.33], [-59.2, 21.22]]}, "properties": {"nationality": "British", "year": 1783}}, {"type": "Feature", "geometry": {"type": "LineString", "coordinates": [[-66.68, 35.52], [-64.47, 36.82]]}, "properties": {"nationality": "British", "year": 1799}}, {"type": "Feature", "geometry": {"type": "LineString", "coordinates": [[73.41, -17.25], [71.38, -19.0]]}, "properties": {"nationality": "British", "year": 1753}}, {"type": "Feature", "geometry": {"type": "LineString", "coordinates": [[-62.82, 27.92], [-62.7, 28.18]]}, "properties": {"nationality": "British", "year": 1776}}, {"type": "Feature", "geometry": {"type": "LineString", "coordinates": [[-52.6, 33.17], [-49.37, 33.98]]}, "properties": {"nationality": "British", "year": 1762}}, {"type": "Feature", "geometry": {"type": "LineString", "coordinates": [[54.83, 1.35], [56.62, 2.88]]}, "properties": {"nationality": "British", "year": 1815}}, {"type": "Feature", "geometry": {"type": "LineString", "coordinates": [[-41.58, 15.52], [-42.55, 15.22]]}, "properties": {"nationality": "British", "year": 1801}}, {"type": "Feature", "geometry": {"type": "LineString", "coordinates": [[-21.68, 8.5], [-20.97, 8.12]]}, "properties": {"nationality": "British", "year": 1803}}, {"type": "Feature", "geometry": {"type": "LineString", "coordinates": [[-60.25, 28.73], [-59.8, 29.73]]}, "properties": {"nationality": "British", "year": 1759}}, {"type": "Feature", "geometry": {"type": "LineString", "coordinates": [[23.1, -34.92], [22.53, -34.67]]}, "properties": {"nationality": "British", "year": 1791}}, {"type": "Feature", "geometry": {"type": "LineString", "coordinates": [[-27.73, -19.42], [-27.3, -20.15]]}, "properties": {"nationality": "British", "year": 1777}}, {"type": "Feature", "geometry": {"type": "LineString", "coordinates": [[-25.4, 14.02], [-26.49, 15.63]]}, "properties": {"nationality": "British", "year": 1752}}, {"type": "Feature", "geometry": {"type": "LineString", "coordinates": [[-79.61, 26.43], [-79.67, 29.25]]}, "properties": {"nationality": "British", "year": 1786}}, {"type": "Feature", "geometry": {"type": "LineString", "coordinates": [[-29.79, 11.17], [-30.89, 12.8]]}, "properties": {"nationality": "British", "year": 1751}}, {"type": "Feature", "geometry": {"type": "LineString", "coordinates": [[83.88, -4.25], [83.88, -2.57]]}, "properties": {"nationality": "British", "year": 1809}}, {"type": "Feature", "geometry": {"type": "LineString", "coordinates": [[5.77, -17.82], [4.3, -16.42]]}, "properties": {"nationality": "British", "year": 1751}}, {"type": "Feature", "geometry": {"type": "LineString", "coordinates": [[-20.42, 3.92], [-22.33, 2.82]]}, "properties": {"nationality": "British", "year": 1809}}, {"type": "Feature", "geometry": {"type": "LineString", "coordinates": [[-25.17, -27.88], [-25.6, -27.92]]}, "properties": {"nationality": "British", "year": 1797}}, {"type": "Feature", "geometry": {"type": "LineString", "coordinates": [[2.47, -16.03], [1.02, -16.1]]}, "properties": {"nationality": "British", "year": 1750}}, {"type": "Feature", "geometry": {"type": "LineString", "coordinates": [[-28.32, 39.05], [-28.32, 39.4]]}, "properties": {"nationality": "British", "year": 1778}}, {"type": "Feature", "geometry": {"type": "LineString", "coordinates": [[49.53, -29.0], [46.88, -29.52]]}, "properties": {"nationality": "British", "year": 1771}}, {"type": "Feature", "geometry": {"type": "LineString", "coordinates": [[67.53, -35.9], [68.67, -34.1]]}, "properties": {"nationality": "British", "year": 1761}}, {"type": "Feature", "geometry": {"type": "LineString", "coordinates": [[-60.59, 30.71], [-60.81, 31.47]]}, "properties": {"nationality": "British", "year": 1769}}, {"type": "Feature", "geometry": {"type": "LineString", "coordinates": [[-22.98, 46.08], [-20.26, 46.88]]}, "properties": {"nationality": "British", "year": 1765}}, {"type": "Feature", "geometry": {"type": "LineString", "coordinates": [[-15.05, 51.82], [-16.33, 52.67]]}, "properties": {"nationality": "British", "year": 1765}}, {"type": "Feature", "geometry": {"type": "LineString", "coordinates": [[-176.68, -43.22], [-177.52, -44.42]]}, "properties": {"nationality": "British", "year": 1774}}, {"type": "Feature", "geometry": {"type": "LineString", "coordinates": [[-16.15, 31.38], [-16.57, 29.78]]}, "properties": {"nationality": "British", "year": 1774}}, {"type": "Feature", "geometry": {"type": "LineString", "coordinates": [[-38.67, 45.43], [-39.07, 45.02]]}, "properties": {"nationality": "British", "year": 1775}}, {"type": "Feature", "geometry": {"type": "LineString", "coordinates": [[-29.73, -11.23], [-30.24, -12.43]]}, "properties": {"nationality": "British", "year": 1756}}, {"type": "Feature", "geometry": {"type": "LineString", "coordinates": [[-47.32, 47.25], [-50.33, 47.98]]}, "properties": {"nationality": "British", "year": 1769}}, {"type": "Feature", "geometry": {"type": "LineString", "coordinates": [[61.87, -22.82], [59.6, -24.0]]}, "properties": {"nationality": "British", "year": 1790}}, {"type": "Feature", "geometry": {"type": "LineString", "coordinates": [[38.0, -25.78], [38.45, -23.92]]}, "properties": {"nationality": "British", "year": 1762}}, {"type": "Feature", "geometry": {"type": "LineString", "coordinates": [[-37.8, 24.75], [-38.93, 26.08]]}, "properties": {"nationality": "British", "year": 1752}}, {"type": "Feature", "geometry": {"type": "LineString", "coordinates": [[-29.8, 36.42], [-30.35, 37.48]]}, "properties": {"nationality": "British", "year": 1787}}, {"type": "Feature", "geometry": {"type": "LineString", "coordinates": [[-11.17, -28.67], [-8.9, -28.97]]}, "properties": {"nationality": "British", "year": 1816}}, {"type": "Feature", "geometry": {"type": "LineString", "coordinates": [[-34.7, 33.0], [-34.7, 33.62]]}, "properties": {"nationality": "British", "year": 1764}}, {"type": "Feature", "geometry": {"type": "LineString", "coordinates": [[-23.45, 9.47], [-23.82, 10.1]]}, "properties": {"nationality": "British", "year": 1771}}, {"type": "Feature", "geometry": {"type": "LineString", "coordinates": [[85.22, -17.68], [82.6, -18.23]]}, "properties": {"nationality": "British", "year": 1758}}, {"type": "Feature", "geometry": {"type": "LineString", "coordinates": [[-21.55, -31.45], [-18.0, -31.68]]}, "properties": {"nationality": "British", "year": 1814}}, {"type": "Feature", "geometry": {"type": "LineString", "coordinates": [[67.03, -20.3], [66.33, -20.58]]}, "properties": {"nationality": "British", "year": 1786}}, {"type": "Feature", "geometry": {"type": "LineString", "coordinates": [[-19.48, 33.18], [-19.68, 31.83]]}, "properties": {"nationality": "British", "year": 1762}}, {"type": "Feature", "geometry": {"type": "LineString", "coordinates": [[-38.43, -31.25], [-41.35, -31.88]]}, "properties": {"nationality": "British", "year": 1797}}, {"type": "Feature", "geometry": {"type": "LineString", "coordinates": [[-8.81, 50.42], [-8.7, 50.62]]}, "properties": {"nationality": "British", "year": 1760}}, {"type": "Feature", "geometry": {"type": "LineString", "coordinates": [[-7.48, 49.5], [-7.37, 49.05]]}, "properties": {"nationality": "British", "year": 1776}}, {"type": "Feature", "geometry": {"type": "LineString", "coordinates": [[-6.87, 47.4], [-6.87, 47.48]]}, "properties": {"nationality": "British", "year": 1778}}, {"type": "Feature", "geometry": {"type": "LineString", "coordinates": [[-29.28, -20.25], [-30.98, -20.17]]}, "properties": {"nationality": "British", "year": 1800}}, {"type": "Feature", "geometry": {"type": "LineString", "coordinates": [[56.45, 4.53], [58.65, 4.97]]}, "properties": {"nationality": "British", "year": 1780}}, {"type": "Feature", "geometry": {"type": "LineString", "coordinates": [[22.08, -38.7], [22.42, -38.42]]}, "properties": {"nationality": "British", "year": 1793}}, {"type": "Feature", "geometry": {"type": "LineString", "coordinates": [[-34.9, 41.38], [-33.73, 41.83]]}, "properties": {"nationality": "British", "year": 1750}}, {"type": "Feature", "geometry": {"type": "LineString", "coordinates": [[-41.7, 32.83], [-45.9, 33.13]]}, "properties": {"nationality": "British", "year": 1804}}, {"type": "Feature", "geometry": {"type": "LineString", "coordinates": [[-17.3, 33.13], [-18.38, 31.55]]}, "properties": {"nationality": "British", "year": 1794}}, {"type": "Feature", "geometry": {"type": "LineString", "coordinates": [[53.35, -38.57], [57.32, -38.13]]}, "properties": {"nationality": "British", "year": 1806}}, {"type": "Feature", "geometry": {"type": "LineString", "coordinates": [[103.78, -20.5], [104.12, -19.65]]}, "properties": {"nationality": "British", "year": 1785}}, {"type": "Feature", "geometry": {"type": "LineString", "coordinates": [[-12.83, 41.43], [-10.79, 39.85]]}, "properties": {"nationality": "British", "year": 1757}}, {"type": "Feature", "geometry": {"type": "LineString", "coordinates": [[-21.6, 7.17], [-22.33, 8.33]]}, "properties": {"nationality": "British", "year": 1797}}, {"type": "Feature", "geometry": {"type": "LineString", "coordinates": [[83.63, 14.88], [85.35, 14.97]]}, "properties": {"nationality": "British", "year": 1807}}, {"type": "Feature", "geometry": {"type": "LineString", "coordinates": [[-19.72, 46.55], [-17.33, 48.0]]}, "properties": {"nationality": "British", "year": 1798}}, {"type": "Feature", "geometry": {"type": "LineString", "coordinates": [[82.78, 11.45], [82.93, 10.6]]}, "properties": {"nationality": "British", "year": 1760}}, {"type": "Feature", "geometry": {"type": "LineString", "coordinates": [[93.97, -12.25], [91.52, -13.3]]}, "properties": {"nationality": "British", "year": 1784}}, {"type": "Feature", "geometry": {"type": "LineString", "coordinates": [[-67.43, 42.5], [-69.28, 43.42]]}, "properties": {"nationality": "British", "year": 1773}}, {"type": "Feature", "geometry": {"type": "LineString", "coordinates": [[-22.73, 36.1], [-21.8, 36.98]]}, "properties": {"nationality": "British", "year": 1774}}, {"type": "Feature", "geometry": {"type": "LineString", "coordinates": [[11.02, -37.05], [12.03, -38.0]]}, "properties": {"nationality": "British", "year": 1762}}, {"type": "Feature", "geometry": {"type": "LineString", "coordinates": [[-32.2, 18.82], [-33.57, 18.15]]}, "properties": {"nationality": "British", "year": 1805}}, {"type": "Feature", "geometry": {"type": "LineString", "coordinates": [[-34.73, -18.98], [-35.48, -19.63]]}, "properties": {"nationality": "British", "year": 1776}}, {"type": "Feature", "geometry": {"type": "LineString", "coordinates": [[69.44, 17.32], [71.13, 16.7]]}, "properties": {"nationality": "British", "year": 1803}}, {"type": "Feature", "geometry": {"type": "LineString", "coordinates": [[3.68, -1.08], [2.73, -1.28]]}, "properties": {"nationality": "British", "year": 1776}}, {"type": "Feature", "geometry": {"type": "LineString", "coordinates": [[-11.97, 43.73], [-11.32, 44.18]]}, "properties": {"nationality": "British", "year": 1750}}, {"type": "Feature", "geometry": {"type": "LineString", "coordinates": [[-36.97, 29.33], [-36.97, 30.33]]}, "properties": {"nationality": "British", "year": 1816}}, {"type": "Feature", "geometry": {"type": "LineString", "coordinates": [[22.08, -35.13], [20.15, -35.23]]}, "properties": {"nationality": "British", "year": 1828}}, {"type": "Feature", "geometry": {"type": "LineString", "coordinates": [[93.9, 4.15], [94.5, 6.15]]}, "properties": {"nationality": "British", "year": 1825}}, {"type": "Feature", "geometry": {"type": "LineString", "coordinates": [[-25.52, 27.5], [-28.57, 26.57]]}, "properties": {"nationality": "British", "year": 1774}}, {"type": "Feature", "geometry": {"type": "LineString", "coordinates": [[46.6, -35.98], [47.97, -36.35]]}, "properties": {"nationality": "British", "year": 1805}}, {"type": "Feature", "geometry": {"type": "LineString", "coordinates": [[38.13, -37.47], [41.25, -37.88]]}, "properties": {"nationality": "British", "year": 1828}}, {"type": "Feature", "geometry": {"type": "LineString", "coordinates": [[14.08, -32.15], [12.85, -30.78]]}, "properties": {"nationality": "British", "year": 1797}}, {"type": "Feature", "geometry": {"type": "LineString", "coordinates": [[-18.94, 29.7], [-19.7, 27.73]]}, "properties": {"nationality": "British", "year": 1767}}, {"type": "Feature", "geometry": {"type": "LineString", "coordinates": [[-52.97, 13.27], [-56.0, 13.33]]}, "properties": {"nationality": "British", "year": 1794}}, {"type": "Feature", "geometry": {"type": "LineString", "coordinates": [[-7.83, -27.13], [-6.88, -26.27]]}, "properties": {"nationality": "British", "year": 1763}}, {"type": "Feature", "geometry": {"type": "LineString", "coordinates": [[-14.92, 42.32], [-16.07, 40.88]]}, "properties": {"nationality": "British", "year": 1762}}, {"type": "Feature", "geometry": {"type": "LineString", "coordinates": [[-6.17, 49.47], [-6.15, 48.12]]}, "properties": {"nationality": "British", "year": 1814}}, {"type": "Feature", "geometry": {"type": "LineString", "coordinates": [[-12.22, 45.33], [-11.27, 44.72]]}, "properties": {"nationality": "British", "year": 1757}}, {"type": "Feature", "geometry": {"type": "LineString", "coordinates": [[-21.53, 19.88], [-23.17, 18.45]]}, "properties": {"nationality": "British", "year": 1827}}, {"type": "Feature", "geometry": {"type": "LineString", "coordinates": [[-79.67, 32.42], [-79.61, 32.57]]}, "properties": {"nationality": "British", "year": 1778}}, {"type": "Feature", "geometry": {"type": "LineString", "coordinates": [[34.45, -33.77], [35.85, -32.52]]}, "properties": {"nationality": "British", "year": 1797}}, {"type": "Feature", "geometry": {"type": "LineString", "coordinates": [[-24.88, -27.95], [-23.62, -28.88]]}, "properties": {"nationality": "British", "year": 1785}}, {"type": "Feature", "geometry": {"type": "LineString", "coordinates": [[-22.23, -33.92], [-18.6, -35.08]]}, "properties": {"nationality": "British", "year": 1809}}, {"type": "Feature", "geometry": {"type": "LineString", "coordinates": [[24.82, -34.88], [22.3, -35.82]]}, "properties": {"nationality": "British", "year": 1763}}, {"type": "Feature", "geometry": {"type": "LineString", "coordinates": [[-20.67, 4.47], [-21.88, 3.93]]}, "properties": {"nationality": "British", "year": 1788}}, {"type": "Feature", "geometry": {"type": "LineString", "coordinates": [[-23.35, 57.17], [-23.56, 56.82]]}, "properties": {"nationality": "British", "year": 1765}}, {"type": "Feature", "geometry": {"type": "LineString", "coordinates": [[-71.28, 38.87], [-71.33, 39.08]]}, "properties": {"nationality": "British", "year": 1776}}, {"type": "Feature", "geometry": {"type": "LineString", "coordinates": [[-23.43, 7.77], [-23.25, 7.52]]}, "properties": {"nationality": "British", "year": 1804}}, {"type": "Feature", "geometry": {"type": "LineString", "coordinates": [[1.16, -36.83], [1.93, -36.5]]}, "properties": {"nationality": "British", "year": 1760}}, {"type": "Feature", "geometry": {"type": "LineString", "coordinates": [[-8.15, 48.78], [-9.73, 47.8]]}, "properties": {"nationality": "British", "year": 1788}}, {"type": "Feature", "geometry": {"type": "LineString", "coordinates": [[92.84, 3.13], [93.54, 2.98]]}, "properties": {"nationality": "British", "year": 1759}}, {"type": "Feature", "geometry": {"type": "LineString", "coordinates": [[-82.9, 23.72], [-80.92, 24.4]]}, "properties": {"nationality": "British", "year": 1821}}, {"type": "Feature", "geometry": {"type": "LineString", "coordinates": [[1.75, 0.68], [0.94, 0.57]]}, "properties": {"nationality": "British", "year": 1760}}, {"type": "Feature", "geometry": {"type": "LineString", "coordinates": [[-9.03, 50.18], [-8.97, 48.53]]}, "properties": {"nationality": "British", "year": 1753}}, {"type": "Feature", "geometry": {"type": "LineString", "coordinates": [[-139.13, 58.38], [-139.05, 58.53]]}, "properties": {"nationality": "British", "year": 1786}}, {"type": "Feature", "geometry": {"type": "LineString", "coordinates": [[-11.3, 47.67], [-12.5, 45.37]]}, "properties": {"nationality": "British", "year": 1798}}, {"type": "Feature", "geometry": {"type": "LineString", "coordinates": [[-26.42, -27.52], [-25.72, -28.77]]}, "properties": {"nationality": "British", "year": 1793}}, {"type": "Feature", "geometry": {"type": "LineString", "coordinates": [[-23.05, 2.82], [-24.52, 1.62]]}, "properties": {"nationality": "British", "year": 1792}}, {"type": "Feature", "geometry": {"type": "LineString", "coordinates": [[25.62, -36.4], [27.68, -36.4]]}, "properties": {"nationality": "British", "year": 1783}}, {"type": "Feature", "geometry": {"type": "LineString", "coordinates": [[0.12, -16.1], [-2.04, -16.13]]}, "properties": {"nationality": "British", "year": 1765}}, {"type": "Feature", "geometry": {"type": "LineString", "coordinates": [[51.05, -27.32], [49.5, -28.07]]}, "properties": {"nationality": "British", "year": 1788}}, {"type": "Feature", "geometry": {"type": "LineString", "coordinates": [[9.18, -7.73], [9.84, -8.15]]}, "properties": {"nationality": "British", "year": 1796}}, {"type": "Feature", "geometry": {"type": "LineString", "coordinates": [[101.59, -12.82], [100.41, -13.18]]}, "properties": {"nationality": "British", "year": 1768}}, {"type": "Feature", "geometry": {"type": "LineString", "coordinates": [[45.46, -12.2], [45.84, -10.62]]}, "properties": {"nationality": "British", "year": 1797}}, {"type": "Feature", "geometry": {"type": "LineString", "coordinates": [[-59.08, 20.17], [-58.08, 18.52]]}, "properties": {"nationality": "British", "year": 1754}}, {"type": "Feature", "geometry": {"type": "LineString", "coordinates": [[-29.7, 38.78], [-27.02, 41.27]]}, "properties": {"nationality": "British", "year": 1790}}, {"type": "Feature", "geometry": {"type": "LineString", "coordinates": [[67.63, 17.65], [69.15, 18.17]]}, "properties": {"nationality": "British", "year": 1802}}, {"type": "Feature", "geometry": {"type": "LineString", "coordinates": [[-20.75, 0.45], [-21.33, -1.73]]}, "properties": {"nationality": "British", "year": 1813}}, {"type": "Feature", "geometry": {"type": "LineString", "coordinates": [[1.27, -27.63], [1.22, -27.78]]}, "properties": {"nationality": "British", "year": 1773}}, {"type": "Feature", "geometry": {"type": "LineString", "coordinates": [[-8.58, 44.73], [-7.25, 44.15]]}, "properties": {"nationality": "British", "year": 1800}}, {"type": "Feature", "geometry": {"type": "LineString", "coordinates": [[-1.87, -33.85], [1.38, -34.87]]}, "properties": {"nationality": "British", "year": 1814}}, {"type": "Feature", "geometry": {"type": "LineString", "coordinates": [[40.0, -31.07], [36.08, -32.03]]}, "properties": {"nationality": "British", "year": 1824}}, {"type": "Feature", "geometry": {"type": "LineString", "coordinates": [[101.82, -9.13], [99.43, -9.87]]}, "properties": {"nationality": "British", "year": 1798}}, {"type": "Feature", "geometry": {"type": "LineString", "coordinates": [[50.13, -26.67], [47.18, -28.12]]}, "properties": {"nationality": "British", "year": 1783}}, {"type": "Feature", "geometry": {"type": "LineString", "coordinates": [[-39.16, 19.78], [-40.26, 19.28]]}, "properties": {"nationality": "British", "year": 1756}}, {"type": "Feature", "geometry": {"type": "LineString", "coordinates": [[-0.99, -23.4], [-1.17, -20.97]]}, "properties": {"nationality": "British", "year": 1777}}, {"type": "Feature", "geometry": {"type": "LineString", "coordinates": [[-48.47, 14.28], [-50.62, 13.55]]}, "properties": {"nationality": "British", "year": 1778}}, {"type": "Feature", "geometry": {"type": "LineString", "coordinates": [[-1.75, -30.12], [-0.82, -31.33]]}, "properties": {"nationality": "British", "year": 1795}}, {"type": "Feature", "geometry": {"type": "LineString", "coordinates": [[-24.98, 18.17], [-25.97, 16.38]]}, "properties": {"nationality": "British", "year": 1802}}, {"type": "Feature", "geometry": {"type": "LineString", "coordinates": [[85.98, -5.75], [85.05, -6.97]]}, "properties": {"nationality": "British", "year": 1771}}, {"type": "Feature", "geometry": {"type": "LineString", "coordinates": [[-11.88, -9.33], [-12.92, -8.15]]}, "properties": {"nationality": "British", "year": 1752}}, {"type": "Feature", "geometry": {"type": "LineString", "coordinates": [[23.03, -34.7], [22.52, -34.57]]}, "properties": {"nationality": "British", "year": 1802}}, {"type": "Feature", "geometry": {"type": "LineString", "coordinates": [[-18.62, 1.63], [-18.23, 1.03]]}, "properties": {"nationality": "British", "year": 1794}}, {"type": "Feature", "geometry": {"type": "LineString", "coordinates": [[-22.7, 44.72], [-20.85, 45.23]]}, "properties": {"nationality": "British", "year": 1763}}, {"type": "Feature", "geometry": {"type": "LineString", "coordinates": [[-33.58, 16.77], [-34.52, 18.73]]}, "properties": {"nationality": "British", "year": 1800}}, {"type": "Feature", "geometry": {"type": "LineString", "coordinates": [[-67.32, 36.57], [-68.31, 36.37]]}, "properties": {"nationality": "British", "year": 1755}}, {"type": "Feature", "geometry": {"type": "LineString", "coordinates": [[-34.85, 46.77], [-37.43, 47.07]]}, "properties": {"nationality": "British", "year": 1774}}, {"type": "Feature", "geometry": {"type": "LineString", "coordinates": [[52.15, -27.23], [51.63, -26.42]]}, "properties": {"nationality": "British", "year": 1800}}, {"type": "Feature", "geometry": {"type": "LineString", "coordinates": [[11.75, -28.75], [8.52, -26.58]]}, "properties": {"nationality": "British", "year": 1802}}, {"type": "Feature", "geometry": {"type": "LineString", "coordinates": [[-7.27, 49.53], [-6.5, 49.97]]}, "properties": {"nationality": "British", "year": 1780}}, {"type": "Feature", "geometry": {"type": "LineString", "coordinates": [[91.85, 11.0], [93.9, 10.92]]}, "properties": {"nationality": "British", "year": 1801}}, {"type": "Feature", "geometry": {"type": "LineString", "coordinates": [[-43.13, 15.97], [-45.73, 14.48]]}, "properties": {"nationality": "British", "year": 1763}}, {"type": "Feature", "geometry": {"type": "LineString", "coordinates": [[1.88, -22.02], [0.3, -20.63]]}, "properties": {"nationality": "British", "year": 1806}}, {"type": "Feature", "geometry": {"type": "LineString", "coordinates": [[-22.73, 0.43], [-23.37, -0.6]]}, "properties": {"nationality": "British", "year": 1828}}, {"type": "Feature", "geometry": {"type": "LineString", "coordinates": [[-54.34, 34.45], [-54.89, 35.0]]}, "properties": {"nationality": "British", "year": 1778}}, {"type": "Feature", "geometry": {"type": "LineString", "coordinates": [[10.33, -26.72], [7.7, -25.02]]}, "properties": {"nationality": "British", "year": 1796}}, {"type": "Feature", "geometry": {"type": "LineString", "coordinates": [[-41.12, 33.08], [-41.05, 34.3]]}, "properties": {"nationality": "British", "year": 1796}}, {"type": "Feature", "geometry": {"type": "LineString", "coordinates": [[-36.97, 58.03], [-39.87, 58.4]]}, "properties": {"nationality": "British", "year": 1780}}, {"type": "Feature", "geometry": {"type": "LineString", "coordinates": [[-13.02, 49.6], [-9.28, 49.6]]}, "properties": {"nationality": "British", "year": 1802}}, {"type": "Feature", "geometry": {"type": "LineString", "coordinates": [[-55.87, 45.9], [-56.47, 45.32]]}, "properties": {"nationality": "British", "year": 1756}}, {"type": "Feature", "geometry": {"type": "LineString", "coordinates": [[-34.35, -11.3], [-34.98, -12.05]]}, "properties": {"nationality": "British", "year": 1769}}, {"type": "Feature", "geometry": {"type": "LineString", "coordinates": [[-84.03, 23.15], [-83.4, 23.72]]}, "properties": {"nationality": "British", "year": 1795}}, {"type": "Feature", "geometry": {"type": "LineString", "coordinates": [[-9.78, 48.07], [-9.47, 48.0]]}, "properties": {"nationality": "British", "year": 1796}}, {"type": "Feature", "geometry": {"type": "LineString", "coordinates": [[-31.37, 39.97], [-29.23, 40.2]]}, "properties": {"nationality": "British", "year": 1805}}, {"type": "Feature", "geometry": {"type": "LineString", "coordinates": [[-42.65, 42.52], [-38.87, 43.67]]}, "properties": {"nationality": "British", "year": 1769}}, {"type": "Feature", "geometry": {"type": "LineString", "coordinates": [[-34.0, 2.07], [-34.65, 2.78]]}, "properties": {"nationality": "British", "year": 1781}}, {"type": "Feature", "geometry": {"type": "LineString", "coordinates": [[45.02, -4.97], [46.43, -3.23]]}, "properties": {"nationality": "British", "year": 1752}}, {"type": "Feature", "geometry": {"type": "LineString", "coordinates": [[82.22, -15.25], [81.68, -16.22]]}, "properties": {"nationality": "British", "year": 1780}}, {"type": "Feature", "geometry": {"type": "LineString", "coordinates": [[81.42, 3.88], [82.2, 7.08]]}, "properties": {"nationality": "British", "year": 1793}}, {"type": "Feature", "geometry": {"type": "LineString", "coordinates": [[61.8, -40.17], [64.87, -39.22]]}, "properties": {"nationality": "British", "year": 1798}}, {"type": "Feature", "geometry": {"type": "LineString", "coordinates": [[-120.33, 8.33], [-121.67, 8.88]]}, "properties": {"nationality": "British", "year": 1786}}, {"type": "Feature", "geometry": {"type": "LineString", "coordinates": [[-129.47, -25.35], [-129.87, -25.35]]}, "properties": {"nationality": "British", "year": 1769}}, {"type": "Feature", "geometry": {"type": "LineString", "coordinates": [[-36.2, 43.68], [-33.93, 43.62]]}, "properties": {"nationality": "British", "year": 1802}}, {"type": "Feature", "geometry": {"type": "LineString", "coordinates": [[32.55, -32.75], [30.21, -33.22]]}, "properties": {"nationality": "British", "year": 1766}}, {"type": "Feature", "geometry": {"type": "LineString", "coordinates": [[-15.03, 37.15], [-15.6, 35.02]]}, "properties": {"nationality": "British", "year": 1798}}, {"type": "Feature", "geometry": {"type": "LineString", "coordinates": [[86.7, -4.77], [87.62, -3.87]]}, "properties": {"nationality": "British", "year": 1769}}, {"type": "Feature", "geometry": {"type": "LineString", "coordinates": [[-38.34, 43.05], [-36.5, 44.02]]}, "properties": {"nationality": "British", "year": 1777}}, {"type": "Feature", "geometry": {"type": "LineString", "coordinates": [[-20.63, 2.17], [-19.93, 1.45]]}, "properties": {"nationality": "British", "year": 1784}}, {"type": "Feature", "geometry": {"type": "LineString", "coordinates": [[-10.0, -33.2], [-8.23, -33.58]]}, "properties": {"nationality": "British", "year": 1777}}, {"type": "Feature", "geometry": {"type": "LineString", "coordinates": [[-21.42, 48.32], [-20.67, 49.57]]}, "properties": {"nationality": "British", "year": 1779}}, {"type": "Feature", "geometry": {"type": "LineString", "coordinates": [[-10.9, 46.95], [-10.72, 47.5]]}, "properties": {"nationality": "British", "year": 1782}}, {"type": "Feature", "geometry": {"type": "LineString", "coordinates": [[-14.97, 32.92], [-15.37, 32.88]]}, "properties": {"nationality": "British", "year": 1767}}, {"type": "Feature", "geometry": {"type": "LineString", "coordinates": [[-43.85, -28.02], [-44.15, -28.17]]}, "properties": {"nationality": "British", "year": 1806}}, {"type": "Feature", "geometry": {"type": "LineString", "coordinates": [[-24.22, 46.4], [-19.57, 47.38]]}, "properties": {"nationality": "British", "year": 1802}}, {"type": "Feature", "geometry": {"type": "LineString", "coordinates": [[-27.0, 42.72], [-24.37, 43.8]]}, "properties": {"nationality": "British", "year": 1820}}, {"type": "Feature", "geometry": {"type": "LineString", "coordinates": [[57.22, -15.8], [57.22, -13.83]]}, "properties": {"nationality": "British", "year": 1793}}, {"type": "Feature", "geometry": {"type": "LineString", "coordinates": [[-16.65, 39.55], [-16.65, 38.38]]}, "properties": {"nationality": "British", "year": 1787}}, {"type": "Feature", "geometry": {"type": "LineString", "coordinates": [[-35.85, 44.3], [-33.58, 45.3]]}, "properties": {"nationality": "British", "year": 1797}}, {"type": "Feature", "geometry": {"type": "LineString", "coordinates": [[-16.49, 39.68], [-7.74, 36.25]]}, "properties": {"nationality": "British", "year": 1762}}, {"type": "Feature", "geometry": {"type": "LineString", "coordinates": [[87.48, -10.28], [86.66, -10.93]]}, "properties": {"nationality": "British", "year": 1762}}, {"type": "Feature", "geometry": {"type": "LineString", "coordinates": [[56.19, -28.77], [53.51, -29.62]]}, "properties": {"nationality": "British", "year": 1772}}, {"type": "Feature", "geometry": {"type": "LineString", "coordinates": [[-35.4, 39.6], [-33.37, 41.22]]}, "properties": {"nationality": "British", "year": 1807}}, {"type": "Feature", "geometry": {"type": "LineString", "coordinates": [[-19.55, 50.07], [-18.05, 50.07]]}, "properties": {"nationality": "British", "year": 1801}}, {"type": "Feature", "geometry": {"type": "LineString", "coordinates": [[-8.68, -12.2], [-9.58, -11.2]]}, "properties": {"nationality": "British", "year": 1765}}, {"type": "Feature", "geometry": {"type": "LineString", "coordinates": [[-71.13, 37.15], [-69.47, 36.83]]}, "properties": {"nationality": "British", "year": 1808}}, {"type": "Feature", "geometry": {"type": "LineString", "coordinates": [[-19.9, 27.97], [-21.38, 25.67]]}, "properties": {"nationality": "British", "year": 1805}}, {"type": "Feature", "geometry": {"type": "LineString", "coordinates": [[32.72, -32.53], [29.57, -33.67]]}, "properties": {"nationality": "British", "year": 1784}}, {"type": "Feature", "geometry": {"type": "LineString", "coordinates": [[-34.23, 24.95], [-34.55, 26.52]]}, "properties": {"nationality": "British", "year": 1798}}, {"type": "Feature", "geometry": {"type": "LineString", "coordinates": [[-26.51, 53.1], [-23.23, 51.87]]}, "properties": {"nationality": "British", "year": 1787}}, {"type": "Feature", "geometry": {"type": "LineString", "coordinates": [[-10.95, 43.37], [-10.83, 42.43]]}, "properties": {"nationality": "British", "year": 1799}}, {"type": "Feature", "geometry": {"type": "LineString", "coordinates": [[-18.77, 34.88], [-19.23, 33.95]]}, "properties": {"nationality": "British", "year": 1758}}, {"type": "Feature", "geometry": {"type": "LineString", "coordinates": [[-22.3, 23.03], [-23.5, 21.13]]}, "properties": {"nationality": "British", "year": 1793}}, {"type": "Feature", "geometry": {"type": "LineString", "coordinates": [[-42.54, 38.18], [-44.97, 38.93]]}, "properties": {"nationality": "British", "year": 1767}}, {"type": "Feature", "geometry": {"type": "LineString", "coordinates": [[-27.72, 18.87], [-28.48, 16.77]]}, "properties": {"nationality": "British", "year": 1759}}, {"type": "Feature", "geometry": {"type": "LineString", "coordinates": [[5.33, -0.33], [3.95, -0.83]]}, "properties": {"nationality": "British", "year": 1772}}, {"type": "Feature", "geometry": {"type": "LineString", "coordinates": [[-12.78, 45.12], [-13.18, 43.42]]}, "properties": {"nationality": "British", "year": 1752}}, {"type": "Feature", "geometry": {"type": "LineString", "coordinates": [[85.88, -1.88], [85.26, -2.78]]}, "properties": {"nationality": "British", "year": 1761}}, {"type": "Feature", "geometry": {"type": "LineString", "coordinates": [[5.58, -1.45], [4.8, -1.95]]}, "properties": {"nationality": "British", "year": 1777}}, {"type": "Feature", "geometry": {"type": "LineString", "coordinates": [[-17.07, 32.6], [-15.88, 31.47]]}, "properties": {"nationality": "British", "year": 1767}}, {"type": "Feature", "geometry": {"type": "LineString", "coordinates": [[42.0, -34.63], [41.88, -34.03]]}, "properties": {"nationality": "British", "year": 1801}}, {"type": "Feature", "geometry": {"type": "LineString", "coordinates": [[78.53, -33.75], [79.37, -34.5]]}, "properties": {"nationality": "British", "year": 1787}}, {"type": "Feature", "geometry": {"type": "LineString", "coordinates": [[-38.25, 26.93], [-39.15, 29.17]]}, "properties": {"nationality": "British", "year": 1810}}, {"type": "Feature", "geometry": {"type": "LineString", "coordinates": [[95.9, 0.12], [94.95, 1.2]]}, "properties": {"nationality": "British", "year": 1764}}, {"type": "Feature", "geometry": {"type": "LineString", "coordinates": [[-11.6, 43.67], [-12.2, 42.82]]}, "properties": {"nationality": "British", "year": 1771}}, {"type": "Feature", "geometry": {"type": "LineString", "coordinates": [[-34.88, -4.17], [-34.61, -3.73]]}, "properties": {"nationality": "British", "year": 1766}}, {"type": "Feature", "geometry": {"type": "LineString", "coordinates": [[72.93, -36.87], [75.47, -35.83]]}, "properties": {"nationality": "British", "year": 1806}}, {"type": "Feature", "geometry": {"type": "LineString", "coordinates": [[-55.67, 23.85], [-58.25, 25.0]]}, "properties": {"nationality": "British", "year": 1797}}, {"type": "Feature", "geometry": {"type": "LineString", "coordinates": [[-64.95, 31.22], [-63.85, 32.13]]}, "properties": {"nationality": "British", "year": 1770}}, {"type": "Feature", "geometry": {"type": "LineString", "coordinates": [[-29.22, 45.75], [-30.18, 45.75]]}, "properties": {"nationality": "British", "year": 1766}}, {"type": "Feature", "geometry": {"type": "LineString", "coordinates": [[71.18, -36.4], [72.2, -35.87]]}, "properties": {"nationality": "British", "year": 1812}}, {"type": "Feature", "geometry": {"type": "LineString", "coordinates": [[-23.0, 15.18], [-22.06, 14.83]]}, "properties": {"nationality": "British", "year": 1750}}, {"type": "Feature", "geometry": {"type": "LineString", "coordinates": [[47.2, 11.27], [46.04, 12.15]]}, "properties": {"nationality": "British", "year": 1750}}, {"type": "Feature", "geometry": {"type": "LineString", "coordinates": [[-19.13, 6.73], [-17.53, 6.47]]}, "properties": {"nationality": "British", "year": 1824}}, {"type": "Feature", "geometry": {"type": "LineString", "coordinates": [[-55.67, 28.62], [-55.67, 29.1]]}, "properties": {"nationality": "British", "year": 1772}}, {"type": "Feature", "geometry": {"type": "LineString", "coordinates": [[-25.43, 12.22], [-24.77, 10.97]]}, "properties": {"nationality": "British", "year": 1804}}, {"type": "Feature", "geometry": {"type": "LineString", "coordinates": [[-58.7, 37.58], [-60.35, 39.48]]}, "properties": {"nationality": "British", "year": 1777}}, {"type": "Feature", "geometry": {"type": "LineString", "coordinates": [[12.09, -34.53], [10.86, -32.45]]}, "properties": {"nationality": "British", "year": 1762}}, {"type": "Feature", "geometry": {"type": "LineString", "coordinates": [[-63.77, 43.03], [-66.23, 42.4]]}, "properties": {"nationality": "British", "year": 1775}}, {"type": "Feature", "geometry": {"type": "LineString", "coordinates": [[64.88, -35.63], [68.2, -34.5]]}, "properties": {"nationality": "British", "year": 1779}}, {"type": "Feature", "geometry": {"type": "LineString", "coordinates": [[-18.05, 34.38], [-18.63, 34.32]]}, "properties": {"nationality": "British", "year": 1815}}, {"type": "Feature", "geometry": {"type": "LineString", "coordinates": [[-27.03, 36.35], [-28.69, 36.82]]}, "properties": {"nationality": "British", "year": 1777}}, {"type": "Feature", "geometry": {"type": "LineString", "coordinates": [[-61.07, 19.75], [-62.38, 22.67]]}, "properties": {"nationality": "British", "year": 1790}}, {"type": "Feature", "geometry": {"type": "LineString", "coordinates": [[-20.79, 41.77], [-19.09, 41.57]]}, "properties": {"nationality": "British", "year": 1759}}, {"type": "Feature", "geometry": {"type": "LineString", "coordinates": [[-34.55, 23.22], [-35.25, 23.68]]}, "properties": {"nationality": "British", "year": 1800}}, {"type": "Feature", "geometry": {"type": "LineString", "coordinates": [[72.29, 8.05], [73.92, 8.32]]}, "properties": {"nationality": "British", "year": 1761}}, {"type": "Feature", "geometry": {"type": "LineString", "coordinates": [[9.37, -24.75], [8.8, -24.0]]}, "properties": {"nationality": "British", "year": 1765}}, {"type": "Feature", "geometry": {"type": "LineString", "coordinates": [[-30.79, -10.67], [-31.69, -12.83]]}, "properties": {"nationality": "British", "year": 1768}}, {"type": "Feature", "geometry": {"type": "LineString", "coordinates": [[-12.88, 43.78], [-13.43, 42.62]]}, "properties": {"nationality": "British", "year": 1774}}, {"type": "Feature", "geometry": {"type": "LineString", "coordinates": [[-80.11, -42.35], [-79.96, -40.78]]}, "properties": {"nationality": "British", "year": 1765}}, {"type": "Feature", "geometry": {"type": "LineString", "coordinates": [[83.04, -1.35], [84.1, -1.95]]}, "properties": {"nationality": "British", "year": 1763}}, {"type": "Feature", "geometry": {"type": "LineString", "coordinates": [[-50.7, 42.37], [-49.22, 42.63]]}, "properties": {"nationality": "British", "year": 1797}}, {"type": "Feature", "geometry": {"type": "LineString", "coordinates": [[-40.9, 45.63], [-39.58, 45.8]]}, "properties": {"nationality": "British", "year": 1778}}, {"type": "Feature", "geometry": {"type": "LineString", "coordinates": [[-11.7, 44.28], [-11.58, 44.7]]}, "properties": {"nationality": "British", "year": 1798}}, {"type": "Feature", "geometry": {"type": "LineString", "coordinates": [[17.38, -32.9], [13.42, -30.85]]}, "properties": {"nationality": "British", "year": 1791}}, {"type": "Feature", "geometry": {"type": "LineString", "coordinates": [[-13.07, 43.47], [-13.68, 42.97]]}, "properties": {"nationality": "British", "year": 1787}}, {"type": "Feature", "geometry": {"type": "LineString", "coordinates": [[-33.07, 20.4], [-33.97, 22.75]]}, "properties": {"nationality": "British", "year": 1810}}, {"type": "Feature", "geometry": {"type": "LineString", "coordinates": [[-17.02, 40.43], [-15.63, 40.1]]}, "properties": {"nationality": "British", "year": 1768}}, {"type": "Feature", "geometry": {"type": "LineString", "coordinates": [[-26.71, -24.38], [-24.96, -22.32]]}, "properties": {"nationality": "British", "year": 1756}}, {"type": "Feature", "geometry": {"type": "LineString", "coordinates": [[-34.8, 49.37], [-29.99, 49.22]]}, "properties": {"nationality": "British", "year": 1780}}, {"type": "Feature", "geometry": {"type": "LineString", "coordinates": [[60.72, -23.4], [58.22, -23.9]]}, "properties": {"nationality": "British", "year": 1805}}, {"type": "Feature", "geometry": {"type": "LineString", "coordinates": [[-18.5, 4.75], [-20.42, 3.92]]}, "properties": {"nationality": "British", "year": 1809}}, {"type": "Feature", "geometry": {"type": "LineString", "coordinates": [[-74.58, 28.63], [-74.58, 28.45]]}, "properties": {"nationality": "British", "year": 1764}}, {"type": "Feature", "geometry": {"type": "LineString", "coordinates": [[41.47, -19.07], [41.75, -18.25]]}, "properties": {"nationality": "British", "year": 1767}}, {"type": "Feature", "geometry": {"type": "LineString", "coordinates": [[134.05, 4.45], [133.77, 5.13]]}, "properties": {"nationality": "British", "year": 1761}}, {"type": "Feature", "geometry": {"type": "LineString", "coordinates": [[-51.65, 14.3], [-54.17, 15.1]]}, "properties": {"nationality": "British", "year": 1777}}, {"type": "Feature", "geometry": {"type": "LineString", "coordinates": [[-11.67, -9.83], [-12.6, -8.82]]}, "properties": {"nationality": "British", "year": 1790}}, {"type": "Feature", "geometry": {"type": "LineString", "coordinates": [[-10.35, -8.52], [-11.45, -7.92]]}, "properties": {"nationality": "British", "year": 1757}}, {"type": "Feature", "geometry": {"type": "LineString", "coordinates": [[-12.24, 42.0], [-12.45, 40.55]]}, "properties": {"nationality": "British", "year": 1767}}, {"type": "Feature", "geometry": {"type": "LineString", "coordinates": [[-14.43, -26.87], [-12.4, -27.35]]}, "properties": {"nationality": "British", "year": 1797}}, {"type": "Feature", "geometry": {"type": "LineString", "coordinates": [[-39.17, 33.67], [-38.95, 35.65]]}, "properties": {"nationality": "British", "year": 1788}}, {"type": "Feature", "geometry": {"type": "LineString", "coordinates": [[-51.39, 13.9], [-52.92, 13.55]]}, "properties": {"nationality": "British", "year": 1807}}, {"type": "Feature", "geometry": {"type": "LineString", "coordinates": [[16.8, -33.8], [17.53, -33.5]]}, "properties": {"nationality": "British", "year": 1807}}, {"type": "Feature", "geometry": {"type": "LineString", "coordinates": [[19.32, -34.88], [19.75, -36.02]]}, "properties": {"nationality": "British", "year": 1798}}, {"type": "Feature", "geometry": {"type": "LineString", "coordinates": [[0.28, -18.48], [-0.67, -16.83]]}, "properties": {"nationality": "British", "year": 1751}}, {"type": "Feature", "geometry": {"type": "LineString", "coordinates": [[84.56, 11.75], [85.58, 10.35]]}, "properties": {"nationality": "British", "year": 1770}}, {"type": "Feature", "geometry": {"type": "LineString", "coordinates": [[62.98, -20.1], [62.3, -20.03]]}, "properties": {"nationality": "British", "year": 1766}}, {"type": "Feature", "geometry": {"type": "LineString", "coordinates": [[-31.1, 56.85], [-31.9, 57.08]]}, "properties": {"nationality": "British", "year": 1792}}, {"type": "Feature", "geometry": {"type": "LineString", "coordinates": [[-22.27, 34.88], [-18.9, 35.97]]}, "properties": {"nationality": "British", "year": 1808}}, {"type": "Feature", "geometry": {"type": "LineString", "coordinates": [[-24.87, 31.0], [-25.73, 30.33]]}, "properties": {"nationality": "British", "year": 1794}}, {"type": "Feature", "geometry": {"type": "LineString", "coordinates": [[-22.58, 27.83], [-23.75, 27.85]]}, "properties": {"nationality": "British", "year": 1803}}, {"type": "Feature", "geometry": {"type": "LineString", "coordinates": [[-32.42, 27.0], [-31.83, 34.78]]}, "properties": {"nationality": "British", "year": 1782}}, {"type": "Feature", "geometry": {"type": "LineString", "coordinates": [[32.9, -38.15], [35.63, -36.43]]}, "properties": {"nationality": "British", "year": 1795}}, {"type": "Feature", "geometry": {"type": "LineString", "coordinates": [[-37.35, 19.78], [-38.67, 19.02]]}, "properties": {"nationality": "British", "year": 1805}}, {"type": "Feature", "geometry": {"type": "LineString", "coordinates": [[-52.68, 43.68], [-47.78, 44.48]]}, "properties": {"nationality": "British", "year": 1821}}, {"type": "Feature", "geometry": {"type": "LineString", "coordinates": [[-26.4, 21.55], [-24.07, 20.72]]}, "properties": {"nationality": "British", "year": 1806}}, {"type": "Feature", "geometry": {"type": "LineString", "coordinates": [[-13.82, 48.75], [-14.93, 48.2]]}, "properties": {"nationality": "British", "year": 1795}}, {"type": "Feature", "geometry": {"type": "LineString", "coordinates": [[-10.45, 45.6], [-11.18, 43.42]]}, "properties": {"nationality": "British", "year": 1795}}, {"type": "Feature", "geometry": {"type": "LineString", "coordinates": [[-28.25, 27.18], [-29.53, 26.97]]}, "properties": {"nationality": "British", "year": 1806}}, {"type": "Feature", "geometry": {"type": "LineString", "coordinates": [[1.7, -19.83], [0.3, -16.67]]}, "properties": {"nationality": "British", "year": 1796}}, {"type": "Feature", "geometry": {"type": "LineString", "coordinates": [[-33.18, 32.77], [-32.06, 33.2]]}, "properties": {"nationality": "British", "year": 1764}}, {"type": "Feature", "geometry": {"type": "LineString", "coordinates": [[-40.95, 45.48], [-40.88, 45.23]]}, "properties": {"nationality": "British", "year": 1797}}, {"type": "Feature", "geometry": {"type": "LineString", "coordinates": [[-46.38, 45.0], [-41.78, 44.4]]}, "properties": {"nationality": "British", "year": 1795}}, {"type": "Feature", "geometry": {"type": "LineString", "coordinates": [[-0.58, -0.57], [0.38, -0.75]]}, "properties": {"nationality": "British", "year": 1796}}, {"type": "Feature", "geometry": {"type": "LineString", "coordinates": [[-19.82, 3.67], [-19.43, 4.07]]}, "properties": {"nationality": "British", "year": 1808}}, {"type": "Feature", "geometry": {"type": "LineString", "coordinates": [[-35.37, 33.0], [-35.03, 33.67]]}, "properties": {"nationality": "British", "year": 1762}}, {"type": "Feature", "geometry": {"type": "LineString", "coordinates": [[91.1, 7.7], [91.17, 8.08]]}, "properties": {"nationality": "British", "year": 1802}}, {"type": "Feature", "geometry": {"type": "LineString", "coordinates": [[98.83, 6.37], [99.15, 6.05]]}, "properties": {"nationality": "British", "year": 1809}}, {"type": "Feature", "geometry": {"type": "LineString", "coordinates": [[-17.3, 10.4], [-16.02, 8.43]]}, "properties": {"nationality": "British", "year": 1791}}, {"type": "Feature", "geometry": {"type": "LineString", "coordinates": [[-27.78, 15.77], [-31.05, 17.95]]}, "properties": {"nationality": "British", "year": 1799}}, {"type": "Feature", "geometry": {"type": "LineString", "coordinates": [[87.7, -12.07], [87.67, -10.67]]}, "properties": {"nationality": "British", "year": 1807}}, {"type": "Feature", "geometry": {"type": "LineString", "coordinates": [[75.12, 10.57], [75.88, 8.67]]}, "properties": {"nationality": "British", "year": 1797}}, {"type": "Feature", "geometry": {"type": "LineString", "coordinates": [[-57.03, 44.4], [-54.33, 44.75]]}, "properties": {"nationality": "British", "year": 1769}}, {"type": "Feature", "geometry": {"type": "LineString", "coordinates": [[-58.78, 35.07], [-58.05, 36.18]]}, "properties": {"nationality": "British", "year": 1798}}, {"type": "Feature", "geometry": {"type": "LineString", "coordinates": [[-18.88, 2.17], [-19.17, 3.2]]}, "properties": {"nationality": "British", "year": 1765}}, {"type": "Feature", "geometry": {"type": "LineString", "coordinates": [[16.2, -33.88], [16.0, -33.33]]}, "properties": {"nationality": "British", "year": 1799}}, {"type": "Feature", "geometry": {"type": "LineString", "coordinates": [[-10.68, 43.07], [-10.88, 43.15]]}, "properties": {"nationality": "British", "year": 1798}}, {"type": "Feature", "geometry": {"type": "LineString", "coordinates": [[-18.05, 57.07], [-19.32, 55.77]]}, "properties": {"nationality": "British", "year": 1786}}, {"type": "Feature", "geometry": {"type": "LineString", "coordinates": [[-38.08, 32.03], [-35.97, 34.77]]}, "properties": {"nationality": "British", "year": 1772}}, {"type": "Feature", "geometry": {"type": "LineString", "coordinates": [[-40.69, 37.37], [-40.33, 38.83]]}, "properties": {"nationality": "British", "year": 1769}}, {"type": "Feature", "geometry": {"type": "LineString", "coordinates": [[-56.6, -35.4], [-56.28, -35.2]]}, "properties": {"nationality": "British", "year": 1800}}, {"type": "Feature", "geometry": {"type": "LineString", "coordinates": [[-31.33, 20.95], [-33.17, 20.0]]}, "properties": {"nationality": "British", "year": 1808}}, {"type": "Feature", "geometry": {"type": "LineString", "coordinates": [[-41.55, 44.0], [-36.15, 44.7]]}, "properties": {"nationality": "British", "year": 1821}}, {"type": "Feature", "geometry": {"type": "LineString", "coordinates": [[47.87, -39.28], [51.0, -37.12]]}, "properties": {"nationality": "British", "year": 1793}}, {"type": "Feature", "geometry": {"type": "LineString", "coordinates": [[-52.15, 46.7], [-51.61, 46.6]]}, "properties": {"nationality": "British", "year": 1756}}, {"type": "Feature", "geometry": {"type": "LineString", "coordinates": [[41.92, -29.63], [39.95, -30.27]]}, "properties": {"nationality": "British", "year": 1791}}, {"type": "Feature", "geometry": {"type": "LineString", "coordinates": [[104.9, -11.38], [104.32, -10.83]]}, "properties": {"nationality": "British", "year": 1793}}, {"type": "Feature", "geometry": {"type": "LineString", "coordinates": [[-9.12, -30.82], [-7.28, -32.58]]}, "properties": {"nationality": "British", "year": 1771}}, {"type": "Feature", "geometry": {"type": "LineString", "coordinates": [[-26.57, 10.62], [-25.38, 8.57]]}, "properties": {"nationality": "British", "year": 1778}}, {"type": "Feature", "geometry": {"type": "LineString", "coordinates": [[-59.48, 30.0], [-57.48, 30.75]]}, "properties": {"nationality": "British", "year": 1791}}, {"type": "Feature", "geometry": {"type": "LineString", "coordinates": [[-15.72, 37.02], [-15.47, 36.1]]}, "properties": {"nationality": "British", "year": 1805}}, {"type": "Feature", "geometry": {"type": "LineString", "coordinates": [[50.92, -28.7], [48.33, -29.23]]}, "properties": {"nationality": "British", "year": 1825}}, {"type": "Feature", "geometry": {"type": "LineString", "coordinates": [[-18.0, 29.83], [-19.67, 28.08]]}, "properties": {"nationality": "British", "year": 1805}}, {"type": "Feature", "geometry": {"type": "LineString", "coordinates": [[25.87, -38.68], [29.67, -39.42]]}, "properties": {"nationality": "British", "year": 1796}}, {"type": "Feature", "geometry": {"type": "LineString", "coordinates": [[-74.1, 23.78], [-73.4, 24.8]]}, "properties": {"nationality": "British", "year": 1800}}, {"type": "Feature", "geometry": {"type": "LineString", "coordinates": [[-39.75, 46.63], [-41.6, 46.4]]}, "properties": {"nationality": "British", "year": 1778}}, {"type": "Feature", "geometry": {"type": "LineString", "coordinates": [[-27.06, -4.1], [-29.28, -5.18]]}, "properties": {"nationality": "British", "year": 1776}}, {"type": "Feature", "geometry": {"type": "LineString", "coordinates": [[44.05, -7.47], [44.22, -6.18]]}, "properties": {"nationality": "British", "year": 1798}}, {"type": "Feature", "geometry": {"type": "LineString", "coordinates": [[-60.05, -51.35], [-60.05, -51.35]]}, "properties": {"nationality": "British", "year": 1771}}, {"type": "Feature", "geometry": {"type": "LineString", "coordinates": [[35.85, -32.23], [34.52, -31.95]]}, "properties": {"nationality": "British", "year": 1812}}, {"type": "Feature", "geometry": {"type": "LineString", "coordinates": [[-31.58, 25.18], [-32.32, 24.68]]}, "properties": {"nationality": "British", "year": 1758}}, {"type": "Feature", "geometry": {"type": "LineString", "coordinates": [[-23.98, 28.85], [-24.55, 27.78]]}, "properties": {"nationality": "British", "year": 1788}}, {"type": "Feature", "geometry": {"type": "LineString", "coordinates": [[-23.82, 11.08], [-22.95, 9.42]]}, "properties": {"nationality": "British", "year": 1792}}, {"type": "Feature", "geometry": {"type": "LineString", "coordinates": [[7.57, -38.67], [6.47, -40.37]]}, "properties": {"nationality": "British", "year": 1814}}, {"type": "Feature", "geometry": {"type": "LineString", "coordinates": [[-51.15, -35.15], [-51.35, -34.9]]}, "properties": {"nationality": "British", "year": 1801}}, {"type": "Feature", "geometry": {"type": "LineString", "coordinates": [[70.02, -19.37], [66.93, -20.58]]}, "properties": {"nationality": "British", "year": 1804}}, {"type": "Feature", "geometry": {"type": "LineString", "coordinates": [[73.77, -19.5], [71.07, -20.42]]}, "properties": {"nationality": "British", "year": 1781}}, {"type": "Feature", "geometry": {"type": "LineString", "coordinates": [[-11.5, 51.67], [-10.3, 51.5]]}, "properties": {"nationality": "British", "year": 1758}}, {"type": "Feature", "geometry": {"type": "LineString", "coordinates": [[38.28, -26.05], [39.93, -24.25]]}, "properties": {"nationality": "British", "year": 1750}}, {"type": "Feature", "geometry": {"type": "LineString", "coordinates": [[81.22, 11.47], [80.87, 12.28]]}, "properties": {"nationality": "British", "year": 1759}}, {"type": "Feature", "geometry": {"type": "LineString", "coordinates": [[29.0, -32.55], [16.75, -33.65]]}, "properties": {"nationality": "British", "year": 1807}}, {"type": "Feature", "geometry": {"type": "LineString", "coordinates": [[-24.16, 40.32], [-23.61, 39.9]]}, "properties": {"nationality": "British", "year": 1781}}, {"type": "Feature", "geometry": {"type": "LineString", "coordinates": [[-21.73, -28.1], [-19.17, -27.65]]}, "properties": {"nationality": "British", "year": 1796}}, {"type": "Feature", "geometry": {"type": "LineString", "coordinates": [[46.68, -5.95], [48.83, -3.67]]}, "properties": {"nationality": "British", "year": 1799}}, {"type": "Feature", "geometry": {"type": "LineString", "coordinates": [[-79.34, 32.52], [-78.99, 32.33]]}, "properties": {"nationality": "British", "year": 1778}}, {"type": "Feature", "geometry": {"type": "LineString", "coordinates": [[-40.52, -23.2], [-41.5, -22.88]]}, "properties": {"nationality": "British", "year": 1771}}, {"type": "Feature", "geometry": {"type": "LineString", "coordinates": [[26.27, -38.47], [30.97, -38.9]]}, "properties": {"nationality": "British", "year": 1823}}, {"type": "Feature", "geometry": {"type": "LineString", "coordinates": [[27.3, -34.45], [26.67, -35.43]]}, "properties": {"nationality": "British", "year": 1794}}, {"type": "Feature", "geometry": {"type": "LineString", "coordinates": [[51.0, -17.25], [50.75, -17.93]]}, "properties": {"nationality": "British", "year": 1800}}, {"type": "Feature", "geometry": {"type": "LineString", "coordinates": [[3.0, 1.55], [3.32, 1.13]]}, "properties": {"nationality": "British", "year": 1789}}, {"type": "Feature", "geometry": {"type": "LineString", "coordinates": [[-64.48, 26.83], [-64.2, 28.2]]}, "properties": {"nationality": "British", "year": 1798}}, {"type": "Feature", "geometry": {"type": "LineString", "coordinates": [[6.42, -39.92], [11.15, -39.97]]}, "properties": {"nationality": "British", "year": 1804}}, {"type": "Feature", "geometry": {"type": "LineString", "coordinates": [[-56.13, 37.62], [-57.92, 37.12]]}, "properties": {"nationality": "British", "year": 1798}}, {"type": "Feature", "geometry": {"type": "LineString", "coordinates": [[17.45, -36.03], [17.15, -36.92]]}, "properties": {"nationality": "British", "year": 1799}}, {"type": "Feature", "geometry": {"type": "LineString", "coordinates": [[89.85, -1.73], [90.12, -0.6]]}, "properties": {"nationality": "British", "year": 1795}}, {"type": "Feature", "geometry": {"type": "LineString", "coordinates": [[-28.39, -11.98], [-28.42, -13.03]]}, "properties": {"nationality": "British", "year": 1760}}, {"type": "Feature", "geometry": {"type": "LineString", "coordinates": [[-29.93, 18.97], [-31.98, 17.7]]}, "properties": {"nationality": "British", "year": 1796}}, {"type": "Feature", "geometry": {"type": "LineString", "coordinates": [[88.07, -0.3], [89.3, -0.2]]}, "properties": {"nationality": "British", "year": 1803}}, {"type": "Feature", "geometry": {"type": "LineString", "coordinates": [[-64.63, 42.72], [-65.72, 40.63]]}, "properties": {"nationality": "British", "year": 1769}}, {"type": "Feature", "geometry": {"type": "LineString", "coordinates": [[-30.26, 11.9], [-30.8, 13.02]]}, "properties": {"nationality": "British", "year": 1768}}, {"type": "Feature", "geometry": {"type": "LineString", "coordinates": [[-18.88, 3.42], [-19.13, 4.28]]}, "properties": {"nationality": "British", "year": 1799}}, {"type": "Feature", "geometry": {"type": "LineString", "coordinates": [[-16.82, -4.78], [-17.75, -3.48]]}, "properties": {"nationality": "British", "year": 1784}}, {"type": "Feature", "geometry": {"type": "LineString", "coordinates": [[-12.48, 44.7], [-12.95, 45.15]]}, "properties": {"nationality": "British", "year": 1793}}, {"type": "Feature", "geometry": {"type": "LineString", "coordinates": [[-9.54, 49.18], [-9.49, 48.67]]}, "properties": {"nationality": "British", "year": 1782}}, {"type": "Feature", "geometry": {"type": "LineString", "coordinates": [[-53.33, 38.86], [-57.38, 37.27]]}, "properties": {"nationality": "British", "year": 1791}}, {"type": "Feature", "geometry": {"type": "LineString", "coordinates": [[104.5, 4.03], [105.37, 6.93]]}, "properties": {"nationality": "British", "year": 1762}}, {"type": "Feature", "geometry": {"type": "LineString", "coordinates": [[-12.98, 43.23], [-13.61, 41.47]]}, "properties": {"nationality": "British", "year": 1750}}, {"type": "Feature", "geometry": {"type": "LineString", "coordinates": [[-68.54, 33.45], [-68.29, 34.03]]}, "properties": {"nationality": "British", "year": 1771}}, {"type": "Feature", "geometry": {"type": "LineString", "coordinates": [[-13.67, 49.32], [-12.45, 49.45]]}, "properties": {"nationality": "British", "year": 1756}}, {"type": "Feature", "geometry": {"type": "LineString", "coordinates": [[-40.33, 39.18], [-41.4, 38.37]]}, "properties": {"nationality": "British", "year": 1779}}, {"type": "Feature", "geometry": {"type": "LineString", "coordinates": [[-20.47, 32.02], [-18.15, 32.6]]}, "properties": {"nationality": "British", "year": 1815}}, {"type": "Feature", "geometry": {"type": "LineString", "coordinates": [[-41.65, 35.48], [-42.72, 36.65]]}, "properties": {"nationality": "British", "year": 1780}}, {"type": "Feature", "geometry": {"type": "LineString", "coordinates": [[6.83, -1.32], [6.2, -1.35]]}, "properties": {"nationality": "British", "year": 1769}}, {"type": "Feature", "geometry": {"type": "LineString", "coordinates": [[22.53, -35.83], [22.23, -36.47]]}, "properties": {"nationality": "British", "year": 1801}}, {"type": "Feature", "geometry": {"type": "LineString", "coordinates": [[-37.85, 40.1], [-35.75, 40.47]]}, "properties": {"nationality": "British", "year": 1803}}, {"type": "Feature", "geometry": {"type": "LineString", "coordinates": [[-23.67, -21.0], [-23.12, -22.4]]}, "properties": {"nationality": "British", "year": 1763}}, {"type": "Feature", "geometry": {"type": "LineString", "coordinates": [[-7.83, 46.15], [-9.08, 44.1]]}, "properties": {"nationality": "British", "year": 1770}}, {"type": "Feature", "geometry": {"type": "LineString", "coordinates": [[12.48, -29.68], [11.17, -28.47]]}, "properties": {"nationality": "British", "year": 1798}}, {"type": "Feature", "geometry": {"type": "LineString", "coordinates": [[22.3, -38.15], [27.03, -37.17]]}, "properties": {"nationality": "British", "year": 1795}}, {"type": "Feature", "geometry": {"type": "LineString", "coordinates": [[-9.75, 42.45], [-9.95, 40.97]]}, "properties": {"nationality": "British", "year": 1784}}, {"type": "Feature", "geometry": {"type": "LineString", "coordinates": [[-15.2, 37.42], [-15.2, 35.78]]}, "properties": {"nationality": "British", "year": 1796}}, {"type": "Feature", "geometry": {"type": "LineString", "coordinates": [[-49.56, 57.03], [-47.84, 56.75]]}, "properties": {"nationality": "British", "year": 1792}}, {"type": "Feature", "geometry": {"type": "LineString", "coordinates": [[11.82, -26.98], [9.85, -24.97]]}, "properties": {"nationality": "British", "year": 1774}}, {"type": "Feature", "geometry": {"type": "LineString", "coordinates": [[-23.05, 20.4], [-23.95, 18.18]]}, "properties": {"nationality": "British", "year": 1767}}, {"type": "Feature", "geometry": {"type": "LineString", "coordinates": [[-22.02, -0.48], [-22.5, 1.83]]}, "properties": {"nationality": "British", "year": 1798}}, {"type": "Feature", "geometry": {"type": "LineString", "coordinates": [[67.53, 6.4], [70.08, 7.28]]}, "properties": {"nationality": "British", "year": 1777}}, {"type": "Feature", "geometry": {"type": "LineString", "coordinates": [[86.1, -16.58], [83.98, -17.47]]}, "properties": {"nationality": "British", "year": 1787}}, {"type": "Feature", "geometry": {"type": "LineString", "coordinates": [[52.68, 5.28], [54.63, 6.12]]}, "properties": {"nationality": "British", "year": 1770}}, {"type": "Feature", "geometry": {"type": "LineString", "coordinates": [[-47.12, 58.68], [-41.69, 58.75]]}, "properties": {"nationality": "British", "year": 1794}}, {"type": "Feature", "geometry": {"type": "LineString", "coordinates": [[-14.63, 48.15], [-14.14, 48.35]]}, "properties": {"nationality": "British", "year": 1758}}, {"type": "Feature", "geometry": {"type": "LineString", "coordinates": [[-65.58, 28.03], [-66.47, 28.03]]}, "properties": {"nationality": "British", "year": 1797}}, {"type": "Feature", "geometry": {"type": "LineString", "coordinates": [[32.07, -36.02], [34.12, -35.38]]}, "properties": {"nationality": "British", "year": 1775}}, {"type": "Feature", "geometry": {"type": "LineString", "coordinates": [[88.25, 5.95], [90.32, 4.3]]}, "properties": {"nationality": "British", "year": 1805}}, {"type": "Feature", "geometry": {"type": "LineString", "coordinates": [[-40.73, 45.68], [-42.29, 44.87]]}, "properties": {"nationality": "British", "year": 1760}}, {"type": "Feature", "geometry": {"type": "LineString", "coordinates": [[-19.27, -4.45], [-21.33, -4.35]]}, "properties": {"nationality": "British", "year": 1794}}, {"type": "Feature", "geometry": {"type": "LineString", "coordinates": [[0.47, -16.33], [-1.33, -16.0]]}, "properties": {"nationality": "British", "year": 1762}}, {"type": "Feature", "geometry": {"type": "LineString", "coordinates": [[43.29, -32.37], [42.06, -32.63]]}, "properties": {"nationality": "British", "year": 1765}}, {"type": "Feature", "geometry": {"type": "LineString", "coordinates": [[82.02, -0.15], [81.57, -1.97]]}, "properties": {"nationality": "British", "year": 1807}}, {"type": "Feature", "geometry": {"type": "LineString", "coordinates": [[48.62, -36.55], [47.63, -37.43]]}, "properties": {"nationality": "British", "year": 1811}}, {"type": "Feature", "geometry": {"type": "LineString", "coordinates": [[10.16, -35.03], [11.89, -35.15]]}, "properties": {"nationality": "British", "year": 1760}}, {"type": "Feature", "geometry": {"type": "LineString", "coordinates": [[-21.43, -3.87], [-22.76, -2.0]]}, "properties": {"nationality": "British", "year": 1765}}, {"type": "Feature", "geometry": {"type": "LineString", "coordinates": [[8.17, -26.83], [7.17, -25.77]]}, "properties": {"nationality": "British", "year": 1781}}, {"type": "Feature", "geometry": {"type": "LineString", "coordinates": [[40.63, -18.08], [41.39, -17.6]]}, "properties": {"nationality": "British", "year": 1757}}, {"type": "Feature", "geometry": {"type": "LineString", "coordinates": [[-33.11, 43.9], [-33.98, 44.25]]}, "properties": {"nationality": "British", "year": 1755}}, {"type": "Feature", "geometry": {"type": "LineString", "coordinates": [[87.48, -18.4], [84.54, -18.95]]}, "properties": {"nationality": "British", "year": 1765}}, {"type": "Feature", "geometry": {"type": "LineString", "coordinates": [[-5.23, 49.58], [-6.08, 49.07]]}, "properties": {"nationality": "British", "year": 1790}}, {"type": "Feature", "geometry": {"type": "LineString", "coordinates": [[-23.32, 49.57], [-21.52, 50.08]]}, "properties": {"nationality": "British", "year": 1760}}, {"type": "Feature", "geometry": {"type": "LineString", "coordinates": [[-7.23, -25.03], [-6.65, -27.42]]}, "properties": {"nationality": "British", "year": 1812}}, {"type": "Feature", "geometry": {"type": "LineString", "coordinates": [[-25.12, 35.1], [-25.0, 35.0]]}, "properties": {"nationality": "British", "year": 1814}}, {"type": "Feature", "geometry": {"type": "LineString", "coordinates": [[-27.27, 24.45], [-29.3, 23.22]]}, "properties": {"nationality": "British", "year": 1772}}, {"type": "Feature", "geometry": {"type": "LineString", "coordinates": [[26.08, -40.0], [30.08, -40.07]]}, "properties": {"nationality": "British", "year": 1808}}, {"type": "Feature", "geometry": {"type": "LineString", "coordinates": [[-54.62, -35.55], [-54.73, -35.3]]}, "properties": {"nationality": "British", "year": 1800}}, {"type": "Feature", "geometry": {"type": "LineString", "coordinates": [[92.65, -7.37], [92.3, -9.17]]}, "properties": {"nationality": "British", "year": 1768}}, {"type": "Feature", "geometry": {"type": "LineString", "coordinates": [[-61.2, 25.77], [-59.2, 26.97]]}, "properties": {"nationality": "British", "year": 1762}}, {"type": "Feature", "geometry": {"type": "LineString", "coordinates": [[24.45, -36.28], [23.73, -36.42]]}, "properties": {"nationality": "British", "year": 1787}}, {"type": "Feature", "geometry": {"type": "LineString", "coordinates": [[69.0, -37.43], [72.23, -37.38]]}, "properties": {"nationality": "British", "year": 1781}}, {"type": "Feature", "geometry": {"type": "LineString", "coordinates": [[73.93, -37.7], [77.0, -37.67]]}, "properties": {"nationality": "British", "year": 1750}}, {"type": "Feature", "geometry": {"type": "LineString", "coordinates": [[-5.65, 49.35], [-6.93, 49.18]]}, "properties": {"nationality": "British", "year": 1773}}, {"type": "Feature", "geometry": {"type": "LineString", "coordinates": [[22.23, -36.23], [21.2, -36.42]]}, "properties": {"nationality": "British", "year": 1805}}, {"type": "Feature", "geometry": {"type": "LineString", "coordinates": [[-10.73, 44.65], [-12.47, 42.07]]}, "properties": {"nationality": "British", "year": 1807}}, {"type": "Feature", "geometry": {"type": "LineString", "coordinates": [[-33.77, -29.27], [-30.45, -30.9]]}, "properties": {"nationality": "British", "year": 1792}}, {"type": "Feature", "geometry": {"type": "LineString", "coordinates": [[-32.18, 15.18], [-32.31, 15.38]]}, "properties": {"nationality": "British", "year": 1752}}, {"type": "Feature", "geometry": {"type": "LineString", "coordinates": [[-18.82, 23.77], [-20.33, 20.9]]}, "properties": {"nationality": "British", "year": 1796}}, {"type": "Feature", "geometry": {"type": "LineString", "coordinates": [[-25.1, -28.5], [-23.87, -28.63]]}, "properties": {"nationality": "British", "year": 1803}}, {"type": "Feature", "geometry": {"type": "LineString", "coordinates": [[-61.62, 25.9], [-61.88, 26.05]]}, "properties": {"nationality": "British", "year": 1801}}, {"type": "Feature", "geometry": {"type": "LineString", "coordinates": [[-74.55, 27.52], [-74.28, 27.77]]}, "properties": {"nationality": "British", "year": 1764}}, {"type": "Feature", "geometry": {"type": "LineString", "coordinates": [[-18.03, 9.02], [-16.75, 8.95]]}, "properties": {"nationality": "British", "year": 1822}}, {"type": "Feature", "geometry": {"type": "LineString", "coordinates": [[28.87, -35.92], [28.18, -35.85]]}, "properties": {"nationality": "British", "year": 1768}}, {"type": "Feature", "geometry": {"type": "LineString", "coordinates": [[-52.01, -46.38], [-49.93, -45.55]]}, "properties": {"nationality": "British", "year": 1767}}, {"type": "Feature", "geometry": {"type": "LineString", "coordinates": [[11.92, -35.28], [15.9, -35.48]]}, "properties": {"nationality": "British", "year": 1788}}, {"type": "Feature", "geometry": {"type": "LineString", "coordinates": [[37.77, -34.72], [38.95, -34.65]]}, "properties": {"nationality": "British", "year": 1810}}, {"type": "Feature", "geometry": {"type": "LineString", "coordinates": [[-20.88, 49.0], [-18.85, 49.1]]}, "properties": {"nationality": "British", "year": 1802}}, {"type": "Feature", "geometry": {"type": "LineString", "coordinates": [[75.8, -3.3], [76.2, -3.3]]}, "properties": {"nationality": "British", "year": 1804}}, {"type": "Feature", "geometry": {"type": "LineString", "coordinates": [[5.25, -23.42], [4.02, -22.58]]}, "properties": {"nationality": "British", "year": 1797}}, {"type": "Feature", "geometry": {"type": "LineString", "coordinates": [[-13.91, 39.57], [-15.02, 40.95]]}, "properties": {"nationality": "British", "year": 1780}}, {"type": "Feature", "geometry": {"type": "LineString", "coordinates": [[15.0, -35.72], [16.5, -35.55]]}, "properties": {"nationality": "British", "year": 1806}}, {"type": "Feature", "geometry": {"type": "LineString", "coordinates": [[72.02, -0.97], [71.94, 0.17]]}, "properties": {"nationality": "British", "year": 1751}}, {"type": "Feature", "geometry": {"type": "LineString", "coordinates": [[28.06, -35.03], [27.12, -35.15]]}, "properties": {"nationality": "British", "year": 1794}}, {"type": "Feature", "geometry": {"type": "LineString", "coordinates": [[-60.88, 38.22], [-58.0, 38.45]]}, "properties": {"nationality": "British", "year": 1760}}, {"type": "Feature", "geometry": {"type": "LineString", "coordinates": [[-38.0, 25.03], [-37.77, 27.2]]}, "properties": {"nationality": "British", "year": 1828}}, {"type": "Feature", "geometry": {"type": "LineString", "coordinates": [[-20.93, 26.92], [-22.67, 27.12]]}, "properties": {"nationality": "British", "year": 1766}}, {"type": "Feature", "geometry": {"type": "LineString", "coordinates": [[37.51, -36.77], [37.71, -36.58]]}, "properties": {"nationality": "British", "year": 1772}}, {"type": "Feature", "geometry": {"type": "LineString", "coordinates": [[-49.45, -30.25], [-48.87, -29.12]]}, "properties": {"nationality": "British", "year": 1797}}, {"type": "Feature", "geometry": {"type": "LineString", "coordinates": [[-60.05, -51.35], [-60.05, -51.35]]}, "properties": {"nationality": "British", "year": 1771}}, {"type": "Feature", "geometry": {"type": "LineString", "coordinates": [[-19.18, 3.15], [-19.17, 2.72]]}, "properties": {"nationality": "British", "year": 1819}}, {"type": "Feature", "geometry": {"type": "LineString", "coordinates": [[-27.9, 14.58], [-29.62, 17.3]]}, "properties": {"nationality": "British", "year": 1802}}, {"type": "Feature", "geometry": {"type": "LineString", "coordinates": [[-33.12, 19.65], [-35.04, 18.88]]}, "properties": {"nationality": "British", "year": 1759}}, {"type": "Feature", "geometry": {"type": "LineString", "coordinates": [[-27.58, 43.6], [-27.1, 43.82]]}, "properties": {"nationality": "British", "year": 1765}}, {"type": "Feature", "geometry": {"type": "LineString", "coordinates": [[-24.58, 47.5], [-22.08, 48.0]]}, "properties": {"nationality": "British", "year": 1797}}, {"type": "Feature", "geometry": {"type": "LineString", "coordinates": [[37.4, -30.2], [36.46, -29.22]]}, "properties": {"nationality": "British", "year": 1775}}, {"type": "Feature", "geometry": {"type": "LineString", "coordinates": [[95.78, 1.75], [95.9, 2.6]]}, "properties": {"nationality": "British", "year": 1795}}, {"type": "Feature", "geometry": {"type": "LineString", "coordinates": [[-133.8, -21.3], [-132.6, -20.67]]}, "properties": {"nationality": "British", "year": 1773}}, {"type": "Feature", "geometry": {"type": "LineString", "coordinates": [[-32.15, 15.83], [-33.18, 16.82]]}, "properties": {"nationality": "British", "year": 1752}}, {"type": "Feature", "geometry": {"type": "LineString", "coordinates": [[20.38, -37.88], [20.77, -37.58]]}, "properties": {"nationality": "British", "year": 1805}}, {"type": "Feature", "geometry": {"type": "LineString", "coordinates": [[-12.92, 39.9], [-14.5, 37.7]]}, "properties": {"nationality": "British", "year": 1800}}, {"type": "Feature", "geometry": {"type": "LineString", "coordinates": [[-41.29, 30.62], [-41.29, 32.55]]}, "properties": {"nationality": "British", "year": 1757}}, {"type": "Feature", "geometry": {"type": "LineString", "coordinates": [[-63.18, 20.53], [-62.92, 21.25]]}, "properties": {"nationality": "British", "year": 1782}}, {"type": "Feature", "geometry": {"type": "LineString", "coordinates": [[-64.45, -51.25], [-64.45, -51.7]]}, "properties": {"nationality": "British", "year": 1820}}, {"type": "Feature", "geometry": {"type": "LineString", "coordinates": [[-7.4, -24.28], [-7.25, -23.67]]}, "properties": {"nationality": "British", "year": 1804}}, {"type": "Feature", "geometry": {"type": "LineString", "coordinates": [[-36.23, 8.35], [-37.35, 10.32]]}, "properties": {"nationality": "British", "year": 1768}}, {"type": "Feature", "geometry": {"type": "LineString", "coordinates": [[-20.87, 38.93], [-22.92, 38.22]]}, "properties": {"nationality": "British", "year": 1772}}, {"type": "Feature", "geometry": {"type": "LineString", "coordinates": [[-16.97, -4.58], [-18.22, -3.67]]}, "properties": {"nationality": "British", "year": 1754}}, {"type": "Feature", "geometry": {"type": "LineString", "coordinates": [[-21.33, 49.0], [-19.37, 49.88]]}, "properties": {"nationality": "British", "year": 1769}}, {"type": "Feature", "geometry": {"type": "LineString", "coordinates": [[69.09, 15.03], [69.4, 14.93]]}, "properties": {"nationality": "British", "year": 1758}}, {"type": "Feature", "geometry": {"type": "LineString", "coordinates": [[-7.36, -31.18], [-7.16, -31.35]]}, "properties": {"nationality": "British", "year": 1781}}, {"type": "Feature", "geometry": {"type": "LineString", "coordinates": [[39.5, -18.88], [41.5, -16.4]]}, "properties": {"nationality": "British", "year": 1824}}, {"type": "Feature", "geometry": {"type": "LineString", "coordinates": [[34.8, -31.95], [32.7, -32.75]]}, "properties": {"nationality": "British", "year": 1825}}, {"type": "Feature", "geometry": {"type": "LineString", "coordinates": [[-62.5, 61.02], [-57.33, 60.25]]}, "properties": {"nationality": "British", "year": 1780}}, {"type": "Feature", "geometry": {"type": "LineString", "coordinates": [[-14.47, 39.27], [-15.78, 37.37]]}, "properties": {"nationality": "British", "year": 1794}}, {"type": "Feature", "geometry": {"type": "LineString", "coordinates": [[-42.12, 30.73], [-44.5, 31.38]]}, "properties": {"nationality": "British", "year": 1820}}, {"type": "Feature", "geometry": {"type": "LineString", "coordinates": [[104.07, -6.73], [102.72, -7.05]]}, "properties": {"nationality": "British", "year": 1791}}, {"type": "Feature", "geometry": {"type": "LineString", "coordinates": [[24.33, -37.27], [29.4, -36.53]]}, "properties": {"nationality": "British", "year": 1794}}, {"type": "Feature", "geometry": {"type": "LineString", "coordinates": [[-74.35, 26.33], [-74.35, 27.55]]}, "properties": {"nationality": "British", "year": 1765}}, {"type": "Feature", "geometry": {"type": "LineString", "coordinates": [[-45.13, 41.12], [-42.52, 43.47]]}, "properties": {"nationality": "British", "year": 1792}}, {"type": "Feature", "geometry": {"type": "LineString", "coordinates": [[-30.77, 21.85], [-30.77, 22.75]]}, "properties": {"nationality": "British", "year": 1779}}, {"type": "Feature", "geometry": {"type": "LineString", "coordinates": [[54.43, 8.0], [55.08, 8.43]]}, "properties": {"nationality": "British", "year": 1762}}, {"type": "Feature", "geometry": {"type": "LineString", "coordinates": [[-66.78, 35.0], [-66.72, 34.62]]}, "properties": {"nationality": "British", "year": 1794}}, {"type": "Feature", "geometry": {"type": "LineString", "coordinates": [[-44.4, 16.43], [-46.47, 15.87]]}, "properties": {"nationality": "British", "year": 1780}}, {"type": "Feature", "geometry": {"type": "LineString", "coordinates": [[-16.57, -2.68], [-18.95, -2.95]]}, "properties": {"nationality": "British", "year": 1776}}, {"type": "Feature", "geometry": {"type": "LineString", "coordinates": [[-19.55, 38.03], [-19.78, 37.1]]}, "properties": {"nationality": "British", "year": 1759}}, {"type": "Feature", "geometry": {"type": "LineString", "coordinates": [[-59.63, 16.08], [-59.61, 17.7]]}, "properties": {"nationality": "British", "year": 1779}}, {"type": "Feature", "geometry": {"type": "LineString", "coordinates": [[-21.97, 8.52], [-22.0, 9.5]]}, "properties": {"nationality": "British", "year": 1752}}, {"type": "Feature", "geometry": {"type": "LineString", "coordinates": [[-20.58, 5.68], [-19.95, 5.22]]}, "properties": {"nationality": "British", "year": 1796}}, {"type": "Feature", "geometry": {"type": "LineString", "coordinates": [[15.36, -32.8], [15.84, -32.58]]}, "properties": {"nationality": "British", "year": 1750}}, {"type": "Feature", "geometry": {"type": "LineString", "coordinates": [[-78.34, 31.83], [-78.19, 31.93]]}, "properties": {"nationality": "British", "year": 1778}}, {"type": "Feature", "geometry": {"type": "LineString", "coordinates": [[-57.27, 35.52], [-56.22, 34.63]]}, "properties": {"nationality": "British", "year": 1777}}, {"type": "Feature", "geometry": {"type": "LineString", "coordinates": [[19.08, -39.42], [24.48, -38.92]]}, "properties": {"nationality": "British", "year": 1804}}, {"type": "Feature", "geometry": {"type": "LineString", "coordinates": [[-29.87, -13.53], [-30.33, -15.23]]}, "properties": {"nationality": "British", "year": 1803}}, {"type": "Feature", "geometry": {"type": "LineString", "coordinates": [[-71.43, 39.67], [-70.67, 39.45]]}, "properties": {"nationality": "British", "year": 1773}}, {"type": "Feature", "geometry": {"type": "LineString", "coordinates": [[84.7, -17.18], [84.77, -14.07]]}, "properties": {"nationality": "British", "year": 1804}}, {"type": "Feature", "geometry": {"type": "LineString", "coordinates": [[-147.03, 46.23], [-147.41, 47.52]]}, "properties": {"nationality": "British", "year": 1786}}, {"type": "Feature", "geometry": {"type": "LineString", "coordinates": [[83.07, -17.9], [80.47, -18.9]]}, "properties": {"nationality": "British", "year": 1821}}, {"type": "Feature", "geometry": {"type": "LineString", "coordinates": [[34.38, -37.52], [35.12, -37.03]]}, "properties": {"nationality": "British", "year": 1792}}, {"type": "Feature", "geometry": {"type": "LineString", "coordinates": [[-30.27, 11.0], [-31.33, 12.82]]}, "properties": {"nationality": "British", "year": 1800}}, {"type": "Feature", "geometry": {"type": "LineString", "coordinates": [[-27.2, 24.88], [-27.9, 24.0]]}, "properties": {"nationality": "British", "year": 1761}}, {"type": "Feature", "geometry": {"type": "LineString", "coordinates": [[-38.55, 33.23], [-38.18, 35.17]]}, "properties": {"nationality": "British", "year": 1797}}, {"type": "Feature", "geometry": {"type": "LineString", "coordinates": [[97.6, 6.22], [98.1, 6.9]]}, "properties": {"nationality": "British", "year": 1818}}, {"type": "Feature", "geometry": {"type": "LineString", "coordinates": [[-3.68, 3.45], [-2.38, 2.98]]}, "properties": {"nationality": "British", "year": 1800}}, {"type": "Feature", "geometry": {"type": "LineString", "coordinates": [[-9.82, 47.53], [-7.77, 46.37]]}, "properties": {"nationality": "British", "year": 1800}}, {"type": "Feature", "geometry": {"type": "LineString", "coordinates": [[-59.23, 36.62], [-60.63, 35.88]]}, "properties": {"nationality": "British", "year": 1806}}, {"type": "Feature", "geometry": {"type": "LineString", "coordinates": [[84.84, -15.03], [85.04, -12.32]]}, "properties": {"nationality": "British", "year": 1769}}, {"type": "Feature", "geometry": {"type": "LineString", "coordinates": [[15.28, -33.55], [14.33, -32.88]]}, "properties": {"nationality": "British", "year": 1788}}, {"type": "Feature", "geometry": {"type": "LineString", "coordinates": [[-55.24, 32.28], [-56.04, 33.0]]}, "properties": {"nationality": "British", "year": 1778}}, {"type": "Feature", "geometry": {"type": "LineString", "coordinates": [[30.0, -34.73], [28.95, -34.48]]}, "properties": {"nationality": "British", "year": 1798}}, {"type": "Feature", "geometry": {"type": "LineString", "coordinates": [[-8.62, 51.42], [-11.82, 51.27]]}, "properties": {"nationality": "British", "year": 1807}}, {"type": "Feature", "geometry": {"type": "LineString", "coordinates": [[-57.5, 31.2], [-58.73, 31.15]]}, "properties": {"nationality": "British", "year": 1758}}, {"type": "Feature", "geometry": {"type": "LineString", "coordinates": [[90.86, 4.72], [89.98, 5.68]]}, "properties": {"nationality": "British", "year": 1754}}, {"type": "Feature", "geometry": {"type": "LineString", "coordinates": [[-22.13, 9.28], [-22.92, 10.45]]}, "properties": {"nationality": "British", "year": 1801}}, {"type": "Feature", "geometry": {"type": "LineString", "coordinates": [[53.37, -26.53], [52.13, -26.73]]}, "properties": {"nationality": "British", "year": 1805}}, {"type": "Feature", "geometry": {"type": "LineString", "coordinates": [[-57.27, 36.13], [-57.08, 36.38]]}, "properties": {"nationality": "British", "year": 1797}}, {"type": "Feature", "geometry": {"type": "LineString", "coordinates": [[0.4, -19.9], [-0.27, -19.38]]}, "properties": {"nationality": "British", "year": 1783}}, {"type": "Feature", "geometry": {"type": "LineString", "coordinates": [[15.7, -30.4], [14.47, -28.82]]}, "properties": {"nationality": "British", "year": 1750}}, {"type": "Feature", "geometry": {"type": "LineString", "coordinates": [[-22.17, -31.22], [-21.96, -32.77]]}, "properties": {"nationality": "British", "year": 1761}}, {"type": "Feature", "geometry": {"type": "LineString", "coordinates": [[89.83, -15.47], [90.85, -13.57]]}, "properties": {"nationality": "British", "year": 1781}}, {"type": "Feature", "geometry": {"type": "LineString", "coordinates": [[-67.6, 37.78], [-66.15, 37.25]]}, "properties": {"nationality": "British", "year": 1762}}, {"type": "Feature", "geometry": {"type": "LineString", "coordinates": [[-44.83, 15.33], [-46.63, 14.8]]}, "properties": {"nationality": "British", "year": 1799}}, {"type": "Feature", "geometry": {"type": "LineString", "coordinates": [[5.08, -22.62], [3.5, -21.15]]}, "properties": {"nationality": "British", "year": 1787}}, {"type": "Feature", "geometry": {"type": "LineString", "coordinates": [[-7.26, 50.72], [-5.92, 49.58]]}, "properties": {"nationality": "British", "year": 1768}}, {"type": "Feature", "geometry": {"type": "LineString", "coordinates": [[78.97, -14.85], [76.07, -16.45]]}, "properties": {"nationality": "British", "year": 1795}}, {"type": "Feature", "geometry": {"type": "LineString", "coordinates": [[-73.78, 30.53], [-74.43, 29.57]]}, "properties": {"nationality": "British", "year": 1798}}, {"type": "Feature", "geometry": {"type": "LineString", "coordinates": [[-15.07, -6.55], [-16.33, -4.63]]}, "properties": {"nationality": "British", "year": 1787}}, {"type": "Feature", "geometry": {"type": "LineString", "coordinates": [[-19.3, 29.67], [-20.62, 28.52]]}, "properties": {"nationality": "British", "year": 1772}}, {"type": "Feature", "geometry": {"type": "LineString", "coordinates": [[43.37, -12.15], [43.03, -10.65]]}, "properties": {"nationality": "British", "year": 1775}}, {"type": "Feature", "geometry": {"type": "LineString", "coordinates": [[-27.37, -15.72], [-28.37, -17.27]]}, "properties": {"nationality": "British", "year": 1763}}, {"type": "Feature", "geometry": {"type": "LineString", "coordinates": [[-28.14, 37.53], [-28.96, 37.93]]}, "properties": {"nationality": "British", "year": 1809}}, {"type": "Feature", "geometry": {"type": "LineString", "coordinates": [[35.82, -27.7], [35.82, -26.37]]}, "properties": {"nationality": "British", "year": 1796}}, {"type": "Feature", "geometry": {"type": "LineString", "coordinates": [[75.48, 11.73], [75.48, 11.73]]}, "properties": {"nationality": "British", "year": 1751}}, {"type": "Feature", "geometry": {"type": "LineString", "coordinates": [[79.97, -13.33], [78.77, -14.83]]}, "properties": {"nationality": "British", "year": 1764}}, {"type": "Feature", "geometry": {"type": "LineString", "coordinates": [[52.21, 3.35], [55.46, 4.55]]}, "properties": {"nationality": "British", "year": 1763}}, {"type": "Feature", "geometry": {"type": "LineString", "coordinates": [[28.39, -35.37], [26.54, -35.67]]}, "properties": {"nationality": "British", "year": 1766}}, {"type": "Feature", "geometry": {"type": "LineString", "coordinates": [[-9.07, 44.98], [-9.9, 44.6]]}, "properties": {"nationality": "British", "year": 1766}}, {"type": "Feature", "geometry": {"type": "LineString", "coordinates": [[-21.55, 9.8], [-21.83, 10.07]]}, "properties": {"nationality": "British", "year": 1810}}, {"type": "Feature", "geometry": {"type": "LineString", "coordinates": [[-51.42, -33.5], [-49.67, -32.07]]}, "properties": {"nationality": "British", "year": 1824}}, {"type": "Feature", "geometry": {"type": "LineString", "coordinates": [[-49.03, 42.95], [-48.98, 43.8]]}, "properties": {"nationality": "British", "year": 1780}}, {"type": "Feature", "geometry": {"type": "LineString", "coordinates": [[-5.58, 48.62], [-6.08, 48.62]]}, "properties": {"nationality": "British", "year": 1778}}, {"type": "Feature", "geometry": {"type": "LineString", "coordinates": [[-31.17, 13.63], [-31.45, 16.27]]}, "properties": {"nationality": "British", "year": 1824}}, {"type": "Feature", "geometry": {"type": "LineString", "coordinates": [[-23.93, -1.83], [-24.13, -2.85]]}, "properties": {"nationality": "British", "year": 1757}}, {"type": "Feature", "geometry": {"type": "LineString", "coordinates": [[-11.43, 49.1], [-9.27, 49.87]]}, "properties": {"nationality": "British", "year": 1796}}, {"type": "Feature", "geometry": {"type": "LineString", "coordinates": [[59.2, -25.82], [56.92, -27.4]]}, "properties": {"nationality": "British", "year": 1807}}, {"type": "Feature", "geometry": {"type": "LineString", "coordinates": [[106.86, -6.1], [106.86, -6.1]]}, "properties": {"nationality": "British", "year": 1750}}, {"type": "Feature", "geometry": {"type": "LineString", "coordinates": [[-20.77, 6.35], [-20.13, 5.72]]}, "properties": {"nationality": "British", "year": 1759}}, {"type": "Feature", "geometry": {"type": "LineString", "coordinates": [[-18.38, 31.55], [-19.6, 30.23]]}, "properties": {"nationality": "British", "year": 1794}}, {"type": "Feature", "geometry": {"type": "LineString", "coordinates": [[-31.78, -15.43], [-32.17, -17.42]]}, "properties": {"nationality": "British", "year": 1809}}, {"type": "Feature", "geometry": {"type": "LineString", "coordinates": [[-60.05, -51.35], [-60.05, -51.35]]}, "properties": {"nationality": "British", "year": 1771}}, {"type": "Feature", "geometry": {"type": "LineString", "coordinates": [[-25.28, 0.55], [-25.73, -0.82]]}, "properties": {"nationality": "British", "year": 1754}}, {"type": "Feature", "geometry": {"type": "LineString", "coordinates": [[-6.87, 47.48], [-8.23, 46.92]]}, "properties": {"nationality": "British", "year": 1778}}, {"type": "Feature", "geometry": {"type": "LineString", "coordinates": [[82.02, 11.45], [83.33, 8.65]]}, "properties": {"nationality": "British", "year": 1807}}, {"type": "Feature", "geometry": {"type": "LineString", "coordinates": [[-29.7, -21.93], [-28.6, -23.5]]}, "properties": {"nationality": "British", "year": 1798}}, {"type": "Feature", "geometry": {"type": "LineString", "coordinates": [[82.82, -5.62], [82.33, -3.22]]}, "properties": {"nationality": "British", "year": 1802}}, {"type": "Feature", "geometry": {"type": "LineString", "coordinates": [[-19.3, -0.88], [-19.63, 0.3]]}, "properties": {"nationality": "British", "year": 1788}}, {"type": "Feature", "geometry": {"type": "LineString", "coordinates": [[-25.95, -29.85], [-24.58, -29.92]]}, "properties": {"nationality": "British", "year": 1757}}, {"type": "Feature", "geometry": {"type": "LineString", "coordinates": [[-14.67, 41.6], [-14.84, 40.28]]}, "properties": {"nationality": "British", "year": 1759}}, {"type": "Feature", "geometry": {"type": "LineString", "coordinates": [[-22.34, -30.15], [-19.17, -31.37]]}, "properties": {"nationality": "British", "year": 1819}}, {"type": "Feature", "geometry": {"type": "LineString", "coordinates": [[53.09, 5.17], [54.22, 5.4]]}, "properties": {"nationality": "British", "year": 1762}}, {"type": "Feature", "geometry": {"type": "LineString", "coordinates": [[-16.31, 46.72], [-16.06, 46.08]]}, "properties": {"nationality": "British", "year": 1772}}, {"type": "Feature", "geometry": {"type": "LineString", "coordinates": [[-41.0, 37.17], [-41.73, 38.18]]}, "properties": {"nationality": "British", "year": 1768}}, {"type": "Feature", "geometry": {"type": "LineString", "coordinates": [[-18.08, 18.75], [-16.83, 17.48]]}, "properties": {"nationality": "British", "year": 1769}}, {"type": "Feature", "geometry": {"type": "LineString", "coordinates": [[76.75, 8.57], [76.2, 9.6]]}, "properties": {"nationality": "British", "year": 1794}}, {"type": "Feature", "geometry": {"type": "LineString", "coordinates": [[-25.7, -24.73], [-24.5, -26.12]]}, "properties": {"nationality": "British", "year": 1756}}, {"type": "Feature", "geometry": {"type": "LineString", "coordinates": [[-130.17, 46.83], [-130.03, 45.68]]}, "properties": {"nationality": "British", "year": 1786}}, {"type": "Feature", "geometry": {"type": "LineString", "coordinates": [[-41.35, 19.67], [-44.18, 19.37]]}, "properties": {"nationality": "British", "year": 1801}}, {"type": "Feature", "geometry": {"type": "LineString", "coordinates": [[-53.06, 13.28], [-55.73, 13.18]]}, "properties": {"nationality": "British", "year": 1771}}, {"type": "Feature", "geometry": {"type": "LineString", "coordinates": [[-38.77, -36.27], [-36.75, -35.12]]}, "properties": {"nationality": "British", "year": 1769}}, {"type": "Feature", "geometry": {"type": "LineString", "coordinates": [[-41.48, 57.77], [-44.62, 58.67]]}, "properties": {"nationality": "British", "year": 1779}}, {"type": "Feature", "geometry": {"type": "LineString", "coordinates": [[-13.28, 36.38], [-15.41, 33.75]]}, "properties": {"nationality": "British", "year": 1752}}, {"type": "Feature", "geometry": {"type": "LineString", "coordinates": [[0.0, -21.12], [-0.93, -19.35]]}, "properties": {"nationality": "British", "year": 1824}}, {"type": "Feature", "geometry": {"type": "LineString", "coordinates": [[-21.73, 30.55], [-24.88, 30.43]]}, "properties": {"nationality": "British", "year": 1751}}, {"type": "Feature", "geometry": {"type": "LineString", "coordinates": [[-15.29, 37.33], [-11.54, 37.02]]}, "properties": {"nationality": "British", "year": 1774}}, {"type": "Feature", "geometry": {"type": "LineString", "coordinates": [[-26.5, -6.23], [-26.03, -7.82]]}, "properties": {"nationality": "British", "year": 1754}}, {"type": "Feature", "geometry": {"type": "LineString", "coordinates": [[-17.2, 34.9], [-17.12, 31.87]]}, "properties": {"nationality": "British", "year": 1800}}, {"type": "Feature", "geometry": {"type": "LineString", "coordinates": [[-54.34, -39.58], [-53.98, -40.03]]}, "properties": {"nationality": "British", "year": 1764}}, {"type": "Feature", "geometry": {"type": "LineString", "coordinates": [[53.3, -23.62], [54.8, -24.03]]}, "properties": {"nationality": "British", "year": 1801}}, {"type": "Feature", "geometry": {"type": "LineString", "coordinates": [[-33.07, 30.05], [-33.15, 30.67]]}, "properties": {"nationality": "British", "year": 1764}}, {"type": "Feature", "geometry": {"type": "LineString", "coordinates": [[-15.78, -28.8], [-14.3, -29.92]]}, "properties": {"nationality": "British", "year": 1796}}, {"type": "Feature", "geometry": {"type": "LineString", "coordinates": [[16.8, -34.42], [15.47, -35.4]]}, "properties": {"nationality": "British", "year": 1798}}, {"type": "Feature", "geometry": {"type": "LineString", "coordinates": [[69.17, -19.72], [67.33, -19.8]]}, "properties": {"nationality": "British", "year": 1766}}, {"type": "Feature", "geometry": {"type": "LineString", "coordinates": [[-61.63, 60.7], [-62.83, 61.03]]}, "properties": {"nationality": "British", "year": 1792}}, {"type": "Feature", "geometry": {"type": "LineString", "coordinates": [[-11.04, 36.78], [-9.24, 36.35]]}, "properties": {"nationality": "British", "year": 1753}}, {"type": "Feature", "geometry": {"type": "LineString", "coordinates": [[55.65, 13.05], [58.1, 13.68]]}, "properties": {"nationality": "British", "year": 1789}}, {"type": "Feature", "geometry": {"type": "LineString", "coordinates": [[-47.98, 42.82], [-49.4, 42.3]]}, "properties": {"nationality": "British", "year": 1767}}, {"type": "Feature", "geometry": {"type": "LineString", "coordinates": [[48.27, 3.03], [47.42, 1.27]]}, "properties": {"nationality": "British", "year": 1751}}, {"type": "Feature", "geometry": {"type": "LineString", "coordinates": [[-16.5, 18.43], [-17.34, 18.17]]}, "properties": {"nationality": "British", "year": 1775}}, {"type": "Feature", "geometry": {"type": "LineString", "coordinates": [[52.95, -29.72], [52.38, -29.53]]}, "properties": {"nationality": "British", "year": 1792}}, {"type": "Feature", "geometry": {"type": "LineString", "coordinates": [[78.91, -6.2], [76.25, -7.13]]}, "properties": {"nationality": "British", "year": 1754}}, {"type": "Feature", "geometry": {"type": "LineString", "coordinates": [[-73.01, 37.17], [-71.01, 38.22]]}, "properties": {"nationality": "British", "year": 1754}}, {"type": "Feature", "geometry": {"type": "LineString", "coordinates": [[114.17, -15.18], [114.42, -15.8]]}, "properties": {"nationality": "British", "year": 1760}}, {"type": "Feature", "geometry": {"type": "LineString", "coordinates": [[-46.4, 10.23], [-49.6, 11.98]]}, "properties": {"nationality": "British", "year": 1789}}, {"type": "Feature", "geometry": {"type": "LineString", "coordinates": [[-52.17, 32.27], [-53.38, 32.33]]}, "properties": {"nationality": "British", "year": 1804}}, {"type": "Feature", "geometry": {"type": "LineString", "coordinates": [[-9.61, 59.45], [-9.26, 59.5]]}, "properties": {"nationality": "British", "year": 1761}}, {"type": "Feature", "geometry": {"type": "LineString", "coordinates": [[-11.63, 49.95], [-10.65, 48.67]]}, "properties": {"nationality": "British", "year": 1762}}, {"type": "Feature", "geometry": {"type": "LineString", "coordinates": [[54.02, -22.72], [53.75, -23.9]]}, "properties": {"nationality": "British", "year": 1796}}, {"type": "Feature", "geometry": {"type": "LineString", "coordinates": [[-54.15, 41.68], [-55.88, 41.88]]}, "properties": {"nationality": "British", "year": 1775}}, {"type": "Feature", "geometry": {"type": "LineString", "coordinates": [[-32.6, -15.48], [-31.87, -17.28]]}, "properties": {"nationality": "British", "year": 1802}}, {"type": "Feature", "geometry": {"type": "LineString", "coordinates": [[21.63, -36.9], [22.36, -37.05]]}, "properties": {"nationality": "British", "year": 1750}}, {"type": "Feature", "geometry": {"type": "LineString", "coordinates": [[41.45, -7.5], [40.32, -8.8]]}, "properties": {"nationality": "British", "year": 1791}}, {"type": "Feature", "geometry": {"type": "LineString", "coordinates": [[61.61, -24.62], [60.09, -25.07]]}, "properties": {"nationality": "British", "year": 1781}}, {"type": "Feature", "geometry": {"type": "LineString", "coordinates": [[-9.58, -12.35], [-10.95, -10.95]]}, "properties": {"nationality": "British", "year": 1802}}, {"type": "Feature", "geometry": {"type": "LineString", "coordinates": [[58.48, -23.55], [59.57, -21.9]]}, "properties": {"nationality": "British", "year": 1796}}, {"type": "Feature", "geometry": {"type": "LineString", "coordinates": [[87.6, -3.55], [87.33, -4.6]]}, "properties": {"nationality": "British", "year": 1764}}, {"type": "Feature", "geometry": {"type": "LineString", "coordinates": [[-18.97, 1.45], [-20.0, 3.13]]}, "properties": {"nationality": "British", "year": 1804}}, {"type": "Feature", "geometry": {"type": "LineString", "coordinates": [[-5.15, 49.77], [-8.42, 47.78]]}, "properties": {"nationality": "British", "year": 1825}}, {"type": "Feature", "geometry": {"type": "LineString", "coordinates": [[-11.12, 44.02], [-12.12, 44.55]]}, "properties": {"nationality": "British", "year": 1798}}, {"type": "Feature", "geometry": {"type": "LineString", "coordinates": [[-49.32, 48.43], [-48.42, 49.08]]}, "properties": {"nationality": "British", "year": 1781}}, {"type": "Feature", "geometry": {"type": "LineString", "coordinates": [[69.59, -23.12], [67.55, -23.75]]}, "properties": {"nationality": "British", "year": 1779}}, {"type": "Feature", "geometry": {"type": "LineString", "coordinates": [[-2.5, 46.03], [-3.02, 46.37]]}, "properties": {"nationality": "British", "year": 1762}}, {"type": "Feature", "geometry": {"type": "LineString", "coordinates": [[-20.45, -22.2], [-20.45, -22.4]]}, "properties": {"nationality": "British", "year": 1810}}, {"type": "Feature", "geometry": {"type": "LineString", "coordinates": [[-51.05, 12.98], [-52.82, 12.92]]}, "properties": {"nationality": "British", "year": 1763}}, {"type": "Feature", "geometry": {"type": "LineString", "coordinates": [[-11.07, 41.62], [-12.1, 39.7]]}, "properties": {"nationality": "British", "year": 1809}}, {"type": "Feature", "geometry": {"type": "LineString", "coordinates": [[50.42, -28.07], [47.62, -28.58]]}, "properties": {"nationality": "British", "year": 1820}}, {"type": "Feature", "geometry": {"type": "LineString", "coordinates": [[-10.0, 49.12], [-8.37, 49.35]]}, "properties": {"nationality": "British", "year": 1807}}, {"type": "Feature", "geometry": {"type": "LineString", "coordinates": [[11.12, -12.17], [10.58, -12.25]]}, "properties": {"nationality": "British", "year": 1795}}, {"type": "Feature", "geometry": {"type": "LineString", "coordinates": [[17.13, -34.75], [18.55, -35.05]]}, "properties": {"nationality": "British", "year": 1803}}, {"type": "Feature", "geometry": {"type": "LineString", "coordinates": [[-13.51, 49.28], [-11.93, 49.0]]}, "properties": {"nationality": "British", "year": 1760}}, {"type": "Feature", "geometry": {"type": "LineString", "coordinates": [[48.21, -37.62], [51.64, -37.5]]}, "properties": {"nationality": "British", "year": 1750}}, {"type": "Feature", "geometry": {"type": "LineString", "coordinates": [[84.15, -7.53], [84.57, -9.33]]}, "properties": {"nationality": "British", "year": 1765}}, {"type": "Feature", "geometry": {"type": "LineString", "coordinates": [[-23.33, -3.2], [-24.67, -4.77]]}, "properties": {"nationality": "British", "year": 1762}}, {"type": "Feature", "geometry": {"type": "LineString", "coordinates": [[-34.98, 23.22], [-34.19, 25.55]]}, "properties": {"nationality": "British", "year": 1784}}, {"type": "Feature", "geometry": {"type": "LineString", "coordinates": [[-11.87, 38.38], [-11.82, 39.13]]}, "properties": {"nationality": "British", "year": 1754}}, {"type": "Feature", "geometry": {"type": "LineString", "coordinates": [[84.27, -22.42], [84.93, -19.23]]}, "properties": {"nationality": "British", "year": 1796}}, {"type": "Feature", "geometry": {"type": "LineString", "coordinates": [[-13.5, 47.75], [-12.07, 49.57]]}, "properties": {"nationality": "British", "year": 1760}}, {"type": "Feature", "geometry": {"type": "LineString", "coordinates": [[-40.57, -24.22], [-41.93, -24.48]]}, "properties": {"nationality": "British", "year": 1807}}, {"type": "Feature", "geometry": {"type": "LineString", "coordinates": [[16.65, -35.52], [17.75, -35.13]]}, "properties": {"nationality": "British", "year": 1771}}, {"type": "Feature", "geometry": {"type": "LineString", "coordinates": [[-16.65, -2.17], [-17.83, -0.44]]}, "properties": {"nationality": "British", "year": 1792}}, {"type": "Feature", "geometry": {"type": "LineString", "coordinates": [[-7.25, -14.48], [-8.75, -13.1]]}, "properties": {"nationality": "British", "year": 1777}}, {"type": "Feature", "geometry": {"type": "LineString", "coordinates": [[-12.78, 40.33], [-13.12, 39.0]]}, "properties": {"nationality": "British", "year": 1798}}, {"type": "Feature", "geometry": {"type": "LineString", "coordinates": [[-18.82, 41.52], [-19.52, 42.5]]}, "properties": {"nationality": "British", "year": 1780}}, {"type": "Feature", "geometry": {"type": "LineString", "coordinates": [[128.48, 20.63], [123.65, 21.6]]}, "properties": {"nationality": "British", "year": 1794}}, {"type": "Feature", "geometry": {"type": "LineString", "coordinates": [[0.28, -9.53], [-0.65, -11.15]]}, "properties": {"nationality": "British", "year": 1806}}, {"type": "Feature", "geometry": {"type": "LineString", "coordinates": [[-6.27, -37.7], [-3.65, -37.7]]}, "properties": {"nationality": "British", "year": 1803}}, {"type": "Feature", "geometry": {"type": "LineString", "coordinates": [[-33.57, -30.93], [-30.95, -31.72]]}, "properties": {"nationality": "British", "year": 1805}}, {"type": "Feature", "geometry": {"type": "LineString", "coordinates": [[-33.62, -21.85], [-32.7, -22.98]]}, "properties": {"nationality": "British", "year": 1798}}, {"type": "Feature", "geometry": {"type": "LineString", "coordinates": [[60.37, -27.23], [59.78, -28.4]]}, "properties": {"nationality": "British", "year": 1761}}, {"type": "Feature", "geometry": {"type": "LineString", "coordinates": [[-7.57, 48.22], [-8.97, 46.63]]}, "properties": {"nationality": "British", "year": 1797}}, {"type": "Feature", "geometry": {"type": "LineString", "coordinates": [[-15.97, 35.25], [-16.02, 34.55]]}, "properties": {"nationality": "British", "year": 1804}}, {"type": "Feature", "geometry": {"type": "LineString", "coordinates": [[23.33, -35.18], [20.05, -35.28]]}, "properties": {"nationality": "British", "year": 1807}}, {"type": "Feature", "geometry": {"type": "LineString", "coordinates": [[-34.16, 23.37], [-35.26, 25.82]]}, "properties": {"nationality": "British", "year": 1761}}, {"type": "Feature", "geometry": {"type": "LineString", "coordinates": [[-23.5, 2.68], [-22.65, 2.18]]}, "properties": {"nationality": "British", "year": 1829}}, {"type": "Feature", "geometry": {"type": "LineString", "coordinates": [[-20.2, -29.08], [-17.4, -28.67]]}, "properties": {"nationality": "British", "year": 1780}}, {"type": "Feature", "geometry": {"type": "LineString", "coordinates": [[-112.08, -37.32], [-111.9, -36.82]]}, "properties": {"nationality": "British", "year": 1769}}, {"type": "Feature", "geometry": {"type": "LineString", "coordinates": [[7.18, -35.07], [10.07, -35.37]]}, "properties": {"nationality": "British", "year": 1809}}, {"type": "Feature", "geometry": {"type": "LineString", "coordinates": [[-6.38, 47.82], [-6.68, 47.22]]}, "properties": {"nationality": "British", "year": 1799}}, {"type": "Feature", "geometry": {"type": "LineString", "coordinates": [[-17.73, 32.12], [-17.93, 32.45]]}, "properties": {"nationality": "British", "year": 1791}}, {"type": "Feature", "geometry": {"type": "LineString", "coordinates": [[-46.92, 15.57], [-49.44, 15.22]]}, "properties": {"nationality": "British", "year": 1763}}, {"type": "Feature", "geometry": {"type": "LineString", "coordinates": [[-49.86, 42.15], [-49.46, 41.8]]}, "properties": {"nationality": "British", "year": 1779}}, {"type": "Feature", "geometry": {"type": "LineString", "coordinates": [[-5.15, -16.23], [-6.88, -14.75]]}, "properties": {"nationality": "British", "year": 1810}}, {"type": "Feature", "geometry": {"type": "LineString", "coordinates": [[-21.12, 24.1], [-23.27, 21.65]]}, "properties": {"nationality": "British", "year": 1810}}, {"type": "Feature", "geometry": {"type": "LineString", "coordinates": [[61.91, -26.07], [58.91, -27.12]]}, "properties": {"nationality": "British", "year": 1751}}, {"type": "Feature", "geometry": {"type": "LineString", "coordinates": [[-26.77, -27.93], [-25.47, -29.45]]}, "properties": {"nationality": "British", "year": 1771}}, {"type": "Feature", "geometry": {"type": "LineString", "coordinates": [[22.65, -37.08], [22.38, -37.48]]}, "properties": {"nationality": "British", "year": 1781}}, {"type": "Feature", "geometry": {"type": "LineString", "coordinates": [[-144.97, 32.05], [-146.07, 31.08]]}, "properties": {"nationality": "British", "year": 1786}}, {"type": "Feature", "geometry": {"type": "LineString", "coordinates": [[-23.92, -4.3], [-25.1, -5.82]]}, "properties": {"nationality": "British", "year": 1814}}, {"type": "Feature", "geometry": {"type": "LineString", "coordinates": [[-15.17, 3.33], [-15.57, 5.07]]}, "properties": {"nationality": "British", "year": 1796}}, {"type": "Feature", "geometry": {"type": "LineString", "coordinates": [[-20.75, 25.8], [-22.08, 24.63]]}, "properties": {"nationality": "British", "year": 1800}}, {"type": "Feature", "geometry": {"type": "LineString", "coordinates": [[83.88, -1.52], [83.58, 1.67]]}, "properties": {"nationality": "British", "year": 1791}}, {"type": "Feature", "geometry": {"type": "LineString", "coordinates": [[89.01, -9.75], [86.7, -11.12]]}, "properties": {"nationality": "British", "year": 1752}}, {"type": "Feature", "geometry": {"type": "LineString", "coordinates": [[69.8, -4.53], [70.77, -4.4]]}, "properties": {"nationality": "British", "year": 1794}}, {"type": "Feature", "geometry": {"type": "LineString", "coordinates": [[-62.0, 18.57], [-59.53, 19.38]]}, "properties": {"nationality": "British", "year": 1761}}, {"type": "Feature", "geometry": {"type": "LineString", "coordinates": [[-45.8, 39.17], [-43.8, 39.52]]}, "properties": {"nationality": "British", "year": 1801}}, {"type": "Feature", "geometry": {"type": "LineString", "coordinates": [[-0.63, -15.83], [-2.46, -16.05]]}, "properties": {"nationality": "British", "year": 1765}}, {"type": "Feature", "geometry": {"type": "LineString", "coordinates": [[40.63, -17.2], [40.84, -17.02]]}, "properties": {"nationality": "British", "year": 1760}}, {"type": "Feature", "geometry": {"type": "LineString", "coordinates": [[-6.23, 49.33], [-8.58, 47.77]]}, "properties": {"nationality": "British", "year": 1759}}, {"type": "Feature", "geometry": {"type": "LineString", "coordinates": [[7.67, -25.33], [5.03, -23.73]]}, "properties": {"nationality": "British", "year": 1824}}, {"type": "Feature", "geometry": {"type": "LineString", "coordinates": [[-62.45, 21.7], [-61.78, 23.9]]}, "properties": {"nationality": "British", "year": 1793}}, {"type": "Feature", "geometry": {"type": "LineString", "coordinates": [[89.44, 3.92], [89.28, 5.57]]}, "properties": {"nationality": "British", "year": 1794}}, {"type": "Feature", "geometry": {"type": "LineString", "coordinates": [[73.8, -35.5], [76.55, -35.25]]}, "properties": {"nationality": "British", "year": 1806}}, {"type": "Feature", "geometry": {"type": "LineString", "coordinates": [[39.03, -31.78], [37.07, -32.18]]}, "properties": {"nationality": "British", "year": 1822}}, {"type": "Feature", "geometry": {"type": "LineString", "coordinates": [[114.48, -3.52], [114.48, -3.52]]}, "properties": {"nationality": "British", "year": 1750}}, {"type": "Feature", "geometry": {"type": "LineString", "coordinates": [[36.52, -36.08], [38.17, -36.03]]}, "properties": {"nationality": "British", "year": 1793}}, {"type": "Feature", "geometry": {"type": "LineString", "coordinates": [[-20.73, 2.82], [-20.3, 2.17]]}, "properties": {"nationality": "British", "year": 1804}}, {"type": "Feature", "geometry": {"type": "LineString", "coordinates": [[-23.83, 16.28], [-23.65, 10.82]]}, "properties": {"nationality": "British", "year": 1794}}, {"type": "Feature", "geometry": {"type": "LineString", "coordinates": [[-48.7, 25.55], [-51.52, 25.37]]}, "properties": {"nationality": "British", "year": 1798}}, {"type": "Feature", "geometry": {"type": "LineString", "coordinates": [[127.6, 12.53], [127.37, 13.3]]}, "properties": {"nationality": "British", "year": 1761}}, {"type": "Feature", "geometry": {"type": "LineString", "coordinates": [[-18.55, 33.23], [-19.52, 32.92]]}, "properties": {"nationality": "British", "year": 1750}}, {"type": "Feature", "geometry": {"type": "LineString", "coordinates": [[-14.8, 37.83], [-16.02, 35.77]]}, "properties": {"nationality": "British", "year": 1802}}, {"type": "Feature", "geometry": {"type": "LineString", "coordinates": [[-19.33, 26.28], [-19.6, 25.7]]}, "properties": {"nationality": "British", "year": 1819}}, {"type": "Feature", "geometry": {"type": "LineString", "coordinates": [[-44.15, 17.15], [-46.88, 15.33]]}, "properties": {"nationality": "British", "year": 1759}}, {"type": "Feature", "geometry": {"type": "LineString", "coordinates": [[104.8, -8.18], [104.08, -8.4]]}, "properties": {"nationality": "British", "year": 1820}}, {"type": "Feature", "geometry": {"type": "LineString", "coordinates": [[-11.73, 41.78], [-11.31, 41.55]]}, "properties": {"nationality": "British", "year": 1755}}, {"type": "Feature", "geometry": {"type": "LineString", "coordinates": [[-28.27, 44.1], [-26.07, 42.98]]}, "properties": {"nationality": "British", "year": 1755}}, {"type": "Feature", "geometry": {"type": "LineString", "coordinates": [[-19.92, 30.28], [-19.92, 29.9]]}, "properties": {"nationality": "British", "year": 1809}}, {"type": "Feature", "geometry": {"type": "LineString", "coordinates": [[-27.9, -10.03], [-28.68, -21.17]]}, "properties": {"nationality": "British", "year": 1796}}, {"type": "Feature", "geometry": {"type": "LineString", "coordinates": [[13.03, -31.42], [11.28, -29.72]]}, "properties": {"nationality": "British", "year": 1757}}, {"type": "Feature", "geometry": {"type": "LineString", "coordinates": [[15.9, -37.62], [18.67, -37.63]]}, "properties": {"nationality": "British", "year": 1801}}, {"type": "Feature", "geometry": {"type": "LineString", "coordinates": [[79.88, -0.73], [80.68, 0.68]]}, "properties": {"nationality": "British", "year": 1803}}, {"type": "Feature", "geometry": {"type": "LineString", "coordinates": [[-20.31, 48.13], [-19.51, 48.35]]}, "properties": {"nationality": "British", "year": 1758}}, {"type": "Feature", "geometry": {"type": "LineString", "coordinates": [[93.05, -14.93], [90.6, -15.95]]}, "properties": {"nationality": "British", "year": 1795}}, {"type": "Feature", "geometry": {"type": "LineString", "coordinates": [[-13.98, -7.22], [-14.63, -6.2]]}, "properties": {"nationality": "British", "year": 1753}}, {"type": "Feature", "geometry": {"type": "LineString", "coordinates": [[-13.42, 3.88], [-14.58, 2.95]]}, "properties": {"nationality": "British", "year": 1795}}, {"type": "Feature", "geometry": {"type": "LineString", "coordinates": [[23.95, -34.93], [21.81, -35.42]]}, "properties": {"nationality": "British", "year": 1757}}, {"type": "Feature", "geometry": {"type": "LineString", "coordinates": [[-14.92, -32.03], [-14.47, -32.65]]}, "properties": {"nationality": "British", "year": 1790}}, {"type": "Feature", "geometry": {"type": "LineString", "coordinates": [[85.9, -0.33], [85.98, -1.17]]}, "properties": {"nationality": "British", "year": 1764}}, {"type": "Feature", "geometry": {"type": "LineString", "coordinates": [[17.05, -35.87], [20.78, -35.9]]}, "properties": {"nationality": "British", "year": 1775}}, {"type": "Feature", "geometry": {"type": "LineString", "coordinates": [[47.14, -4.22], [47.14, -3.38]]}, "properties": {"nationality": "British", "year": 1800}}, {"type": "Feature", "geometry": {"type": "LineString", "coordinates": [[64.63, -12.52], [64.68, -11.23]]}, "properties": {"nationality": "British", "year": 1801}}, {"type": "Feature", "geometry": {"type": "LineString", "coordinates": [[86.22, -1.38], [85.9, -1.8]]}, "properties": {"nationality": "British", "year": 1805}}, {"type": "Feature", "geometry": {"type": "LineString", "coordinates": [[-7.17, -34.73], [-8.3, -35.12]]}, "properties": {"nationality": "British", "year": 1795}}, {"type": "Feature", "geometry": {"type": "LineString", "coordinates": [[-65.05, 34.1], [-64.87, 33.18]]}, "properties": {"nationality": "British", "year": 1821}}, {"type": "Feature", "geometry": {"type": "LineString", "coordinates": [[90.17, -8.08], [90.41, -8.43]]}, "properties": {"nationality": "British", "year": 1766}}, {"type": "Feature", "geometry": {"type": "LineString", "coordinates": [[52.63, -27.12], [51.68, -27.78]]}, "properties": {"nationality": "British", "year": 1806}}, {"type": "Feature", "geometry": {"type": "LineString", "coordinates": [[-58.0, 32.72], [-57.27, 33.42]]}, "properties": {"nationality": "British", "year": 1818}}, {"type": "Feature", "geometry": {"type": "LineString", "coordinates": [[-9.72, 49.88], [-7.63, 50.63]]}, "properties": {"nationality": "British", "year": 1807}}, {"type": "Feature", "geometry": {"type": "LineString", "coordinates": [[103.35, -8.62], [103.97, -8.08]]}, "properties": {"nationality": "British", "year": 1760}}, {"type": "Feature", "geometry": {"type": "LineString", "coordinates": [[-24.93, 19.28], [-26.0, 17.75]]}, "properties": {"nationality": "British", "year": 1809}}, {"type": "Feature", "geometry": {"type": "LineString", "coordinates": [[-65.26, -48.45], [-64.55, -49.45]]}, "properties": {"nationality": "British", "year": 1771}}, {"type": "Feature", "geometry": {"type": "LineString", "coordinates": [[72.01, -17.6], [69.51, -18.5]]}, "properties": {"nationality": "British", "year": 1752}}, {"type": "Feature", "geometry": {"type": "LineString", "coordinates": [[-53.64, 37.9], [-54.78, 38.67]]}, "properties": {"nationality": "British", "year": 1777}}, {"type": "Feature", "geometry": {"type": "LineString", "coordinates": [[-9.92, 59.0], [-8.27, 58.9]]}, "properties": {"nationality": "British", "year": 1795}}, {"type": "Feature", "geometry": {"type": "LineString", "coordinates": [[-4.68, -31.92], [-1.63, -32.17]]}, "properties": {"nationality": "British", "year": 1790}}, {"type": "Feature", "geometry": {"type": "LineString", "coordinates": [[9.89, -26.6], [7.89, -24.43]]}, "properties": {"nationality": "British", "year": 1764}}, {"type": "Feature", "geometry": {"type": "LineString", "coordinates": [[-23.3, -25.72], [-22.95, -27.82]]}, "properties": {"nationality": "British", "year": 1752}}, {"type": "Feature", "geometry": {"type": "LineString", "coordinates": [[-64.97, 32.02], [-67.47, 33.33]]}, "properties": {"nationality": "British", "year": 1800}}, {"type": "Feature", "geometry": {"type": "LineString", "coordinates": [[48.5, -25.27], [48.58, -25.82]]}, "properties": {"nationality": "British", "year": 1796}}, {"type": "Feature", "geometry": {"type": "LineString", "coordinates": [[81.05, -37.8], [80.55, -36.17]]}, "properties": {"nationality": "British", "year": 1796}}, {"type": "Feature", "geometry": {"type": "LineString", "coordinates": [[-14.15, 46.58], [-14.1, 46.63]]}, "properties": {"nationality": "British", "year": 1781}}, {"type": "Feature", "geometry": {"type": "LineString", "coordinates": [[-21.1, 36.62], [-20.43, 37.88]]}, "properties": {"nationality": "British", "year": 1779}}, {"type": "Feature", "geometry": {"type": "LineString", "coordinates": [[80.3, -41.6], [84.8, -42.4]]}, "properties": {"nationality": "British", "year": 1794}}, {"type": "Feature", "geometry": {"type": "LineString", "coordinates": [[-21.71, 59.17], [-19.77, 58.37]]}, "properties": {"nationality": "British", "year": 1761}}, {"type": "Feature", "geometry": {"type": "LineString", "coordinates": [[-42.84, -38.07], [-41.18, -35.83]]}, "properties": {"nationality": "British", "year": 1767}}, {"type": "Feature", "geometry": {"type": "LineString", "coordinates": [[31.6, -33.57], [28.99, -33.95]]}, "properties": {"nationality": "British", "year": 1751}}, {"type": "Feature", "geometry": {"type": "LineString", "coordinates": [[-116.4, 1.32], [-116.5, 2.58]]}, "properties": {"nationality": "British", "year": 1786}}, {"type": "Feature", "geometry": {"type": "LineString", "coordinates": [[-26.25, -19.0], [-26.13, -19.92]]}, "properties": {"nationality": "British", "year": 1752}}, {"type": "Feature", "geometry": {"type": "LineString", "coordinates": [[-21.57, 16.62], [-22.01, 14.72]]}, "properties": {"nationality": "British", "year": 1778}}, {"type": "Feature", "geometry": {"type": "LineString", "coordinates": [[17.82, -34.52], [16.07, -35.9]]}, "properties": {"nationality": "British", "year": 1805}}, {"type": "Feature", "geometry": {"type": "LineString", "coordinates": [[-30.69, -13.43], [-30.94, -14.38]]}, "properties": {"nationality": "British", "year": 1756}}, {"type": "Feature", "geometry": {"type": "LineString", "coordinates": [[-21.93, 4.5], [-22.83, 3.6]]}, "properties": {"nationality": "British", "year": 1769}}, {"type": "Feature", "geometry": {"type": "LineString", "coordinates": [[-32.48, -3.68], [-32.96, -5.42]]}, "properties": {"nationality": "British", "year": 1768}}, {"type": "Feature", "geometry": {"type": "LineString", "coordinates": [[-4.38, -34.58], [-2.33, -35.43]]}, "properties": {"nationality": "British", "year": 1800}}, {"type": "Feature", "geometry": {"type": "LineString", "coordinates": [[-4.42, 49.82], [-9.05, 47.9]]}, "properties": {"nationality": "British", "year": 1827}}, {"type": "Feature", "geometry": {"type": "LineString", "coordinates": [[-18.0, 41.2], [-16.97, 42.03]]}, "properties": {"nationality": "British", "year": 1795}}, {"type": "Feature", "geometry": {"type": "LineString", "coordinates": [[-15.96, 8.43], [-15.28, 8.65]]}, "properties": {"nationality": "British", "year": 1753}}, {"type": "Feature", "geometry": {"type": "LineString", "coordinates": [[-60.85, 25.82], [-62.75, 26.4]]}, "properties": {"nationality": "British", "year": 1797}}, {"type": "Feature", "geometry": {"type": "LineString", "coordinates": [[-64.72, 28.55], [-64.8, 29.18]]}, "properties": {"nationality": "British", "year": 1801}}, {"type": "Feature", "geometry": {"type": "LineString", "coordinates": [[-32.45, 40.87], [-29.28, 41.83]]}, "properties": {"nationality": "British", "year": 1805}}, {"type": "Feature", "geometry": {"type": "LineString", "coordinates": [[-7.12, -29.72], [-6.38, -29.83]]}, "properties": {"nationality": "British", "year": 1764}}, {"type": "Feature", "geometry": {"type": "LineString", "coordinates": [[-8.1, -13.6], [-9.18, -12.03]]}, "properties": {"nationality": "British", "year": 1805}}, {"type": "Feature", "geometry": {"type": "LineString", "coordinates": [[75.75, -9.92], [75.57, -8.67]]}, "properties": {"nationality": "British", "year": 1803}}, {"type": "Feature", "geometry": {"type": "LineString", "coordinates": [[-60.05, -51.35], [-60.05, -51.35]]}, "properties": {"nationality": "British", "year": 1771}}, {"type": "Feature", "geometry": {"type": "LineString", "coordinates": [[-41.4, 38.37], [-43.2, 38.22]]}, "properties": {"nationality": "British", "year": 1779}}, {"type": "Feature", "geometry": {"type": "LineString", "coordinates": [[-68.77, 31.32], [-67.2, 31.05]]}, "properties": {"nationality": "British", "year": 1782}}, {"type": "Feature", "geometry": {"type": "LineString", "coordinates": [[129.4, 8.8], [128.5, 8.98]]}, "properties": {"nationality": "British", "year": 1761}}, {"type": "Feature", "geometry": {"type": "LineString", "coordinates": [[-22.3, 23.7], [-24.33, 20.63]]}, "properties": {"nationality": "British", "year": 1804}}, {"type": "Feature", "geometry": {"type": "LineString", "coordinates": [[-25.37, 45.0], [-24.2, 45.22]]}, "properties": {"nationality": "British", "year": 1802}}, {"type": "Feature", "geometry": {"type": "LineString", "coordinates": [[-13.17, -33.53], [-10.93, -34.53]]}, "properties": {"nationality": "British", "year": 1790}}, {"type": "Feature", "geometry": {"type": "LineString", "coordinates": [[-31.67, 19.77], [-32.27, 21.28]]}, "properties": {"nationality": "British", "year": 1787}}, {"type": "Feature", "geometry": {"type": "LineString", "coordinates": [[86.67, -6.18], [86.67, -8.33]]}, "properties": {"nationality": "British", "year": 1803}}, {"type": "Feature", "geometry": {"type": "LineString", "coordinates": [[-13.27, 49.33], [-12.78, 49.2]]}, "properties": {"nationality": "British", "year": 1762}}, {"type": "Feature", "geometry": {"type": "LineString", "coordinates": [[-47.28, 22.93], [-47.75, 22.78]]}, "properties": {"nationality": "British", "year": 1780}}, {"type": "Feature", "geometry": {"type": "LineString", "coordinates": [[-18.28, -3.05], [-19.33, -0.17]]}, "properties": {"nationality": "British", "year": 1822}}, {"type": "Feature", "geometry": {"type": "LineString", "coordinates": [[42.86, -32.42], [41.33, -32.93]]}, "properties": {"nationality": "British", "year": 1783}}, {"type": "Feature", "geometry": {"type": "LineString", "coordinates": [[19.0, -34.73], [15.08, -31.7]]}, "properties": {"nationality": "British", "year": 1813}}, {"type": "Feature", "geometry": {"type": "LineString", "coordinates": [[-23.54, 12.58], [-23.06, 10.65]]}, "properties": {"nationality": "British", "year": 1760}}, {"type": "Feature", "geometry": {"type": "LineString", "coordinates": [[80.71, 11.07], [81.11, 9.38]]}, "properties": {"nationality": "British", "year": 1761}}, {"type": "Feature", "geometry": {"type": "LineString", "coordinates": [[89.9, 9.43], [91.08, 9.4]]}, "properties": {"nationality": "British", "year": 1750}}, {"type": "Feature", "geometry": {"type": "LineString", "coordinates": [[-19.68, -0.08], [-20.6, -1.3]]}, "properties": {"nationality": "British", "year": 1789}}, {"type": "Feature", "geometry": {"type": "LineString", "coordinates": [[-19.8, 35.8], [-19.92, 34.92]]}, "properties": {"nationality": "British", "year": 1779}}, {"type": "Feature", "geometry": {"type": "LineString", "coordinates": [[-30.18, 20.22], [-31.25, 21.77]]}, "properties": {"nationality": "British", "year": 1784}}, {"type": "Feature", "geometry": {"type": "LineString", "coordinates": [[-61.82, 24.63], [-60.97, 25.7]]}, "properties": {"nationality": "British", "year": 1756}}, {"type": "Feature", "geometry": {"type": "LineString", "coordinates": [[-8.53, 35.87], [-9.63, 36.83]]}, "properties": {"nationality": "British", "year": 1754}}, {"type": "Feature", "geometry": {"type": "LineString", "coordinates": [[-6.07, 58.85], [-4.62, 58.75]]}, "properties": {"nationality": "British", "year": 1782}}, {"type": "Feature", "geometry": {"type": "LineString", "coordinates": [[-33.92, 48.13], [-34.77, 48.05]]}, "properties": {"nationality": "British", "year": 1762}}, {"type": "Feature", "geometry": {"type": "LineString", "coordinates": [[-46.79, 32.92], [-47.42, 33.65]]}, "properties": {"nationality": "British", "year": 1759}}, {"type": "Feature", "geometry": {"type": "LineString", "coordinates": [[-46.43, 58.23], [-50.03, 59.27]]}, "properties": {"nationality": "British", "year": 1798}}, {"type": "Feature", "geometry": {"type": "LineString", "coordinates": [[-40.83, 19.88], [-42.47, 19.07]]}, "properties": {"nationality": "British", "year": 1797}}, {"type": "Feature", "geometry": {"type": "LineString", "coordinates": [[-52.35, 13.07], [-54.47, 13.08]]}, "properties": {"nationality": "British", "year": 1805}}, {"type": "Feature", "geometry": {"type": "LineString", "coordinates": [[-29.92, 46.33], [-30.2, 45.0]]}, "properties": {"nationality": "British", "year": 1752}}, {"type": "Feature", "geometry": {"type": "LineString", "coordinates": [[-15.17, -34.23], [-15.17, -35.32]]}, "properties": {"nationality": "British", "year": 1787}}, {"type": "Feature", "geometry": {"type": "LineString", "coordinates": [[-11.33, 48.43], [-12.01, 47.13]]}, "properties": {"nationality": "British", "year": 1757}}, {"type": "Feature", "geometry": {"type": "LineString", "coordinates": [[67.3, -37.2], [70.54, -36.6]]}, "properties": {"nationality": "British", "year": 1796}}, {"type": "Feature", "geometry": {"type": "LineString", "coordinates": [[37.64, -31.47], [38.99, -31.4]]}, "properties": {"nationality": "British", "year": 1761}}, {"type": "Feature", "geometry": {"type": "LineString", "coordinates": [[-47.67, 39.72], [-46.23, 40.05]]}, "properties": {"nationality": "British", "year": 1794}}, {"type": "Feature", "geometry": {"type": "LineString", "coordinates": [[102.96, -16.6], [101.89, -16.8]]}, "properties": {"nationality": "British", "year": 1761}}, {"type": "Feature", "geometry": {"type": "LineString", "coordinates": [[-39.8, 29.17], [-39.92, 30.2]]}, "properties": {"nationality": "British", "year": 1758}}, {"type": "Feature", "geometry": {"type": "LineString", "coordinates": [[-14.78, 7.98], [-14.33, 7.2]]}, "properties": {"nationality": "British", "year": 1788}}, {"type": "Feature", "geometry": {"type": "LineString", "coordinates": [[-18.62, -0.88], [-19.12, 0.6]]}, "properties": {"nationality": "British", "year": 1786}}, {"type": "Feature", "geometry": {"type": "LineString", "coordinates": [[-21.35, 26.53], [-22.85, 23.97]]}, "properties": {"nationality": "British", "year": 1800}}, {"type": "Feature", "geometry": {"type": "LineString", "coordinates": [[41.45, -30.2], [40.15, -31.12]]}, "properties": {"nationality": "British", "year": 1789}}, {"type": "Feature", "geometry": {"type": "LineString", "coordinates": [[-67.98, 30.02], [-66.78, 31.8]]}, "properties": {"nationality": "British", "year": 1802}}, {"type": "Feature", "geometry": {"type": "LineString", "coordinates": [[89.9, -2.7], [91.17, -1.92]]}, "properties": {"nationality": "British", "year": 1795}}, {"type": "Feature", "geometry": {"type": "LineString", "coordinates": [[-4.38, 49.63], [-5.55, 48.98]]}, "properties": {"nationality": "British", "year": 1799}}, {"type": "Feature", "geometry": {"type": "LineString", "coordinates": [[44.75, -27.37], [42.08, -28.33]]}, "properties": {"nationality": "British", "year": 1798}}, {"type": "Feature", "geometry": {"type": "LineString", "coordinates": [[-72.01, 33.83], [-70.81, 32.83]]}, "properties": {"nationality": "British", "year": 1750}}, {"type": "Feature", "geometry": {"type": "LineString", "coordinates": [[9.25, -29.53], [7.92, -28.0]]}, "properties": {"nationality": "British", "year": 1785}}, {"type": "Feature", "geometry": {"type": "LineString", "coordinates": [[-54.88, 44.2], [-51.12, 45.02]]}, "properties": {"nationality": "British", "year": 1783}}, {"type": "Feature", "geometry": {"type": "LineString", "coordinates": [[27.3, -35.62], [26.42, -35.83]]}, "properties": {"nationality": "British", "year": 1801}}, {"type": "Feature", "geometry": {"type": "LineString", "coordinates": [[-35.76, -38.58], [-36.08, -37.67]]}, "properties": {"nationality": "British", "year": 1768}}, {"type": "Feature", "geometry": {"type": "LineString", "coordinates": [[-25.52, -23.38], [-28.35, -25.08]]}, "properties": {"nationality": "British", "year": 1796}}, {"type": "Feature", "geometry": {"type": "LineString", "coordinates": [[-19.18, 2.42], [-20.75, 0.7]]}, "properties": {"nationality": "British", "year": 1809}}, {"type": "Feature", "geometry": {"type": "LineString", "coordinates": [[-14.47, 7.83], [-13.5, 7.3]]}, "properties": {"nationality": "British", "year": 1800}}, {"type": "Feature", "geometry": {"type": "LineString", "coordinates": [[-19.73, -2.87], [-22.33, -2.87]]}, "properties": {"nationality": "British", "year": 1755}}, {"type": "Feature", "geometry": {"type": "LineString", "coordinates": [[83.14, -1.35], [83.34, 0.53]]}, "properties": {"nationality": "British", "year": 1773}}, {"type": "Feature", "geometry": {"type": "LineString", "coordinates": [[65.92, -39.77], [70.48, -39.0]]}, "properties": {"nationality": "British", "year": 1828}}, {"type": "Feature", "geometry": {"type": "LineString", "coordinates": [[115.77, -11.52], [116.18, -9.05]]}, "properties": {"nationality": "British", "year": 1798}}, {"type": "Feature", "geometry": {"type": "LineString", "coordinates": [[81.45, -15.73], [79.2, -16.42]]}, "properties": {"nationality": "British", "year": 1805}}, {"type": "Feature", "geometry": {"type": "LineString", "coordinates": [[-17.17, 34.68], [-17.48, 31.6]]}, "properties": {"nationality": "British", "year": 1806}}, {"type": "Feature", "geometry": {"type": "LineString", "coordinates": [[-19.02, 48.78], [-17.74, 49.08]]}, "properties": {"nationality": "British", "year": 1772}}, {"type": "Feature", "geometry": {"type": "LineString", "coordinates": [[-11.43, 48.6], [-12.02, 47.98]]}, "properties": {"nationality": "British", "year": 1795}}, {"type": "Feature", "geometry": {"type": "LineString", "coordinates": [[-32.08, 42.03], [-30.6, 42.27]]}, "properties": {"nationality": "British", "year": 1780}}, {"type": "Feature", "geometry": {"type": "LineString", "coordinates": [[-19.03, 2.6], [-18.78, 2.12]]}, "properties": {"nationality": "British", "year": 1787}}, {"type": "Feature", "geometry": {"type": "LineString", "coordinates": [[-35.45, 42.52], [-32.55, 43.33]]}, "properties": {"nationality": "British", "year": 1766}}, {"type": "Feature", "geometry": {"type": "LineString", "coordinates": [[-28.67, -10.55], [-28.92, -12.77]]}, "properties": {"nationality": "British", "year": 1764}}, {"type": "Feature", "geometry": {"type": "LineString", "coordinates": [[-47.75, 22.78], [-48.98, 22.58]]}, "properties": {"nationality": "British", "year": 1780}}, {"type": "Feature", "geometry": {"type": "LineString", "coordinates": [[-51.6, 43.35], [-53.37, 43.17]]}, "properties": {"nationality": "British", "year": 1775}}, {"type": "Feature", "geometry": {"type": "LineString", "coordinates": [[-18.45, 48.85], [-14.8, 49.53]]}, "properties": {"nationality": "British", "year": 1753}}, {"type": "Feature", "geometry": {"type": "LineString", "coordinates": [[-31.39, 17.97], [-32.25, 18.47]]}, "properties": {"nationality": "British", "year": 1762}}, {"type": "Feature", "geometry": {"type": "LineString", "coordinates": [[9.62, -28.67], [8.8, -26.98]]}, "properties": {"nationality": "British", "year": 1789}}, {"type": "Feature", "geometry": {"type": "LineString", "coordinates": [[87.23, -2.62], [87.43, -4.02]]}, "properties": {"nationality": "British", "year": 1783}}, {"type": "Feature", "geometry": {"type": "LineString", "coordinates": [[53.18, 1.25], [54.77, 2.45]]}, "properties": {"nationality": "British", "year": 1824}}, {"type": "Feature", "geometry": {"type": "LineString", "coordinates": [[-22.1, 0.78], [-22.97, 2.87]]}, "properties": {"nationality": "British", "year": 1814}}, {"type": "Feature", "geometry": {"type": "LineString", "coordinates": [[-27.8, -6.67], [-29.5, -8.37]]}, "properties": {"nationality": "British", "year": 1786}}, {"type": "Feature", "geometry": {"type": "LineString", "coordinates": [[2.41, -26.62], [0.86, -24.92]]}, "properties": {"nationality": "British", "year": 1765}}, {"type": "Feature", "geometry": {"type": "LineString", "coordinates": [[81.12, -12.37], [78.5, -13.88]]}, "properties": {"nationality": "British", "year": 1801}}, {"type": "Feature", "geometry": {"type": "LineString", "coordinates": [[-36.27, 56.0], [-39.38, 56.28]]}, "properties": {"nationality": "British", "year": 1785}}, {"type": "Feature", "geometry": {"type": "LineString", "coordinates": [[-13.15, 51.07], [-10.77, 51.38]]}, "properties": {"nationality": "British", "year": 1797}}, {"type": "Feature", "geometry": {"type": "LineString", "coordinates": [[87.08, 8.4], [85.97, 8.0]]}, "properties": {"nationality": "British", "year": 1797}}, {"type": "Feature", "geometry": {"type": "LineString", "coordinates": [[-20.3, -7.65], [-21.35, -10.15]]}, "properties": {"nationality": "British", "year": 1788}}, {"type": "Feature", "geometry": {"type": "LineString", "coordinates": [[52.68, 5.87], [53.09, 5.17]]}, "properties": {"nationality": "British", "year": 1762}}, {"type": "Feature", "geometry": {"type": "LineString", "coordinates": [[53.7, -28.63], [54.08, -27.52]]}, "properties": {"nationality": "British", "year": 1800}}, {"type": "Feature", "geometry": {"type": "LineString", "coordinates": [[-62.31, 43.13], [-63.26, 42.97]]}, "properties": {"nationality": "British", "year": 1772}}, {"type": "Feature", "geometry": {"type": "LineString", "coordinates": [[44.06, -13.72], [43.37, -12.15]]}, "properties": {"nationality": "British", "year": 1775}}, {"type": "Feature", "geometry": {"type": "LineString", "coordinates": [[13.35, -31.8], [10.47, -30.02]]}, "properties": {"nationality": "British", "year": 1790}}, {"type": "Feature", "geometry": {"type": "LineString", "coordinates": [[-39.13, 37.1], [-37.73, 37.4]]}, "properties": {"nationality": "British", "year": 1824}}, {"type": "Feature", "geometry": {"type": "LineString", "coordinates": [[51.13, -27.92], [50.42, -28.07]]}, "properties": {"nationality": "British", "year": 1820}}, {"type": "Feature", "geometry": {"type": "LineString", "coordinates": [[-47.05, 45.5], [-45.13, 45.07]]}, "properties": {"nationality": "British", "year": 1780}}, {"type": "Feature", "geometry": {"type": "LineString", "coordinates": [[28.48, -35.78], [28.03, -36.0]]}, "properties": {"nationality": "British", "year": 1764}}, {"type": "Feature", "geometry": {"type": "LineString", "coordinates": [[74.17, -35.9], [74.52, -35.85]]}, "properties": {"nationality": "British", "year": 1780}}, {"type": "Feature", "geometry": {"type": "LineString", "coordinates": [[-19.5, -2.0], [-21.12, -0.58]]}, "properties": {"nationality": "British", "year": 1794}}, {"type": "Feature", "geometry": {"type": "LineString", "coordinates": [[-145.45, 32.45], [-144.97, 32.05]]}, "properties": {"nationality": "British", "year": 1786}}, {"type": "Feature", "geometry": {"type": "LineString", "coordinates": [[-10.52, -36.64], [-9.02, -36.63]]}, "properties": {"nationality": "British", "year": 1754}}, {"type": "Feature", "geometry": {"type": "LineString", "coordinates": [[14.26, -35.2], [16.93, -34.87]]}, "properties": {"nationality": "British", "year": 1760}}, {"type": "Feature", "geometry": {"type": "LineString", "coordinates": [[-28.12, 44.47], [-27.09, 45.18]]}, "properties": {"nationality": "British", "year": 1769}}, {"type": "Feature", "geometry": {"type": "LineString", "coordinates": [[-18.91, 50.32], [-17.46, 49.4]]}, "properties": {"nationality": "British", "year": 1764}}, {"type": "Feature", "geometry": {"type": "LineString", "coordinates": [[42.03, -22.3], [41.98, -19.13]]}, "properties": {"nationality": "British", "year": 1771}}, {"type": "Feature", "geometry": {"type": "LineString", "coordinates": [[-27.03, 28.48], [-27.03, 26.48]]}, "properties": {"nationality": "British", "year": 1757}}, {"type": "Feature", "geometry": {"type": "LineString", "coordinates": [[-5.3, 49.8], [-4.33, 49.67]]}, "properties": {"nationality": "British", "year": 1802}}, {"type": "Feature", "geometry": {"type": "LineString", "coordinates": [[59.32, 23.45], [59.99, 23.3]]}, "properties": {"nationality": "British", "year": 1799}}, {"type": "Feature", "geometry": {"type": "LineString", "coordinates": [[25.2, -35.1], [24.6, -34.48]]}, "properties": {"nationality": "British", "year": 1810}}, {"type": "Feature", "geometry": {"type": "LineString", "coordinates": [[42.04, -25.52], [41.63, -25.76]]}, "properties": {"nationality": "British", "year": 1750}}, {"type": "Feature", "geometry": {"type": "LineString", "coordinates": [[-74.6, 36.75], [-74.37, 36.67]]}, "properties": {"nationality": "British", "year": 1808}}, {"type": "Feature", "geometry": {"type": "LineString", "coordinates": [[96.32, -32.28], [97.7, -31.38]]}, "properties": {"nationality": "British", "year": 1793}}, {"type": "Feature", "geometry": {"type": "LineString", "coordinates": [[4.78, -35.22], [6.75, -35.47]]}, "properties": {"nationality": "British", "year": 1750}}, {"type": "Feature", "geometry": {"type": "LineString", "coordinates": [[-23.57, 59.7], [-23.47, 59.07]]}, "properties": {"nationality": "British", "year": 1760}}, {"type": "Feature", "geometry": {"type": "LineString", "coordinates": [[97.88, -9.25], [97.43, -10.65]]}, "properties": {"nationality": "British", "year": 1775}}, {"type": "Feature", "geometry": {"type": "LineString", "coordinates": [[-19.9, -8.2], [-20.1, -9.8]]}, "properties": {"nationality": "British", "year": 1760}}, {"type": "Feature", "geometry": {"type": "LineString", "coordinates": [[-25.7, 43.85], [-21.43, 42.75]]}, "properties": {"nationality": "British", "year": 1795}}, {"type": "Feature", "geometry": {"type": "LineString", "coordinates": [[113.1, 14.23], [113.85, 15.92]]}, "properties": {"nationality": "British", "year": 1751}}, {"type": "Feature", "geometry": {"type": "LineString", "coordinates": [[-24.67, -4.77], [-26.02, -6.72]]}, "properties": {"nationality": "British", "year": 1762}}, {"type": "Feature", "geometry": {"type": "LineString", "coordinates": [[-65.03, 29.58], [-64.82, 29.6]]}, "properties": {"nationality": "British", "year": 1801}}, {"type": "Feature", "geometry": {"type": "LineString", "coordinates": [[-28.58, 49.95], [-28.71, 49.63]]}, "properties": {"nationality": "British", "year": 1751}}, {"type": "Feature", "geometry": {"type": "LineString", "coordinates": [[-12.63, -4.22], [-14.62, -4.18]]}, "properties": {"nationality": "British", "year": 1798}}, {"type": "Feature", "geometry": {"type": "LineString", "coordinates": [[-24.97, -23.4], [-21.7, -23.02]]}, "properties": {"nationality": "British", "year": 1804}}, {"type": "Feature", "geometry": {"type": "LineString", "coordinates": [[87.73, 0.3], [87.8, 0.2]]}, "properties": {"nationality": "British", "year": 1795}}, {"type": "Feature", "geometry": {"type": "LineString", "coordinates": [[-7.58, -25.52], [-7.48, -24.77]]}, "properties": {"nationality": "British", "year": 1804}}, {"type": "Feature", "geometry": {"type": "LineString", "coordinates": [[-30.45, 39.47], [-30.25, 39.43]]}, "properties": {"nationality": "British", "year": 1810}}, {"type": "Feature", "geometry": {"type": "LineString", "coordinates": [[-15.32, 37.17], [-16.05, 35.83]]}, "properties": {"nationality": "British", "year": 1782}}, {"type": "Feature", "geometry": {"type": "LineString", "coordinates": [[-8.55, -13.3], [-10.02, -11.85]]}, "properties": {"nationality": "British", "year": 1750}}, {"type": "Feature", "geometry": {"type": "LineString", "coordinates": [[-32.8, 44.9], [-32.38, 44.13]]}, "properties": {"nationality": "British", "year": 1776}}, {"type": "Feature", "geometry": {"type": "LineString", "coordinates": [[-15.25, -29.4], [-13.27, -29.22]]}, "properties": {"nationality": "British", "year": 1759}}, {"type": "Feature", "geometry": {"type": "LineString", "coordinates": [[-24.42, 17.68], [-25.63, 15.98]]}, "properties": {"nationality": "British", "year": 1804}}, {"type": "Feature", "geometry": {"type": "LineString", "coordinates": [[65.14, -21.0], [62.8, -21.5]]}, "properties": {"nationality": "British", "year": 1763}}, {"type": "Feature", "geometry": {"type": "LineString", "coordinates": [[72.73, -18.08], [72.42, -15.08]]}, "properties": {"nationality": "British", "year": 1787}}, {"type": "Feature", "geometry": {"type": "LineString", "coordinates": [[-44.12, 58.03], [-38.76, 56.88]]}, "properties": {"nationality": "British", "year": 1789}}, {"type": "Feature", "geometry": {"type": "LineString", "coordinates": [[30.9, -35.77], [33.24, -34.75]]}, "properties": {"nationality": "British", "year": 1752}}, {"type": "Feature", "geometry": {"type": "LineString", "coordinates": [[-15.28, -30.1], [-14.72, -31.57]]}, "properties": {"nationality": "British", "year": 1787}}, {"type": "Feature", "geometry": {"type": "LineString", "coordinates": [[-29.38, 47.93], [-30.23, 47.65]]}, "properties": {"nationality": "British", "year": 1783}}, {"type": "Feature", "geometry": {"type": "LineString", "coordinates": [[-31.77, 18.18], [-33.35, 17.65]]}, "properties": {"nationality": "British", "year": 1755}}, {"type": "Feature", "geometry": {"type": "LineString", "coordinates": [[-22.23, 47.52], [-25.47, 47.67]]}, "properties": {"nationality": "British", "year": 1783}}, {"type": "Feature", "geometry": {"type": "LineString", "coordinates": [[-11.55, 49.17], [-12.35, 49.3]]}, "properties": {"nationality": "British", "year": 1758}}, {"type": "Feature", "geometry": {"type": "LineString", "coordinates": [[-47.7, 34.88], [-46.42, 34.67]]}, "properties": {"nationality": "British", "year": 1753}}, {"type": "Feature", "geometry": {"type": "LineString", "coordinates": [[85.6, -4.95], [86.75, -5.38]]}, "properties": {"nationality": "British", "year": 1813}}, {"type": "Feature", "geometry": {"type": "LineString", "coordinates": [[-20.7, 24.4], [-23.62, 22.62]]}, "properties": {"nationality": "British", "year": 1792}}, {"type": "Feature", "geometry": {"type": "LineString", "coordinates": [[16.18, -33.85], [16.8, -33.8]]}, "properties": {"nationality": "British", "year": 1807}}, {"type": "Feature", "geometry": {"type": "LineString", "coordinates": [[84.65, 7.03], [84.15, 7.07]]}, "properties": {"nationality": "British", "year": 1750}}, {"type": "Feature", "geometry": {"type": "LineString", "coordinates": [[3.77, -24.03], [2.13, -22.58]]}, "properties": {"nationality": "British", "year": 1787}}, {"type": "Feature", "geometry": {"type": "LineString", "coordinates": [[9.28, 80.18], [4.52, 80.08]]}, "properties": {"nationality": "British", "year": 1773}}, {"type": "Feature", "geometry": {"type": "LineString", "coordinates": [[-56.2, 34.58], [-55.78, 35.03]]}, "properties": {"nationality": "British", "year": 1801}}, {"type": "Feature", "geometry": {"type": "LineString", "coordinates": [[59.9, -23.78], [58.03, -24.43]]}, "properties": {"nationality": "British", "year": 1753}}, {"type": "Feature", "geometry": {"type": "LineString", "coordinates": [[42.31, -16.22], [42.49, -15.08]]}, "properties": {"nationality": "British", "year": 1782}}, {"type": "Feature", "geometry": {"type": "LineString", "coordinates": [[-9.12, -12.23], [-10.4, -10.53]]}, "properties": {"nationality": "British", "year": 1801}}, {"type": "Feature", "geometry": {"type": "LineString", "coordinates": [[24.28, -35.68], [23.7, -36.68]]}, "properties": {"nationality": "British", "year": 1760}}, {"type": "Feature", "geometry": {"type": "LineString", "coordinates": [[-34.6, -13.93], [-34.76, -15.28]]}, "properties": {"nationality": "British", "year": 1769}}, {"type": "Feature", "geometry": {"type": "LineString", "coordinates": [[-65.62, 19.73], [-66.05, 21.45]]}, "properties": {"nationality": "British", "year": 1809}}, {"type": "Feature", "geometry": {"type": "LineString", "coordinates": [[17.67, -37.37], [16.75, -36.98]]}, "properties": {"nationality": "British", "year": 1775}}, {"type": "Feature", "geometry": {"type": "LineString", "coordinates": [[92.9, 3.23], [93.45, 3.83]]}, "properties": {"nationality": "British", "year": 1805}}, {"type": "Feature", "geometry": {"type": "LineString", "coordinates": [[-14.15, 38.5], [-14.18, 38.7]]}, "properties": {"nationality": "British", "year": 1796}}, {"type": "Feature", "geometry": {"type": "LineString", "coordinates": [[45.83, -37.25], [49.35, -37.17]]}, "properties": {"nationality": "British", "year": 1786}}, {"type": "Feature", "geometry": {"type": "LineString", "coordinates": [[62.6, -23.3], [60.58, -23.82]]}, "properties": {"nationality": "British", "year": 1805}}, {"type": "Feature", "geometry": {"type": "LineString", "coordinates": [[-64.07, 25.83], [-63.57, 27.33]]}, "properties": {"nationality": "British", "year": 1751}}, {"type": "Feature", "geometry": {"type": "LineString", "coordinates": [[-17.68, 33.47], [-18.37, 32.05]]}, "properties": {"nationality": "British", "year": 1786}}, {"type": "Feature", "geometry": {"type": "LineString", "coordinates": [[35.83, -31.35], [32.75, -32.75]]}, "properties": {"nationality": "British", "year": 1790}}, {"type": "Feature", "geometry": {"type": "LineString", "coordinates": [[-23.7, -16.8], [-24.5, -18.83]]}, "properties": {"nationality": "British", "year": 1785}}, {"type": "Feature", "geometry": {"type": "LineString", "coordinates": [[31.93, -39.07], [34.6, -38.93]]}, "properties": {"nationality": "British", "year": 1804}}, {"type": "Feature", "geometry": {"type": "LineString", "coordinates": [[-54.37, 13.77], [-57.42, 13.75]]}, "properties": {"nationality": "British", "year": 1796}}, {"type": "Feature", "geometry": {"type": "LineString", "coordinates": [[-16.29, 32.53], [-17.82, 29.5]]}, "properties": {"nationality": "British", "year": 1804}}, {"type": "Feature", "geometry": {"type": "LineString", "coordinates": [[-12.32, -26.0], [-12.95, -27.05]]}, "properties": {"nationality": "British", "year": 1806}}, {"type": "Feature", "geometry": {"type": "LineString", "coordinates": [[-16.28, 48.72], [-14.18, 49.32]]}, "properties": {"nationality": "British", "year": 1808}}, {"type": "Feature", "geometry": {"type": "LineString", "coordinates": [[-7.99, 46.27], [-10.82, 43.35]]}, "properties": {"nationality": "British", "year": 1782}}, {"type": "Feature", "geometry": {"type": "LineString", "coordinates": [[-24.07, 20.72], [-23.4, 19.5]]}, "properties": {"nationality": "British", "year": 1806}}, {"type": "Feature", "geometry": {"type": "LineString", "coordinates": [[-5.48, 49.35], [-7.1, 48.88]]}, "properties": {"nationality": "British", "year": 1823}}, {"type": "Feature", "geometry": {"type": "LineString", "coordinates": [[-10.1, 45.8], [-11.33, 45.8]]}, "properties": {"nationality": "British", "year": 1767}}, {"type": "Feature", "geometry": {"type": "LineString", "coordinates": [[-23.73, -31.2], [-23.55, -31.25]]}, "properties": {"nationality": "British", "year": 1782}}, {"type": "Feature", "geometry": {"type": "LineString", "coordinates": [[-9.17, 49.6], [-10.33, 48.15]]}, "properties": {"nationality": "British", "year": 1781}}, {"type": "Feature", "geometry": {"type": "LineString", "coordinates": [[0.28, -33.95], [3.92, -34.0]]}, "properties": {"nationality": "British", "year": 1793}}, {"type": "Feature", "geometry": {"type": "LineString", "coordinates": [[-22.84, -0.58], [1.72, -34.18]]}, "properties": {"nationality": "British", "year": 1752}}, {"type": "Feature", "geometry": {"type": "LineString", "coordinates": [[-54.53, 28.33], [-55.72, 28.83]]}, "properties": {"nationality": "British", "year": 1770}}, {"type": "Feature", "geometry": {"type": "LineString", "coordinates": [[-60.05, 24.38], [-61.18, 23.25]]}, "properties": {"nationality": "British", "year": 1794}}, {"type": "Feature", "geometry": {"type": "LineString", "coordinates": [[-26.03, -8.68], [-27.14, -10.75]]}, "properties": {"nationality": "British", "year": 1758}}, {"type": "Feature", "geometry": {"type": "LineString", "coordinates": [[96.5, -9.0], [95.17, -9.37]]}, "properties": {"nationality": "British", "year": 1786}}, {"type": "Feature", "geometry": {"type": "LineString", "coordinates": [[-10.85, 43.02], [-11.18, 42.3]]}, "properties": {"nationality": "British", "year": 1806}}, {"type": "Feature", "geometry": {"type": "LineString", "coordinates": [[-50.13, 46.17], [-52.33, 46.17]]}, "properties": {"nationality": "British", "year": 1777}}, {"type": "Feature", "geometry": {"type": "LineString", "coordinates": [[-37.18, 26.18], [-40.43, 26.32]]}, "properties": {"nationality": "British", "year": 1761}}, {"type": "Feature", "geometry": {"type": "LineString", "coordinates": [[-12.22, 43.82], [-12.47, 42.83]]}, "properties": {"nationality": "British", "year": 1766}}, {"type": "Feature", "geometry": {"type": "LineString", "coordinates": [[-20.85, 10.8], [-20.47, 10.07]]}, "properties": {"nationality": "British", "year": 1782}}, {"type": "Feature", "geometry": {"type": "LineString", "coordinates": [[44.39, -30.07], [43.25, -29.7]]}, "properties": {"nationality": "British", "year": 1794}}, {"type": "Feature", "geometry": {"type": "LineString", "coordinates": [[9.33, -35.2], [11.55, -35.15]]}, "properties": {"nationality": "British", "year": 1794}}, {"type": "Feature", "geometry": {"type": "LineString", "coordinates": [[-18.78, 2.38], [-18.73, 2.58]]}, "properties": {"nationality": "British", "year": 1799}}, {"type": "Feature", "geometry": {"type": "LineString", "coordinates": [[13.48, -35.25], [17.9, -34.28]]}, "properties": {"nationality": "British", "year": 1785}}, {"type": "Feature", "geometry": {"type": "LineString", "coordinates": [[63.0, -20.9], [59.78, -21.88]]}, "properties": {"nationality": "British", "year": 1793}}, {"type": "Feature", "geometry": {"type": "LineString", "coordinates": [[-15.28, 30.1], [-17.3, 26.4]]}, "properties": {"nationality": "British", "year": 1795}}, {"type": "Feature", "geometry": {"type": "LineString", "coordinates": [[20.18, -35.98], [20.45, -36.2]]}, "properties": {"nationality": "British", "year": 1763}}, {"type": "Feature", "geometry": {"type": "LineString", "coordinates": [[-52.32, 40.92], [-54.15, 41.42]]}, "properties": {"nationality": "British", "year": 1753}}, {"type": "Feature", "geometry": {"type": "LineString", "coordinates": [[-71.82, 36.47], [-64.37, 42.68]]}, "properties": {"nationality": "British", "year": 1768}}, {"type": "Feature", "geometry": {"type": "LineString", "coordinates": [[-86.62, -51.27], [-87.4, -50.92]]}, "properties": {"nationality": "British", "year": 1769}}, {"type": "Feature", "geometry": {"type": "LineString", "coordinates": [[-26.07, 47.33], [-22.42, 48.8]]}, "properties": {"nationality": "British", "year": 1774}}, {"type": "Feature", "geometry": {"type": "LineString", "coordinates": [[-24.2, 33.42], [-25.02, 34.47]]}, "properties": {"nationality": "British", "year": 1785}}, {"type": "Feature", "geometry": {"type": "LineString", "coordinates": [[-18.73, 28.7], [-18.85, 25.25]]}, "properties": {"nationality": "British", "year": 1810}}, {"type": "Feature", "geometry": {"type": "LineString", "coordinates": [[99.77, -7.13], [99.33, -7.45]]}, "properties": {"nationality": "British", "year": 1775}}, {"type": "Feature", "geometry": {"type": "LineString", "coordinates": [[54.52, -38.45], [58.77, -37.9]]}, "properties": {"nationality": "British", "year": 1804}}, {"type": "Feature", "geometry": {"type": "LineString", "coordinates": [[-27.15, 40.27], [-26.77, 39.8]]}, "properties": {"nationality": "British", "year": 1780}}, {"type": "Feature", "geometry": {"type": "LineString", "coordinates": [[-19.57, 47.38], [-16.37, 48.05]]}, "properties": {"nationality": "British", "year": 1802}}, {"type": "Feature", "geometry": {"type": "LineString", "coordinates": [[1.62, -20.2], [-0.58, -18.0]]}, "properties": {"nationality": "British", "year": 1795}}, {"type": "Feature", "geometry": {"type": "LineString", "coordinates": [[-8.05, 4.4], [-6.82, 4.13]]}, "properties": {"nationality": "British", "year": 1770}}, {"type": "Feature", "geometry": {"type": "LineString", "coordinates": [[-32.07, 21.67], [-33.95, 23.33]]}, "properties": {"nationality": "British", "year": 1797}}, {"type": "Feature", "geometry": {"type": "LineString", "coordinates": [[-24.58, 8.4], [-24.22, 6.78]]}, "properties": {"nationality": "British", "year": 1804}}, {"type": "Feature", "geometry": {"type": "LineString", "coordinates": [[-8.32, 50.8], [-7.63, 50.43]]}, "properties": {"nationality": "British", "year": 1794}}, {"type": "Feature", "geometry": {"type": "LineString", "coordinates": [[24.23, -34.82], [22.92, -35.2]]}, "properties": {"nationality": "British", "year": 1788}}, {"type": "Feature", "geometry": {"type": "LineString", "coordinates": [[81.62, 4.97], [83.03, 7.47]]}, "properties": {"nationality": "British", "year": 1803}}, {"type": "Feature", "geometry": {"type": "LineString", "coordinates": [[24.65, -35.52], [24.02, -36.55]]}, "properties": {"nationality": "British", "year": 1784}}, {"type": "Feature", "geometry": {"type": "LineString", "coordinates": [[28.17, -38.88], [30.68, -39.52]]}, "properties": {"nationality": "British", "year": 1793}}, {"type": "Feature", "geometry": {"type": "LineString", "coordinates": [[-11.39, -36.47], [-9.54, -37.23]]}, "properties": {"nationality": "British", "year": 1761}}, {"type": "Feature", "geometry": {"type": "LineString", "coordinates": [[-13.97, 43.83], [-15.43, 41.62]]}, "properties": {"nationality": "British", "year": 1799}}, {"type": "Feature", "geometry": {"type": "LineString", "coordinates": [[47.62, -3.53], [49.67, -1.73]]}, "properties": {"nationality": "British", "year": 1806}}, {"type": "Feature", "geometry": {"type": "LineString", "coordinates": [[-28.9, -37.37], [-27.05, -37.37]]}, "properties": {"nationality": "British", "year": 1776}}, {"type": "Feature", "geometry": {"type": "LineString", "coordinates": [[-49.87, 29.08], [-48.75, 28.1]]}, "properties": {"nationality": "British", "year": 1777}}, {"type": "Feature", "geometry": {"type": "LineString", "coordinates": [[41.25, -26.68], [40.83, -24.35]]}, "properties": {"nationality": "British", "year": 1761}}, {"type": "Feature", "geometry": {"type": "LineString", "coordinates": [[-21.22, -2.38], [-22.76, -1.35]]}, "properties": {"nationality": "British", "year": 1777}}, {"type": "Feature", "geometry": {"type": "LineString", "coordinates": [[-20.18, 5.3], [-20.18, 7.62]]}, "properties": {"nationality": "British", "year": 1787}}, {"type": "Feature", "geometry": {"type": "LineString", "coordinates": [[-58.07, 14.77], [-58.15, 14.52]]}, "properties": {"nationality": "British", "year": 1794}}, {"type": "Feature", "geometry": {"type": "LineString", "coordinates": [[-22.24, 15.63], [-22.33, 14.05]]}, "properties": {"nationality": "British", "year": 1756}}, {"type": "Feature", "geometry": {"type": "LineString", "coordinates": [[-21.43, 42.75], [-17.22, 41.62]]}, "properties": {"nationality": "British", "year": 1795}}, {"type": "Feature", "geometry": {"type": "LineString", "coordinates": [[11.55, -35.15], [13.57, -34.68]]}, "properties": {"nationality": "British", "year": 1794}}, {"type": "Feature", "geometry": {"type": "LineString", "coordinates": [[105.07, -19.32], [106.37, -16.4]]}, "properties": {"nationality": "British", "year": 1767}}, {"type": "Feature", "geometry": {"type": "LineString", "coordinates": [[-27.17, 10.88], [-28.08, 11.73]]}, "properties": {"nationality": "British", "year": 1814}}, {"type": "Feature", "geometry": {"type": "LineString", "coordinates": [[36.98, -27.9], [35.08, -29.38]]}, "properties": {"nationality": "British", "year": 1774}}, {"type": "Feature", "geometry": {"type": "LineString", "coordinates": [[-5.24, 46.03], [-5.4, 46.73]]}, "properties": {"nationality": "British", "year": 1758}}, {"type": "Feature", "geometry": {"type": "LineString", "coordinates": [[-19.08, 47.72], [-18.38, 48.42]]}, "properties": {"nationality": "British", "year": 1763}}, {"type": "Feature", "geometry": {"type": "LineString", "coordinates": [[-18.53, 47.57], [-16.5, 49.07]]}, "properties": {"nationality": "British", "year": 1774}}, {"type": "Feature", "geometry": {"type": "LineString", "coordinates": [[83.3, -21.03], [83.3, -19.38]]}, "properties": {"nationality": "British", "year": 1773}}, {"type": "Feature", "geometry": {"type": "LineString", "coordinates": [[-34.18, 54.88], [-36.6, 55.83]]}, "properties": {"nationality": "British", "year": 1774}}, {"type": "Feature", "geometry": {"type": "LineString", "coordinates": [[-11.48, 44.77], [-12.52, 43.63]]}, "properties": {"nationality": "British", "year": 1806}}, {"type": "Feature", "geometry": {"type": "LineString", "coordinates": [[-28.0, 18.37], [-30.0, 20.53]]}, "properties": {"nationality": "British", "year": 1806}}, {"type": "Feature", "geometry": {"type": "LineString", "coordinates": [[2.64, 0.23], [3.27, 0.03]]}, "properties": {"nationality": "British", "year": 1752}}, {"type": "Feature", "geometry": {"type": "LineString", "coordinates": [[-24.02, 6.55], [-25.02, 7.33]]}, "properties": {"nationality": "British", "year": 1778}}, {"type": "Feature", "geometry": {"type": "LineString", "coordinates": [[18.67, -34.18], [18.58, -35.47]]}, "properties": {"nationality": "British", "year": 1752}}, {"type": "Feature", "geometry": {"type": "LineString", "coordinates": [[-20.28, 11.47], [-20.15, 10.57]]}, "properties": {"nationality": "British", "year": 1754}}, {"type": "Feature", "geometry": {"type": "LineString", "coordinates": [[-8.1, -13.9], [-9.58, -12.55]]}, "properties": {"nationality": "British", "year": 1798}}, {"type": "Feature", "geometry": {"type": "LineString", "coordinates": [[7.85, -36.47], [9.02, -37.05]]}, "properties": {"nationality": "British", "year": 1785}}, {"type": "Feature", "geometry": {"type": "LineString", "coordinates": [[51.58, 11.88], [50.8, 12.2]]}, "properties": {"nationality": "British", "year": 1750}}, {"type": "Feature", "geometry": {"type": "LineString", "coordinates": [[-27.27, 44.27], [-24.42, 44.87]]}, "properties": {"nationality": "British", "year": 1784}}, {"type": "Feature", "geometry": {"type": "LineString", "coordinates": [[-63.53, 40.6], [-65.1, 41.78]]}, "properties": {"nationality": "British", "year": 1770}}, {"type": "Feature", "geometry": {"type": "LineString", "coordinates": [[19.1, -36.67], [20.48, -36.25]]}, "properties": {"nationality": "British", "year": 1795}}, {"type": "Feature", "geometry": {"type": "LineString", "coordinates": [[163.85, -48.78], [167.52, -50.1]]}, "properties": {"nationality": "British", "year": 1800}}, {"type": "Feature", "geometry": {"type": "LineString", "coordinates": [[37.32, -19.55], [37.5, -19.13]]}, "properties": {"nationality": "British", "year": 1812}}, {"type": "Feature", "geometry": {"type": "LineString", "coordinates": [[-11.43, 46.03], [-10.27, 45.6]]}, "properties": {"nationality": "British", "year": 1758}}, {"type": "Feature", "geometry": {"type": "LineString", "coordinates": [[-17.53, 14.52], [-17.93, 12.0]]}, "properties": {"nationality": "British", "year": 1800}}, {"type": "Feature", "geometry": {"type": "LineString", "coordinates": [[-11.08, 45.92], [-11.17, 45.12]]}, "properties": {"nationality": "British", "year": 1798}}, {"type": "Feature", "geometry": {"type": "LineString", "coordinates": [[43.4, -36.4], [45.45, -36.97]]}, "properties": {"nationality": "British", "year": 1798}}, {"type": "Feature", "geometry": {"type": "LineString", "coordinates": [[89.93, 5.98], [91.86, 5.02]]}, "properties": {"nationality": "British", "year": 1796}}, {"type": "Feature", "geometry": {"type": "LineString", "coordinates": [[-6.1, 48.9], [-7.77, 47.98]]}, "properties": {"nationality": "British", "year": 1754}}, {"type": "Feature", "geometry": {"type": "LineString", "coordinates": [[0.6, -38.37], [2.5, -38.87]]}, "properties": {"nationality": "British", "year": 1803}}, {"type": "Feature", "geometry": {"type": "LineString", "coordinates": [[-40.63, 25.32], [-40.93, 27.3]]}, "properties": {"nationality": "British", "year": 1808}}, {"type": "Feature", "geometry": {"type": "LineString", "coordinates": [[50.42, 11.92], [49.81, 11.62]]}, "properties": {"nationality": "British", "year": 1799}}, {"type": "Feature", "geometry": {"type": "LineString", "coordinates": [[-20.88, 49.73], [-21.8, 50.32]]}, "properties": {"nationality": "British", "year": 1751}}, {"type": "Feature", "geometry": {"type": "LineString", "coordinates": [[-55.33, 31.65], [-58.17, 31.07]]}, "properties": {"nationality": "British", "year": 1751}}, {"type": "Feature", "geometry": {"type": "LineString", "coordinates": [[-20.88, 42.7], [-20.37, 41.78]]}, "properties": {"nationality": "British", "year": 1796}}, {"type": "Feature", "geometry": {"type": "LineString", "coordinates": [[-56.57, 16.39], [-58.01, 16.31]]}, "properties": {"nationality": "British", "year": 1791}}, {"type": "Feature", "geometry": {"type": "LineString", "coordinates": [[-15.62, 42.3], [-16.43, 41.15]]}, "properties": {"nationality": "British", "year": 1763}}, {"type": "Feature", "geometry": {"type": "LineString", "coordinates": [[38.85, -30.83], [39.22, -31.22]]}, "properties": {"nationality": "British", "year": 1808}}, {"type": "Feature", "geometry": {"type": "LineString", "coordinates": [[-9.07, 48.67], [-10.68, 45.87]]}, "properties": {"nationality": "British", "year": 1799}}, {"type": "Feature", "geometry": {"type": "LineString", "coordinates": [[-61.46, 19.6], [-61.33, 19.48]]}, "properties": {"nationality": "British", "year": 1755}}, {"type": "Feature", "geometry": {"type": "LineString", "coordinates": [[45.7, -7.65], [47.42, -5.47]]}, "properties": {"nationality": "British", "year": 1824}}, {"type": "Feature", "geometry": {"type": "LineString", "coordinates": [[-17.77, -2.6], [-18.75, -0.82]]}, "properties": {"nationality": "British", "year": 1751}}, {"type": "Feature", "geometry": {"type": "LineString", "coordinates": [[60.05, 15.05], [62.8, 15.8]]}, "properties": {"nationality": "British", "year": 1789}}, {"type": "Feature", "geometry": {"type": "LineString", "coordinates": [[-62.49, 19.0], [-61.46, 20.02]]}, "properties": {"nationality": "British", "year": 1774}}, {"type": "Feature", "geometry": {"type": "LineString", "coordinates": [[9.03, -26.97], [7.25, -25.57]]}, "properties": {"nationality": "British", "year": 1802}}, {"type": "Feature", "geometry": {"type": "LineString", "coordinates": [[-29.7, 41.05], [-26.63, 42.42]]}, "properties": {"nationality": "British", "year": 1782}}, {"type": "Feature", "geometry": {"type": "LineString", "coordinates": [[-29.95, 21.8], [-32.27, 20.93]]}, "properties": {"nationality": "British", "year": 1783}}, {"type": "Feature", "geometry": {"type": "LineString", "coordinates": [[-13.88, 42.38], [-14.6, 40.7]]}, "properties": {"nationality": "British", "year": 1804}}, {"type": "Feature", "geometry": {"type": "LineString", "coordinates": [[-36.62, 36.77], [-35.87, 37.12]]}, "properties": {"nationality": "British", "year": 1760}}, {"type": "Feature", "geometry": {"type": "LineString", "coordinates": [[-7.32, -14.97], [-8.43, -14.17]]}, "properties": {"nationality": "British", "year": 1775}}, {"type": "Feature", "geometry": {"type": "LineString", "coordinates": [[29.95, -32.28], [48.65, -25.53]]}, "properties": {"nationality": "British", "year": 1801}}, {"type": "Feature", "geometry": {"type": "LineString", "coordinates": [[-39.32, 42.68], [-37.35, 43.83]]}, "properties": {"nationality": "British", "year": 1779}}, {"type": "Feature", "geometry": {"type": "LineString", "coordinates": [[96.14, 7.9], [95.15, 7.95]]}, "properties": {"nationality": "British", "year": 1777}}, {"type": "Feature", "geometry": {"type": "LineString", "coordinates": [[-33.32, 14.9], [-34.63, 16.43]]}, "properties": {"nationality": "British", "year": 1807}}, {"type": "Feature", "geometry": {"type": "LineString", "coordinates": [[-10.45, 46.58], [-9.05, 47.48]]}, "properties": {"nationality": "British", "year": 1805}}, {"type": "Feature", "geometry": {"type": "LineString", "coordinates": [[-22.72, 49.15], [-21.46, 49.4]]}, "properties": {"nationality": "British", "year": 1773}}, {"type": "Feature", "geometry": {"type": "LineString", "coordinates": [[-16.84, 47.5], [-17.05, 48.68]]}, "properties": {"nationality": "British", "year": 1784}}, {"type": "Feature", "geometry": {"type": "LineString", "coordinates": [[-20.78, 48.57], [-23.26, 47.93]]}, "properties": {"nationality": "British", "year": 1780}}, {"type": "Feature", "geometry": {"type": "LineString", "coordinates": [[-27.73, 28.17], [-28.48, 29.58]]}, "properties": {"nationality": "British", "year": 1774}}, {"type": "Feature", "geometry": {"type": "LineString", "coordinates": [[23.23, -36.95], [22.67, -36.67]]}, "properties": {"nationality": "British", "year": 1788}}, {"type": "Feature", "geometry": {"type": "LineString", "coordinates": [[-52.72, 44.63], [-50.99, 45.23]]}, "properties": {"nationality": "British", "year": 1773}}, {"type": "Feature", "geometry": {"type": "LineString", "coordinates": [[49.37, -26.42], [48.58, -26.87]]}, "properties": {"nationality": "British", "year": 1805}}, {"type": "Feature", "geometry": {"type": "LineString", "coordinates": [[-46.69, 46.28], [-45.51, 45.9]]}, "properties": {"nationality": "British", "year": 1756}}, {"type": "Feature", "geometry": {"type": "LineString", "coordinates": [[-14.53, -29.72], [-13.3, -30.25]]}, "properties": {"nationality": "British", "year": 1798}}, {"type": "Feature", "geometry": {"type": "LineString", "coordinates": [[40.13, -28.97], [37.53, -30.25]]}, "properties": {"nationality": "British", "year": 1764}}, {"type": "Feature", "geometry": {"type": "LineString", "coordinates": [[97.48, 7.53], [98.08, 7.07]]}, "properties": {"nationality": "British", "year": 1802}}, {"type": "Feature", "geometry": {"type": "LineString", "coordinates": [[-28.2, 41.5], [-27.07, 42.15]]}, "properties": {"nationality": "British", "year": 1805}}, {"type": "Feature", "geometry": {"type": "LineString", "coordinates": [[-16.9, 27.17], [-18.53, 25.6]]}, "properties": {"nationality": "British", "year": 1768}}, {"type": "Feature", "geometry": {"type": "LineString", "coordinates": [[88.62, 19.75], [88.9, 18.7]]}, "properties": {"nationality": "British", "year": 1771}}, {"type": "Feature", "geometry": {"type": "LineString", "coordinates": [[-22.21, 1.93], [-22.66, 1.65]]}, "properties": {"nationality": "British", "year": 1756}}, {"type": "Feature", "geometry": {"type": "LineString", "coordinates": [[16.07, -33.52], [14.75, -32.37]]}, "properties": {"nationality": "British", "year": 1803}}, {"type": "Feature", "geometry": {"type": "LineString", "coordinates": [[17.5, -34.12], [19.48, -35.0]]}, "properties": {"nationality": "British", "year": 1770}}, {"type": "Feature", "geometry": {"type": "LineString", "coordinates": [[93.0, -2.25], [91.6, -2.43]]}, "properties": {"nationality": "British", "year": 1798}}, {"type": "Feature", "geometry": {"type": "LineString", "coordinates": [[33.25, -31.37], [32.07, -33.33]]}, "properties": {"nationality": "British", "year": 1783}}, {"type": "Feature", "geometry": {"type": "LineString", "coordinates": [[-32.6, -17.08], [-32.9, -18.2]]}, "properties": {"nationality": "British", "year": 1780}}, {"type": "Feature", "geometry": {"type": "LineString", "coordinates": [[-5.43, 49.02], [-6.25, 49.52]]}, "properties": {"nationality": "British", "year": 1811}}, {"type": "Feature", "geometry": {"type": "LineString", "coordinates": [[50.03, -3.92], [50.88, -4.02]]}, "properties": {"nationality": "British", "year": 1812}}, {"type": "Feature", "geometry": {"type": "LineString", "coordinates": [[26.17, -39.65], [29.42, -39.82]]}, "properties": {"nationality": "British", "year": 1829}}, {"type": "Feature", "geometry": {"type": "LineString", "coordinates": [[47.55, -0.4], [48.82, 0.7]]}, "properties": {"nationality": "British", "year": 1781}}, {"type": "Feature", "geometry": {"type": "LineString", "coordinates": [[88.02, -10.45], [84.07, -14.72]]}, "properties": {"nationality": "British", "year": 1822}}, {"type": "Feature", "geometry": {"type": "LineString", "coordinates": [[81.99, 11.83], [81.0, 13.08]]}, "properties": {"nationality": "British", "year": 1779}}, {"type": "Feature", "geometry": {"type": "LineString", "coordinates": [[-28.72, 12.5], [-30.05, 14.03]]}, "properties": {"nationality": "British", "year": 1772}}, {"type": "Feature", "geometry": {"type": "LineString", "coordinates": [[84.95, 8.62], [83.9, 8.1]]}, "properties": {"nationality": "British", "year": 1760}}, {"type": "Feature", "geometry": {"type": "LineString", "coordinates": [[-56.8, 29.42], [-57.95, 29.5]]}, "properties": {"nationality": "British", "year": 1758}}, {"type": "Feature", "geometry": {"type": "LineString", "coordinates": [[-24.16, 45.1], [-23.79, 46.22]]}, "properties": {"nationality": "British", "year": 1771}}, {"type": "Feature", "geometry": {"type": "LineString", "coordinates": [[15.2, -32.83], [16.78, -32.77]]}, "properties": {"nationality": "British", "year": 1801}}, {"type": "Feature", "geometry": {"type": "LineString", "coordinates": [[55.62, -22.38], [53.87, -23.8]]}, "properties": {"nationality": "British", "year": 1797}}, {"type": "Feature", "geometry": {"type": "LineString", "coordinates": [[-16.08, 6.9], [-14.9, 6.33]]}, "properties": {"nationality": "British", "year": 1781}}, {"type": "Feature", "geometry": {"type": "LineString", "coordinates": [[-18.97, 5.97], [-19.15, 6.1]]}, "properties": {"nationality": "British", "year": 1771}}, {"type": "Feature", "geometry": {"type": "LineString", "coordinates": [[63.56, -24.05], [60.39, -25.55]]}, "properties": {"nationality": "British", "year": 1765}}, {"type": "Feature", "geometry": {"type": "LineString", "coordinates": [[74.8, 12.3], [75.3, 10.0]]}, "properties": {"nationality": "British", "year": 1808}}, {"type": "Feature", "geometry": {"type": "LineString", "coordinates": [[-13.8, 44.08], [-13.92, 43.38]]}, "properties": {"nationality": "British", "year": 1800}}, {"type": "Feature", "geometry": {"type": "LineString", "coordinates": [[36.03, -29.25], [35.1, -28.28]]}, "properties": {"nationality": "British", "year": 1812}}, {"type": "Feature", "geometry": {"type": "LineString", "coordinates": [[-6.65, 49.05], [-8.13, 47.52]]}, "properties": {"nationality": "British", "year": 1798}}, {"type": "Feature", "geometry": {"type": "LineString", "coordinates": [[-64.55, 33.62], [-63.4, 33.82]]}, "properties": {"nationality": "British", "year": 1770}}, {"type": "Feature", "geometry": {"type": "LineString", "coordinates": [[-23.43, 15.22], [-22.1, 14.33]]}, "properties": {"nationality": "British", "year": 1799}}, {"type": "Feature", "geometry": {"type": "LineString", "coordinates": [[-62.42, 31.15], [-61.78, 31.78]]}, "properties": {"nationality": "British", "year": 1802}}, {"type": "Feature", "geometry": {"type": "LineString", "coordinates": [[66.85, -22.7], [64.92, -23.05]]}, "properties": {"nationality": "British", "year": 1768}}, {"type": "Feature", "geometry": {"type": "LineString", "coordinates": [[-37.31, 30.33], [-37.66, 28.57]]}, "properties": {"nationality": "British", "year": 1780}}, {"type": "Feature", "geometry": {"type": "LineString", "coordinates": [[-43.12, 12.98], [-45.02, 13.0]]}, "properties": {"nationality": "British", "year": 1762}}, {"type": "Feature", "geometry": {"type": "LineString", "coordinates": [[-11.23, 44.98], [-11.3, 41.52]]}, "properties": {"nationality": "British", "year": 1779}}, {"type": "Feature", "geometry": {"type": "LineString", "coordinates": [[-29.83, 36.83], [-28.85, 37.27]]}, "properties": {"nationality": "British", "year": 1805}}, {"type": "Feature", "geometry": {"type": "LineString", "coordinates": [[-30.05, -9.52], [-29.95, -11.82]]}, "properties": {"nationality": "British", "year": 1819}}, {"type": "Feature", "geometry": {"type": "LineString", "coordinates": [[-73.86, 24.85], [-73.99, 25.72]]}, "properties": {"nationality": "British", "year": 1797}}, {"type": "Feature", "geometry": {"type": "LineString", "coordinates": [[87.42, -2.92], [87.42, -1.03]]}, "properties": {"nationality": "British", "year": 1761}}, {"type": "Feature", "geometry": {"type": "LineString", "coordinates": [[-24.77, -0.15], [-25.13, -1.17]]}, "properties": {"nationality": "British", "year": 1806}}, {"type": "Feature", "geometry": {"type": "LineString", "coordinates": [[-21.7, 4.07], [-20.68, 4.62]]}, "properties": {"nationality": "British", "year": 1807}}, {"type": "Feature", "geometry": {"type": "LineString", "coordinates": [[-18.13, 2.72], [-18.48, 2.58]]}, "properties": {"nationality": "British", "year": 1816}}, {"type": "Feature", "geometry": {"type": "LineString", "coordinates": [[16.59, -34.0], [14.7, -32.13]]}, "properties": {"nationality": "British", "year": 1771}}, {"type": "Feature", "geometry": {"type": "LineString", "coordinates": [[-68.94, 39.2], [-69.89, 39.93]]}, "properties": {"nationality": "British", "year": 1766}}, {"type": "Feature", "geometry": {"type": "LineString", "coordinates": [[-6.65, 4.52], [-6.54, 4.48]]}, "properties": {"nationality": "British", "year": 1750}}, {"type": "Feature", "geometry": {"type": "LineString", "coordinates": [[-22.92, 38.22], [-24.72, 38.42]]}, "properties": {"nationality": "British", "year": 1772}}, {"type": "Feature", "geometry": {"type": "LineString", "coordinates": [[36.2, -31.45], [34.37, -32.53]]}, "properties": {"nationality": "British", "year": 1804}}, {"type": "Feature", "geometry": {"type": "LineString", "coordinates": [[-9.33, 4.55], [-8.77, 4.38]]}, "properties": {"nationality": "British", "year": 1800}}, {"type": "Feature", "geometry": {"type": "LineString", "coordinates": [[-38.41, 49.32], [-36.74, 49.22]]}, "properties": {"nationality": "British", "year": 1781}}, {"type": "Feature", "geometry": {"type": "LineString", "coordinates": [[-27.88, -28.13], [-27.5, -26.47]]}, "properties": {"nationality": "British", "year": 1771}}, {"type": "Feature", "geometry": {"type": "LineString", "coordinates": [[65.77, -21.22], [63.9, -21.53]]}, "properties": {"nationality": "British", "year": 1794}}, {"type": "Feature", "geometry": {"type": "LineString", "coordinates": [[-62.32, 19.12], [-62.32, 20.43]]}, "properties": {"nationality": "British", "year": 1756}}, {"type": "Feature", "geometry": {"type": "LineString", "coordinates": [[82.91, 10.55], [83.38, 10.08]]}, "properties": {"nationality": "British", "year": 1755}}, {"type": "Feature", "geometry": {"type": "LineString", "coordinates": [[-12.71, 43.77], [-11.14, 45.03]]}, "properties": {"nationality": "British", "year": 1751}}, {"type": "Feature", "geometry": {"type": "LineString", "coordinates": [[-20.91, -29.37], [-20.2, -30.0]]}, "properties": {"nationality": "British", "year": 1781}}, {"type": "Feature", "geometry": {"type": "LineString", "coordinates": [[-30.03, 40.27], [-28.43, 39.93]]}, "properties": {"nationality": "British", "year": 1815}}, {"type": "Feature", "geometry": {"type": "LineString", "coordinates": [[-17.57, 4.2], [-17.43, 4.5]]}, "properties": {"nationality": "British", "year": 1772}}, {"type": "Feature", "geometry": {"type": "LineString", "coordinates": [[46.4, -32.2], [47.78, -31.67]]}, "properties": {"nationality": "British", "year": 1800}}, {"type": "Feature", "geometry": {"type": "LineString", "coordinates": [[-51.73, 38.25], [-49.6, 39.17]]}, "properties": {"nationality": "British", "year": 1769}}, {"type": "Feature", "geometry": {"type": "LineString", "coordinates": [[14.88, -34.63], [17.47, -34.42]]}, "properties": {"nationality": "British", "year": 1807}}, {"type": "Feature", "geometry": {"type": "LineString", "coordinates": [[-56.88, 12.2], [-57.7, 13.25]]}, "properties": {"nationality": "British", "year": 1770}}, {"type": "Feature", "geometry": {"type": "LineString", "coordinates": [[-19.56, -1.37], [-19.56, -0.35]]}, "properties": {"nationality": "British", "year": 1752}}, {"type": "Feature", "geometry": {"type": "LineString", "coordinates": [[71.72, -21.23], [70.58, -22.63]]}, "properties": {"nationality": "British", "year": 1792}}, {"type": "Feature", "geometry": {"type": "LineString", "coordinates": [[-25.66, -34.12], [-25.94, -35.42]]}, "properties": {"nationality": "British", "year": 1757}}, {"type": "Feature", "geometry": {"type": "LineString", "coordinates": [[44.28, -27.62], [42.85, -27.42]]}, "properties": {"nationality": "British", "year": 1786}}, {"type": "Feature", "geometry": {"type": "LineString", "coordinates": [[-17.42, 2.97], [-17.58, 3.4]]}, "properties": {"nationality": "British", "year": 1816}}, {"type": "Feature", "geometry": {"type": "LineString", "coordinates": [[-15.15, -6.87], [-15.98, -5.08]]}, "properties": {"nationality": "British", "year": 1796}}, {"type": "Feature", "geometry": {"type": "LineString", "coordinates": [[53.75, -27.6], [51.65, -28.42]]}, "properties": {"nationality": "British", "year": 1775}}, {"type": "Feature", "geometry": {"type": "LineString", "coordinates": [[-22.78, -29.63], [-22.55, -30.05]]}, "properties": {"nationality": "British", "year": 1785}}, {"type": "Feature", "geometry": {"type": "LineString", "coordinates": [[-22.16, 16.07], [-21.92, 15.9]]}, "properties": {"nationality": "British", "year": 1751}}, {"type": "Feature", "geometry": {"type": "LineString", "coordinates": [[-12.32, 45.08], [-15.32, 43.08]]}, "properties": {"nationality": "British", "year": 1772}}, {"type": "Feature", "geometry": {"type": "LineString", "coordinates": [[-165.97, -18.23], [-167.18, -18.42]]}, "properties": {"nationality": "British", "year": 1774}}, {"type": "Feature", "geometry": {"type": "LineString", "coordinates": [[-28.48, 29.58], [-28.88, 30.78]]}, "properties": {"nationality": "British", "year": 1774}}, {"type": "Feature", "geometry": {"type": "LineString", "coordinates": [[98.08, 7.07], [98.8, 6.57]]}, "properties": {"nationality": "British", "year": 1802}}, {"type": "Feature", "geometry": {"type": "LineString", "coordinates": [[-8.77, -2.52], [-10.15, -2.18]]}, "properties": {"nationality": "British", "year": 1776}}, {"type": "Feature", "geometry": {"type": "LineString", "coordinates": [[10.96, -26.77], [9.84, -25.12]]}, "properties": {"nationality": "British", "year": 1764}}, {"type": "Feature", "geometry": {"type": "LineString", "coordinates": [[32.8, -30.9], [33.78, -30.5]]}, "properties": {"nationality": "British", "year": 1750}}, {"type": "Feature", "geometry": {"type": "LineString", "coordinates": [[38.17, -27.82], [37.15, -28.97]]}, "properties": {"nationality": "British", "year": 1798}}, {"type": "Feature", "geometry": {"type": "LineString", "coordinates": [[-30.89, -2.72], [-31.58, -4.12]]}, "properties": {"nationality": "British", "year": 1766}}, {"type": "Feature", "geometry": {"type": "LineString", "coordinates": [[23.43, -35.48], [22.1, -35.45]]}, "properties": {"nationality": "British", "year": 1755}}, {"type": "Feature", "geometry": {"type": "LineString", "coordinates": [[-12.08, 40.17], [-12.58, 37.68]]}, "properties": {"nationality": "British", "year": 1755}}, {"type": "Feature", "geometry": {"type": "LineString", "coordinates": [[-33.21, 42.58], [-31.04, 42.58]]}, "properties": {"nationality": "British", "year": 1753}}, {"type": "Feature", "geometry": {"type": "LineString", "coordinates": [[121.82, -44.28], [125.6, -44.52]]}, "properties": {"nationality": "British", "year": 1797}}, {"type": "Feature", "geometry": {"type": "LineString", "coordinates": [[-47.18, -27.98], [-48.82, -29.9]]}, "properties": {"nationality": "British", "year": 1801}}, {"type": "Feature", "geometry": {"type": "LineString", "coordinates": [[-25.79, 8.17], [-26.49, 8.83]]}, "properties": {"nationality": "British", "year": 1778}}, {"type": "Feature", "geometry": {"type": "LineString", "coordinates": [[6.8, -4.43], [7.4, -5.87]]}, "properties": {"nationality": "British", "year": 1791}}, {"type": "Feature", "geometry": {"type": "LineString", "coordinates": [[-9.23, 51.0], [-10.52, 49.52]]}, "properties": {"nationality": "British", "year": 1757}}, {"type": "Feature", "geometry": {"type": "LineString", "coordinates": [[-14.42, 45.08], [-15.38, 44.35]]}, "properties": {"nationality": "British", "year": 1774}}, {"type": "Feature", "geometry": {"type": "LineString", "coordinates": [[-26.7, -26.33], [-26.03, -28.18]]}, "properties": {"nationality": "British", "year": 1787}}, {"type": "Feature", "geometry": {"type": "LineString", "coordinates": [[-161.48, -18.75], [-162.75, -18.58]]}, "properties": {"nationality": "British", "year": 1774}}, {"type": "Feature", "geometry": {"type": "LineString", "coordinates": [[-19.2, -2.08], [-20.18, -0.92]]}, "properties": {"nationality": "British", "year": 1823}}, {"type": "Feature", "geometry": {"type": "LineString", "coordinates": [[-22.87, 42.82], [-23.83, 43.2]]}, "properties": {"nationality": "British", "year": 1815}}, {"type": "Feature", "geometry": {"type": "LineString", "coordinates": [[61.3, -41.12], [63.25, -41.28]]}, "properties": {"nationality": "British", "year": 1801}}, {"type": "Feature", "geometry": {"type": "LineString", "coordinates": [[-29.8, 28.02], [-32.13, 28.23]]}, "properties": {"nationality": "British", "year": 1790}}, {"type": "Feature", "geometry": {"type": "LineString", "coordinates": [[10.92, -37.43], [14.08, -37.28]]}, "properties": {"nationality": "British", "year": 1805}}, {"type": "Feature", "geometry": {"type": "LineString", "coordinates": [[-35.78, 33.15], [-34.77, 35.82]]}, "properties": {"nationality": "British", "year": 1815}}, {"type": "Feature", "geometry": {"type": "LineString", "coordinates": [[-28.38, -7.3], [-29.55, -9.25]]}, "properties": {"nationality": "British", "year": 1772}}, {"type": "Feature", "geometry": {"type": "LineString", "coordinates": [[23.38, -37.17], [22.48, -38.13]]}, "properties": {"nationality": "British", "year": 1804}}, {"type": "Feature", "geometry": {"type": "LineString", "coordinates": [[-53.56, 24.5], [-53.96, 23.07]]}, "properties": {"nationality": "British", "year": 1768}}, {"type": "Feature", "geometry": {"type": "LineString", "coordinates": [[9.7, -35.68], [10.5, -35.33]]}, "properties": {"nationality": "British", "year": 1780}}, {"type": "Feature", "geometry": {"type": "LineString", "coordinates": [[0.38, -20.37], [-1.32, -18.77]]}, "properties": {"nationality": "British", "year": 1812}}, {"type": "Feature", "geometry": {"type": "LineString", "coordinates": [[-20.98, 19.95], [-23.31, 21.97]]}, "properties": {"nationality": "British", "year": 1759}}, {"type": "Feature", "geometry": {"type": "LineString", "coordinates": [[72.88, -18.05], [70.25, -19.47]]}, "properties": {"nationality": "British", "year": 1810}}, {"type": "Feature", "geometry": {"type": "LineString", "coordinates": [[-15.15, 34.47], [-16.03, 32.85]]}, "properties": {"nationality": "British", "year": 1764}}, {"type": "Feature", "geometry": {"type": "LineString", "coordinates": [[-13.73, 38.63], [-14.35, 37.9]]}, "properties": {"nationality": "British", "year": 1766}}, {"type": "Feature", "geometry": {"type": "LineString", "coordinates": [[2.03, -30.9], [3.67, -31.17]]}, "properties": {"nationality": "British", "year": 1801}}, {"type": "Feature", "geometry": {"type": "LineString", "coordinates": [[-25.98, 1.38], [-27.23, 0.3]]}, "properties": {"nationality": "British", "year": 1809}}, {"type": "Feature", "geometry": {"type": "LineString", "coordinates": [[-0.2, -18.07], [-2.93, -16.73]]}, "properties": {"nationality": "British", "year": 1797}}, {"type": "Feature", "geometry": {"type": "LineString", "coordinates": [[63.8, -23.28], [63.18, -23.77]]}, "properties": {"nationality": "British", "year": 1794}}, {"type": "Feature", "geometry": {"type": "LineString", "coordinates": [[-34.85, 29.48], [-33.72, 31.23]]}, "properties": {"nationality": "British", "year": 1807}}, {"type": "Feature", "geometry": {"type": "LineString", "coordinates": [[-18.14, 0.68], [-18.2, 2.0]]}, "properties": {"nationality": "British", "year": 1753}}, {"type": "Feature", "geometry": {"type": "LineString", "coordinates": [[-39.22, 33.47], [-40.8, 34.35]]}, "properties": {"nationality": "British", "year": 1791}}, {"type": "Feature", "geometry": {"type": "LineString", "coordinates": [[45.82, -1.73], [46.98, -0.18]]}, "properties": {"nationality": "British", "year": 1765}}, {"type": "Feature", "geometry": {"type": "LineString", "coordinates": [[-8.85, -20.43], [-9.63, -22.47]]}, "properties": {"nationality": "British", "year": 1797}}, {"type": "Feature", "geometry": {"type": "LineString", "coordinates": [[-25.62, 12.75], [-24.63, 10.65]]}, "properties": {"nationality": "British", "year": 1804}}, {"type": "Feature", "geometry": {"type": "LineString", "coordinates": [[-15.47, -29.02], [-14.8, -29.72]]}, "properties": {"nationality": "British", "year": 1767}}, {"type": "Feature", "geometry": {"type": "LineString", "coordinates": [[-42.62, 42.28], [-43.99, 42.25]]}, "properties": {"nationality": "British", "year": 1779}}, {"type": "Feature", "geometry": {"type": "LineString", "coordinates": [[14.65, -30.63], [15.8, -30.4]]}, "properties": {"nationality": "British", "year": 1796}}, {"type": "Feature", "geometry": {"type": "LineString", "coordinates": [[-12.07, -17.65], [-13.64, -19.55]]}, "properties": {"nationality": "British", "year": 1796}}, {"type": "Feature", "geometry": {"type": "LineString", "coordinates": [[89.79, 1.02], [90.87, -0.47]]}, "properties": {"nationality": "British", "year": 1768}}, {"type": "Feature", "geometry": {"type": "LineString", "coordinates": [[-103.72, 18.32], [-104.12, 18.87]]}, "properties": {"nationality": "British", "year": 1822}}, {"type": "Feature", "geometry": {"type": "LineString", "coordinates": [[-16.42, 30.5], [-16.22, 29.83]]}, "properties": {"nationality": "British", "year": 1796}}, {"type": "Feature", "geometry": {"type": "LineString", "coordinates": [[-72.95, 35.93], [-73.32, 34.07]]}, "properties": {"nationality": "British", "year": 1765}}, {"type": "Feature", "geometry": {"type": "LineString", "coordinates": [[11.61, -28.0], [10.49, -26.7]]}, "properties": {"nationality": "British", "year": 1752}}, {"type": "Feature", "geometry": {"type": "LineString", "coordinates": [[-40.9, 31.22], [-40.73, 32.12]]}, "properties": {"nationality": "British", "year": 1780}}, {"type": "Feature", "geometry": {"type": "LineString", "coordinates": [[-54.72, 41.53], [-54.72, 41.27]]}, "properties": {"nationality": "British", "year": 1776}}, {"type": "Feature", "geometry": {"type": "LineString", "coordinates": [[-8.32, 45.33], [-9.15, 44.65]]}, "properties": {"nationality": "British", "year": 1766}}, {"type": "Feature", "geometry": {"type": "LineString", "coordinates": [[-51.34, 36.65], [-52.24, 37.17]]}, "properties": {"nationality": "British", "year": 1759}}, {"type": "Feature", "geometry": {"type": "LineString", "coordinates": [[42.71, -20.67], [42.71, -19.95]]}, "properties": {"nationality": "British", "year": 1781}}, {"type": "Feature", "geometry": {"type": "LineString", "coordinates": [[-22.83, 15.33], [-23.08, 16.1]]}, "properties": {"nationality": "British", "year": 1789}}, {"type": "Feature", "geometry": {"type": "LineString", "coordinates": [[42.17, -31.6], [39.8, -32.23]]}, "properties": {"nationality": "British", "year": 1781}}, {"type": "Feature", "geometry": {"type": "LineString", "coordinates": [[-33.72, 21.92], [-36.32, 21.03]]}, "properties": {"nationality": "British", "year": 1805}}, {"type": "Feature", "geometry": {"type": "LineString", "coordinates": [[-17.87, 19.15], [-17.82, 18.47]]}, "properties": {"nationality": "British", "year": 1773}}, {"type": "Feature", "geometry": {"type": "LineString", "coordinates": [[16.48, -33.67], [16.22, -33.72]]}, "properties": {"nationality": "British", "year": 1798}}, {"type": "Feature", "geometry": {"type": "LineString", "coordinates": [[-69.68, 42.53], [-68.82, 42.45]]}, "properties": {"nationality": "British", "year": 1781}}, {"type": "Feature", "geometry": {"type": "LineString", "coordinates": [[-10.19, -35.98], [-8.26, -36.13]]}, "properties": {"nationality": "British", "year": 1752}}, {"type": "Feature", "geometry": {"type": "LineString", "coordinates": [[42.5, -24.62], [41.3, -24.17]]}, "properties": {"nationality": "British", "year": 1764}}, {"type": "Feature", "geometry": {"type": "LineString", "coordinates": [[-15.58, -31.5], [-15.95, -32.65]]}, "properties": {"nationality": "British", "year": 1785}}, {"type": "Feature", "geometry": {"type": "LineString", "coordinates": [[89.98, 8.47], [89.78, 7.08]]}, "properties": {"nationality": "British", "year": 1752}}, {"type": "Feature", "geometry": {"type": "LineString", "coordinates": [[81.07, 3.47], [80.95, 4.82]]}, "properties": {"nationality": "British", "year": 1806}}, {"type": "Feature", "geometry": {"type": "LineString", "coordinates": [[5.95, -32.9], [8.2, -33.43]]}, "properties": {"nationality": "British", "year": 1778}}, {"type": "Feature", "geometry": {"type": "LineString", "coordinates": [[-7.78, 47.93], [-9.3, 48.68]]}, "properties": {"nationality": "British", "year": 1805}}, {"type": "Feature", "geometry": {"type": "LineString", "coordinates": [[-72.63, 37.42], [-71.1, 38.23]]}, "properties": {"nationality": "British", "year": 1779}}, {"type": "Feature", "geometry": {"type": "LineString", "coordinates": [[-6.88, 36.0], [-8.38, 35.45]]}, "properties": {"nationality": "British", "year": 1771}}, {"type": "Feature", "geometry": {"type": "LineString", "coordinates": [[49.88, -28.45], [47.72, -29.32]]}, "properties": {"nationality": "British", "year": 1764}}, {"type": "Feature", "geometry": {"type": "LineString", "coordinates": [[-41.15, 17.2], [-42.55, 16.17]]}, "properties": {"nationality": "British", "year": 1800}}, {"type": "Feature", "geometry": {"type": "LineString", "coordinates": [[-64.98, 29.72], [-64.42, 29.32]]}, "properties": {"nationality": "British", "year": 1782}}, {"type": "Feature", "geometry": {"type": "LineString", "coordinates": [[-15.6, 43.7], [-18.8, 42.3]]}, "properties": {"nationality": "British", "year": 1793}}, {"type": "Feature", "geometry": {"type": "LineString", "coordinates": [[-52.04, 24.13], [-54.05, 24.4]]}, "properties": {"nationality": "British", "year": 1755}}, {"type": "Feature", "geometry": {"type": "LineString", "coordinates": [[53.68, -23.95], [51.95, -25.63]]}, "properties": {"nationality": "British", "year": 1775}}, {"type": "Feature", "geometry": {"type": "LineString", "coordinates": [[-34.72, 25.13], [-34.5, 27.3]]}, "properties": {"nationality": "British", "year": 1810}}, {"type": "Feature", "geometry": {"type": "LineString", "coordinates": [[-44.39, 13.3], [-46.98, 14.23]]}, "properties": {"nationality": "British", "year": 1768}}, {"type": "Feature", "geometry": {"type": "LineString", "coordinates": [[-41.93, -24.48], [-43.0, -25.45]]}, "properties": {"nationality": "British", "year": 1807}}, {"type": "Feature", "geometry": {"type": "LineString", "coordinates": [[-70.22, 32.67], [-68.85, 33.02]]}, "properties": {"nationality": "British", "year": 1752}}, {"type": "Feature", "geometry": {"type": "LineString", "coordinates": [[27.49, -35.27], [24.63, -35.85]]}, "properties": {"nationality": "British", "year": 1755}}, {"type": "Feature", "geometry": {"type": "LineString", "coordinates": [[-17.85, 44.72], [-18.71, 45.27]]}, "properties": {"nationality": "British", "year": 1777}}, {"type": "Feature", "geometry": {"type": "LineString", "coordinates": [[88.43, 19.27], [88.2, 18.65]]}, "properties": {"nationality": "British", "year": 1751}}, {"type": "Feature", "geometry": {"type": "LineString", "coordinates": [[-66.43, 32.0], [-65.12, 31.8]]}, "properties": {"nationality": "British", "year": 1800}}, {"type": "Feature", "geometry": {"type": "LineString", "coordinates": [[-8.18, -29.27], [-7.12, -29.72]]}, "properties": {"nationality": "British", "year": 1764}}, {"type": "Feature", "geometry": {"type": "LineString", "coordinates": [[82.37, 13.7], [81.45, 13.0]]}, "properties": {"nationality": "British", "year": 1813}}, {"type": "Feature", "geometry": {"type": "LineString", "coordinates": [[82.55, -35.2], [86.22, -34.98]]}, "properties": {"nationality": "British", "year": 1778}}, {"type": "Feature", "geometry": {"type": "LineString", "coordinates": [[-23.34, 6.13], [-24.37, 6.47]]}, "properties": {"nationality": "British", "year": 1813}}, {"type": "Feature", "geometry": {"type": "LineString", "coordinates": [[82.38, 10.2], [82.93, 9.18]]}, "properties": {"nationality": "British", "year": 1765}}, {"type": "Feature", "geometry": {"type": "LineString", "coordinates": [[-40.73, 32.12], [-40.28, 33.17]]}, "properties": {"nationality": "British", "year": 1780}}, {"type": "Feature", "geometry": {"type": "LineString", "coordinates": [[42.22, -31.23], [38.92, -31.9]]}, "properties": {"nationality": "British", "year": 1769}}, {"type": "Feature", "geometry": {"type": "LineString", "coordinates": [[-17.18, 29.52], [-19.25, 28.08]]}, "properties": {"nationality": "British", "year": 1825}}, {"type": "Feature", "geometry": {"type": "LineString", "coordinates": [[-33.77, 57.53], [-37.92, 57.53]]}, "properties": {"nationality": "British", "year": 1768}}, {"type": "Feature", "geometry": {"type": "LineString", "coordinates": [[-28.65, -35.8], [-27.5, -35.72]]}, "properties": {"nationality": "British", "year": 1782}}, {"type": "Feature", "geometry": {"type": "LineString", "coordinates": [[-14.33, -7.28], [-15.43, -6.18]]}, "properties": {"nationality": "British", "year": 1766}}, {"type": "Feature", "geometry": {"type": "LineString", "coordinates": [[11.28, -29.17], [8.88, -26.83]]}, "properties": {"nationality": "British", "year": 1795}}, {"type": "Feature", "geometry": {"type": "LineString", "coordinates": [[67.92, 17.77], [68.68, 18.12]]}, "properties": {"nationality": "British", "year": 1799}}, {"type": "Feature", "geometry": {"type": "LineString", "coordinates": [[-25.55, 35.15], [-25.37, 35.33]]}, "properties": {"nationality": "British", "year": 1785}}, {"type": "Feature", "geometry": {"type": "LineString", "coordinates": [[-45.3, 38.75], [-45.3, 39.58]]}, "properties": {"nationality": "British", "year": 1781}}, {"type": "Feature", "geometry": {"type": "LineString", "coordinates": [[-15.35, -7.55], [-17.4, -5.77]]}, "properties": {"nationality": "British", "year": 1802}}, {"type": "Feature", "geometry": {"type": "LineString", "coordinates": [[101.3, -7.23], [100.93, -6.8]]}, "properties": {"nationality": "British", "year": 1790}}, {"type": "Feature", "geometry": {"type": "LineString", "coordinates": [[35.45, -32.67], [34.4, -32.75]]}, "properties": {"nationality": "British", "year": 1768}}, {"type": "Feature", "geometry": {"type": "LineString", "coordinates": [[62.8, 15.8], [63.68, 17.0]]}, "properties": {"nationality": "British", "year": 1789}}, {"type": "Feature", "geometry": {"type": "LineString", "coordinates": [[-26.47, 42.5], [-25.15, 41.42]]}, "properties": {"nationality": "British", "year": 1793}}, {"type": "Feature", "geometry": {"type": "LineString", "coordinates": [[-17.6, 1.07], [-17.49, 3.87]]}, "properties": {"nationality": "British", "year": 1801}}, {"type": "Feature", "geometry": {"type": "LineString", "coordinates": [[-51.92, 45.35], [-50.67, 45.22]]}, "properties": {"nationality": "British", "year": 1756}}, {"type": "Feature", "geometry": {"type": "LineString", "coordinates": [[-32.8, 41.48], [-32.57, 42.08]]}, "properties": {"nationality": "British", "year": 1789}}, {"type": "Feature", "geometry": {"type": "LineString", "coordinates": [[-10.55, -23.72], [-10.55, -25.0]]}, "properties": {"nationality": "British", "year": 1797}}, {"type": "Feature", "geometry": {"type": "LineString", "coordinates": [[-10.5, 47.33], [-10.93, 46.12]]}, "properties": {"nationality": "British", "year": 1798}}, {"type": "Feature", "geometry": {"type": "LineString", "coordinates": [[-26.27, -27.22], [-24.6, -27.23]]}, "properties": {"nationality": "British", "year": 1795}}, {"type": "Feature", "geometry": {"type": "LineString", "coordinates": [[3.74, -2.97], [2.29, -3.98]]}, "properties": {"nationality": "British", "year": 1768}}, {"type": "Feature", "geometry": {"type": "LineString", "coordinates": [[-6.8, 48.38], [-7.0, 48.85]]}, "properties": {"nationality": "British", "year": 1813}}, {"type": "Feature", "geometry": {"type": "LineString", "coordinates": [[-34.85, 45.85], [-31.79, 44.58]]}, "properties": {"nationality": "British", "year": 1760}}, {"type": "Feature", "geometry": {"type": "LineString", "coordinates": [[26.95, -34.93], [24.48, -35.33]]}, "properties": {"nationality": "British", "year": 1791}}, {"type": "Feature", "geometry": {"type": "LineString", "coordinates": [[-13.65, 42.37], [-15.63, 39.43]]}, "properties": {"nationality": "British", "year": 1810}}, {"type": "Feature", "geometry": {"type": "LineString", "coordinates": [[-33.38, -18.42], [-33.92, -18.02]]}, "properties": {"nationality": "British", "year": 1781}}, {"type": "Feature", "geometry": {"type": "LineString", "coordinates": [[62.83, -23.77], [61.23, -24.4]]}, "properties": {"nationality": "British", "year": 1793}}, {"type": "Feature", "geometry": {"type": "LineString", "coordinates": [[-31.87, 40.52], [-29.1, 42.3]]}, "properties": {"nationality": "British", "year": 1806}}, {"type": "Feature", "geometry": {"type": "LineString", "coordinates": [[-21.47, 7.63], [-21.23, 5.78]]}, "properties": {"nationality": "British", "year": 1770}}, {"type": "Feature", "geometry": {"type": "LineString", "coordinates": [[-18.73, 2.77], [-19.73, 2.83]]}, "properties": {"nationality": "British", "year": 1775}}, {"type": "Feature", "geometry": {"type": "LineString", "coordinates": [[-24.1, 3.8], [-25.67, 2.52]]}, "properties": {"nationality": "British", "year": 1781}}, {"type": "Feature", "geometry": {"type": "LineString", "coordinates": [[89.68, -12.28], [87.47, -13.32]]}, "properties": {"nationality": "British", "year": 1805}}, {"type": "Feature", "geometry": {"type": "LineString", "coordinates": [[105.1, -2.0], [105.1, -2.0]]}, "properties": {"nationality": "British", "year": 1750}}, {"type": "Feature", "geometry": {"type": "LineString", "coordinates": [[-61.8, 29.7], [-61.73, 30.5]]}, "properties": {"nationality": "British", "year": 1763}}, {"type": "Feature", "geometry": {"type": "LineString", "coordinates": [[-36.55, 20.68], [-36.55, 21.9]]}, "properties": {"nationality": "British", "year": 1764}}, {"type": "Feature", "geometry": {"type": "LineString", "coordinates": [[50.9, -21.45], [48.77, -23.65]]}, "properties": {"nationality": "British", "year": 1801}}, {"type": "Feature", "geometry": {"type": "LineString", "coordinates": [[-24.13, -5.9], [-24.47, -7.4]]}, "properties": {"nationality": "British", "year": 1806}}, {"type": "Feature", "geometry": {"type": "LineString", "coordinates": [[3.62, -31.68], [6.02, -33.62]]}, "properties": {"nationality": "British", "year": 1797}}, {"type": "Feature", "geometry": {"type": "LineString", "coordinates": [[77.29, 7.7], [77.04, 8.1]]}, "properties": {"nationality": "British", "year": 1772}}, {"type": "Feature", "geometry": {"type": "LineString", "coordinates": [[33.07, -31.9], [30.78, -32.87]]}, "properties": {"nationality": "British", "year": 1807}}, {"type": "Feature", "geometry": {"type": "LineString", "coordinates": [[76.98, -14.53], [74.35, -16.68]]}, "properties": {"nationality": "British", "year": 1804}}, {"type": "Feature", "geometry": {"type": "LineString", "coordinates": [[111.5, 11.7], [109.4, 10.07]]}, "properties": {"nationality": "British", "year": 1788}}, {"type": "Feature", "geometry": {"type": "LineString", "coordinates": [[77.97, 7.76], [78.36, 7.38]]}, "properties": {"nationality": "British", "year": 1769}}, {"type": "Feature", "geometry": {"type": "LineString", "coordinates": [[-41.32, 31.97], [-42.15, 32.57]]}, "properties": {"nationality": "British", "year": 1800}}, {"type": "Feature", "geometry": {"type": "LineString", "coordinates": [[-28.98, -8.02], [-29.93, -9.82]]}, "properties": {"nationality": "British", "year": 1794}}, {"type": "Feature", "geometry": {"type": "LineString", "coordinates": [[-53.32, 27.88], [-51.08, 28.85]]}, "properties": {"nationality": "British", "year": 1784}}, {"type": "Feature", "geometry": {"type": "LineString", "coordinates": [[-16.67, 31.78], [-18.2, 29.7]]}, "properties": {"nationality": "British", "year": 1798}}, {"type": "Feature", "geometry": {"type": "LineString", "coordinates": [[-20.55, -25.57], [-20.32, -26.63]]}, "properties": {"nationality": "British", "year": 1787}}, {"type": "Feature", "geometry": {"type": "LineString", "coordinates": [[12.49, -29.17], [11.44, -27.98]]}, "properties": {"nationality": "British", "year": 1768}}, {"type": "Feature", "geometry": {"type": "LineString", "coordinates": [[-43.82, -27.45], [-45.25, -28.78]]}, "properties": {"nationality": "British", "year": 1824}}, {"type": "Feature", "geometry": {"type": "LineString", "coordinates": [[-44.3, 10.83], [-45.1, 11.63]]}, "properties": {"nationality": "British", "year": 1795}}, {"type": "Feature", "geometry": {"type": "LineString", "coordinates": [[-58.48, 38.18], [-56.25, 39.35]]}, "properties": {"nationality": "British", "year": 1777}}, {"type": "Feature", "geometry": {"type": "LineString", "coordinates": [[89.98, 4.2], [90.38, 3.82]]}, "properties": {"nationality": "British", "year": 1751}}, {"type": "Feature", "geometry": {"type": "LineString", "coordinates": [[-6.93, -10.7], [-7.22, -11.33]]}, "properties": {"nationality": "British", "year": 1778}}, {"type": "Feature", "geometry": {"type": "LineString", "coordinates": [[-20.0, 0.45], [-20.3, 0.93]]}, "properties": {"nationality": "British", "year": 1762}}, {"type": "Feature", "geometry": {"type": "LineString", "coordinates": [[-15.88, -4.03], [-16.97, -2.43]]}, "properties": {"nationality": "British", "year": 1787}}, {"type": "Feature", "geometry": {"type": "LineString", "coordinates": [[45.22, -10.97], [45.9, -9.65]]}, "properties": {"nationality": "British", "year": 1783}}, {"type": "Feature", "geometry": {"type": "LineString", "coordinates": [[7.47, -36.6], [38.97, -30.13]]}, "properties": {"nationality": "British", "year": 1800}}, {"type": "Feature", "geometry": {"type": "LineString", "coordinates": [[-55.07, 33.97], [-54.6, 35.12]]}, "properties": {"nationality": "British", "year": 1758}}, {"type": "Feature", "geometry": {"type": "LineString", "coordinates": [[-79.35, 30.24], [-79.15, 30.32]]}, "properties": {"nationality": "British", "year": 1763}}, {"type": "Feature", "geometry": {"type": "LineString", "coordinates": [[46.1, -29.28], [45.08, -30.27]]}, "properties": {"nationality": "British", "year": 1756}}, {"type": "Feature", "geometry": {"type": "LineString", "coordinates": [[-54.92, 10.0], [-54.92, 11.93]]}, "properties": {"nationality": "British", "year": 1801}}, {"type": "Feature", "geometry": {"type": "LineString", "coordinates": [[-72.0, 30.8], [-69.95, 31.8]]}, "properties": {"nationality": "British", "year": 1804}}, {"type": "Feature", "geometry": {"type": "LineString", "coordinates": [[-21.93, 9.8], [-22.55, 10.87]]}, "properties": {"nationality": "British", "year": 1788}}, {"type": "Feature", "geometry": {"type": "LineString", "coordinates": [[-35.45, 31.1], [-34.55, 32.27]]}, "properties": {"nationality": "British", "year": 1787}}, {"type": "Feature", "geometry": {"type": "LineString", "coordinates": [[92.32, -1.72], [92.32, -2.63]]}, "properties": {"nationality": "British", "year": 1762}}, {"type": "Feature", "geometry": {"type": "LineString", "coordinates": [[-21.13, 0.95], [-20.18, 0.67]]}, "properties": {"nationality": "British", "year": 1807}}, {"type": "Feature", "geometry": {"type": "LineString", "coordinates": [[8.69, -26.92], [7.75, -25.42]]}, "properties": {"nationality": "British", "year": 1751}}, {"type": "Feature", "geometry": {"type": "LineString", "coordinates": [[84.67, 9.53], [86.48, 7.9]]}, "properties": {"nationality": "British", "year": 1796}}, {"type": "Feature", "geometry": {"type": "LineString", "coordinates": [[28.67, -36.1], [26.25, -36.1]]}, "properties": {"nationality": "British", "year": 1795}}, {"type": "Feature", "geometry": {"type": "LineString", "coordinates": [[-59.76, 16.67], [-61.46, 16.82]]}, "properties": {"nationality": "British", "year": 1757}}, {"type": "Feature", "geometry": {"type": "LineString", "coordinates": [[-16.45, 43.52], [-17.88, 41.0]]}, "properties": {"nationality": "British", "year": 1757}}, {"type": "Feature", "geometry": {"type": "LineString", "coordinates": [[-22.05, -1.0], [-22.82, -1.77]]}, "properties": {"nationality": "British", "year": 1818}}, {"type": "Feature", "geometry": {"type": "LineString", "coordinates": [[78.87, -11.88], [76.03, -13.05]]}, "properties": {"nationality": "British", "year": 1811}}, {"type": "Feature", "geometry": {"type": "LineString", "coordinates": [[-42.25, 43.97], [-39.54, 44.58]]}, "properties": {"nationality": "British", "year": 1755}}, {"type": "Feature", "geometry": {"type": "LineString", "coordinates": [[47.55, -26.55], [46.55, -27.43]]}, "properties": {"nationality": "British", "year": 1800}}, {"type": "Feature", "geometry": {"type": "LineString", "coordinates": [[37.17, -34.43], [36.0, -35.05]]}, "properties": {"nationality": "British", "year": 1795}}, {"type": "Feature", "geometry": {"type": "LineString", "coordinates": [[88.53, -6.78], [86.83, -4.72]]}, "properties": {"nationality": "British", "year": 1803}}, {"type": "Feature", "geometry": {"type": "LineString", "coordinates": [[-6.23, 50.0], [-4.93, 49.85]]}, "properties": {"nationality": "British", "year": 1789}}, {"type": "Feature", "geometry": {"type": "LineString", "coordinates": [[-30.43, 44.65], [-28.5, 45.05]]}, "properties": {"nationality": "British", "year": 1813}}, {"type": "Feature", "geometry": {"type": "LineString", "coordinates": [[-31.12, 44.53], [-29.26, 45.13]]}, "properties": {"nationality": "British", "year": 1759}}, {"type": "Feature", "geometry": {"type": "LineString", "coordinates": [[-22.98, 16.28], [-24.4, 13.1]]}, "properties": {"nationality": "British", "year": 1796}}, {"type": "Feature", "geometry": {"type": "LineString", "coordinates": [[83.67, 1.78], [83.33, 3.85]]}, "properties": {"nationality": "British", "year": 1801}}, {"type": "Feature", "geometry": {"type": "LineString", "coordinates": [[-53.45, 59.57], [-51.63, 58.73]]}, "properties": {"nationality": "British", "year": 1775}}, {"type": "Feature", "geometry": {"type": "LineString", "coordinates": [[88.98, -8.22], [88.75, -9.13]]}, "properties": {"nationality": "British", "year": 1774}}, {"type": "Feature", "geometry": {"type": "LineString", "coordinates": [[59.54, -21.3], [57.17, -22.43]]}, "properties": {"nationality": "British", "year": 1806}}, {"type": "Feature", "geometry": {"type": "LineString", "coordinates": [[-78.99, 32.88], [-76.66, 33.62]]}, "properties": {"nationality": "British", "year": 1766}}, {"type": "Feature", "geometry": {"type": "LineString", "coordinates": [[47.63, -30.05], [46.25, -30.45]]}, "properties": {"nationality": "British", "year": 1775}}, {"type": "Feature", "geometry": {"type": "LineString", "coordinates": [[-15.83, 43.18], [-12.1, 43.43]]}, "properties": {"nationality": "British", "year": 1777}}, {"type": "Feature", "geometry": {"type": "LineString", "coordinates": [[3.03, -19.22], [1.71, -18.02]]}, "properties": {"nationality": "British", "year": 1750}}, {"type": "Feature", "geometry": {"type": "LineString", "coordinates": [[49.71, -30.73], [47.34, -31.43]]}, "properties": {"nationality": "British", "year": 1765}}, {"type": "Feature", "geometry": {"type": "LineString", "coordinates": [[-7.84, 47.97], [-6.72, 49.0]]}, "properties": {"nationality": "British", "year": 1751}}, {"type": "Feature", "geometry": {"type": "LineString", "coordinates": [[-10.13, 40.85], [-10.6, 38.73]]}, "properties": {"nationality": "British", "year": 1793}}, {"type": "Feature", "geometry": {"type": "LineString", "coordinates": [[-10.37, -0.18], [-11.43, -1.25]]}, "properties": {"nationality": "British", "year": 1804}}, {"type": "Feature", "geometry": {"type": "LineString", "coordinates": [[20.58, -35.05], [18.0, -33.68]]}, "properties": {"nationality": "British", "year": 1812}}, {"type": "Feature", "geometry": {"type": "LineString", "coordinates": [[-10.67, -31.12], [-10.05, -32.17]]}, "properties": {"nationality": "British", "year": 1802}}, {"type": "Feature", "geometry": {"type": "LineString", "coordinates": [[84.05, 3.08], [84.8, 1.83]]}, "properties": {"nationality": "British", "year": 1775}}, {"type": "Feature", "geometry": {"type": "LineString", "coordinates": [[-21.42, 9.53], [-20.03, 7.27]]}, "properties": {"nationality": "British", "year": 1787}}, {"type": "Feature", "geometry": {"type": "LineString", "coordinates": [[-13.22, 32.95], [-14.32, 31.85]]}, "properties": {"nationality": "British", "year": 1800}}, {"type": "Feature", "geometry": {"type": "LineString", "coordinates": [[18.47, -38.02], [20.02, -38.17]]}, "properties": {"nationality": "British", "year": 1823}}, {"type": "Feature", "geometry": {"type": "LineString", "coordinates": [[105.35, -7.4], [105.48, -7.32]]}, "properties": {"nationality": "British", "year": 1760}}, {"type": "Feature", "geometry": {"type": "LineString", "coordinates": [[-132.85, 41.67], [-133.43, 40.13]]}, "properties": {"nationality": "British", "year": 1787}}, {"type": "Feature", "geometry": {"type": "LineString", "coordinates": [[-19.33, -36.68], [-17.12, -36.47]]}, "properties": {"nationality": "British", "year": 1807}}, {"type": "Feature", "geometry": {"type": "LineString", "coordinates": [[-18.84, 7.12], [-18.67, 5.92]]}, "properties": {"nationality": "British", "year": 1760}}, {"type": "Feature", "geometry": {"type": "LineString", "coordinates": [[78.62, -40.7], [82.65, -40.83]]}, "properties": {"nationality": "British", "year": 1792}}, {"type": "Feature", "geometry": {"type": "LineString", "coordinates": [[-16.23, 31.45], [-17.45, 29.52]]}, "properties": {"nationality": "British", "year": 1807}}, {"type": "Feature", "geometry": {"type": "LineString", "coordinates": [[-71.69, 35.05], [-70.26, 35.13]]}, "properties": {"nationality": "British", "year": 1780}}, {"type": "Feature", "geometry": {"type": "LineString", "coordinates": [[-16.93, 48.93], [-12.15, 49.08]]}, "properties": {"nationality": "British", "year": 1788}}, {"type": "Feature", "geometry": {"type": "LineString", "coordinates": [[39.78, -17.47], [39.67, -17.67]]}, "properties": {"nationality": "British", "year": 1762}}, {"type": "Feature", "geometry": {"type": "LineString", "coordinates": [[17.08, -34.08], [17.02, -35.4]]}, "properties": {"nationality": "British", "year": 1787}}, {"type": "Feature", "geometry": {"type": "LineString", "coordinates": [[-9.7, 51.03], [-9.88, 51.05]]}, "properties": {"nationality": "British", "year": 1813}}, {"type": "Feature", "geometry": {"type": "LineString", "coordinates": [[4.8, -22.73], [3.68, -21.7]]}, "properties": {"nationality": "British", "year": 1798}}, {"type": "Feature", "geometry": {"type": "LineString", "coordinates": [[-20.42, 29.02], [-20.58, 27.42]]}, "properties": {"nationality": "British", "year": 1793}}, {"type": "Feature", "geometry": {"type": "LineString", "coordinates": [[-48.65, 41.72], [-46.95, 42.73]]}, "properties": {"nationality": "British", "year": 1771}}, {"type": "Feature", "geometry": {"type": "LineString", "coordinates": [[-21.23, 2.5], [-21.75, 1.1]]}, "properties": {"nationality": "British", "year": 1779}}, {"type": "Feature", "geometry": {"type": "LineString", "coordinates": [[-43.56, 36.88], [-45.19, 37.02]]}, "properties": {"nationality": "British", "year": 1777}}, {"type": "Feature", "geometry": {"type": "LineString", "coordinates": [[39.73, -25.08], [39.95, -24.63]]}, "properties": {"nationality": "British", "year": 1762}}, {"type": "Feature", "geometry": {"type": "LineString", "coordinates": [[-46.95, 42.73], [-45.02, 44.37]]}, "properties": {"nationality": "British", "year": 1771}}, {"type": "Feature", "geometry": {"type": "LineString", "coordinates": [[42.32, -30.15], [41.35, -29.88]]}, "properties": {"nationality": "British", "year": 1784}}, {"type": "Feature", "geometry": {"type": "LineString", "coordinates": [[10.29, 78.48], [10.29, 78.6]]}, "properties": {"nationality": "British", "year": 1773}}, {"type": "Feature", "geometry": {"type": "LineString", "coordinates": [[-36.83, 38.12], [-35.35, 40.07]]}, "properties": {"nationality": "British", "year": 1804}}, {"type": "Feature", "geometry": {"type": "LineString", "coordinates": [[42.65, -24.72], [42.8, -24.12]]}, "properties": {"nationality": "British", "year": 1758}}, {"type": "Feature", "geometry": {"type": "LineString", "coordinates": [[-15.84, 49.13], [-14.29, 48.52]]}, "properties": {"nationality": "British", "year": 1792}}, {"type": "Feature", "geometry": {"type": "LineString", "coordinates": [[-32.88, -17.22], [-33.82, -18.32]]}, "properties": {"nationality": "British", "year": 1798}}, {"type": "Feature", "geometry": {"type": "LineString", "coordinates": [[-28.62, 26.57], [-28.33, 25.88]]}, "properties": {"nationality": "British", "year": 1804}}, {"type": "Feature", "geometry": {"type": "LineString", "coordinates": [[-30.6, 39.35], [-29.6, 40.68]]}, "properties": {"nationality": "British", "year": 1772}}, {"type": "Feature", "geometry": {"type": "LineString", "coordinates": [[39.6, -33.57], [39.63, -31.55]]}, "properties": {"nationality": "British", "year": 1799}}, {"type": "Feature", "geometry": {"type": "LineString", "coordinates": [[40.87, -31.3], [37.38, -32.08]]}, "properties": {"nationality": "British", "year": 1768}}, {"type": "Feature", "geometry": {"type": "LineString", "coordinates": [[25.33, -35.83], [22.9, -35.5]]}, "properties": {"nationality": "British", "year": 1769}}, {"type": "Feature", "geometry": {"type": "LineString", "coordinates": [[-0.98, -16.25], [-2.52, -16.08]]}, "properties": {"nationality": "British", "year": 1787}}, {"type": "Feature", "geometry": {"type": "LineString", "coordinates": [[68.43, -19.53], [66.4, -19.62]]}, "properties": {"nationality": "British", "year": 1796}}, {"type": "Feature", "geometry": {"type": "LineString", "coordinates": [[-57.95, 29.5], [-59.52, 29.7]]}, "properties": {"nationality": "British", "year": 1758}}, {"type": "Feature", "geometry": {"type": "LineString", "coordinates": [[30.38, -34.55], [29.38, -35.08]]}, "properties": {"nationality": "British", "year": 1800}}, {"type": "Feature", "geometry": {"type": "LineString", "coordinates": [[17.13, -35.8], [20.22, -35.17]]}, "properties": {"nationality": "British", "year": 1789}}, {"type": "Feature", "geometry": {"type": "LineString", "coordinates": [[-26.43, 13.67], [-25.47, 8.57]]}, "properties": {"nationality": "British", "year": 1805}}, {"type": "Feature", "geometry": {"type": "LineString", "coordinates": [[-33.35, 17.65], [-35.49, 16.95]]}, "properties": {"nationality": "British", "year": 1755}}, {"type": "Feature", "geometry": {"type": "LineString", "coordinates": [[-45.25, 13.42], [-47.39, 13.4]]}, "properties": {"nationality": "British", "year": 1777}}, {"type": "Feature", "geometry": {"type": "LineString", "coordinates": [[-9.17, 47.7], [-9.38, 47.38]]}, "properties": {"nationality": "British", "year": 1781}}, {"type": "Feature", "geometry": {"type": "LineString", "coordinates": [[67.2, 16.72], [65.86, 16.58]]}, "properties": {"nationality": "British", "year": 1750}}, {"type": "Feature", "geometry": {"type": "LineString", "coordinates": [[70.75, 8.83], [69.72, 8.72]]}, "properties": {"nationality": "British", "year": 1771}}, {"type": "Feature", "geometry": {"type": "LineString", "coordinates": [[-19.38, -4.0], [-19.68, -2.1]]}, "properties": {"nationality": "British", "year": 1762}}, {"type": "Feature", "geometry": {"type": "LineString", "coordinates": [[-61.17, 34.93], [-62.18, 37.32]]}, "properties": {"nationality": "British", "year": 1820}}, {"type": "Feature", "geometry": {"type": "LineString", "coordinates": [[83.92, -12.15], [82.97, -13.83]]}, "properties": {"nationality": "British", "year": 1780}}, {"type": "Feature", "geometry": {"type": "LineString", "coordinates": [[52.25, -39.35], [55.15, -38.72]]}, "properties": {"nationality": "British", "year": 1792}}, {"type": "Feature", "geometry": {"type": "LineString", "coordinates": [[40.15, -25.68], [38.17, -27.82]]}, "properties": {"nationality": "British", "year": 1798}}, {"type": "Feature", "geometry": {"type": "LineString", "coordinates": [[-13.17, 39.52], [-11.81, 39.93]]}, "properties": {"nationality": "British", "year": 1750}}, {"type": "Feature", "geometry": {"type": "LineString", "coordinates": [[-15.02, 35.53], [-16.35, 34.67]]}, "properties": {"nationality": "British", "year": 1759}}, {"type": "Feature", "geometry": {"type": "LineString", "coordinates": [[17.83, -36.67], [18.23, -35.35]]}, "properties": {"nationality": "British", "year": 1786}}, {"type": "Feature", "geometry": {"type": "LineString", "coordinates": [[68.2, -21.92], [66.62, -22.53]]}, "properties": {"nationality": "British", "year": 1775}}, {"type": "Feature", "geometry": {"type": "LineString", "coordinates": [[-28.19, 47.3], [-23.76, 47.75]]}, "properties": {"nationality": "British", "year": 1784}}, {"type": "Feature", "geometry": {"type": "LineString", "coordinates": [[-74.17, 36.22], [-74.38, 36.43]]}, "properties": {"nationality": "British", "year": 1778}}, {"type": "Feature", "geometry": {"type": "LineString", "coordinates": [[-26.15, 45.08], [-25.19, 46.17]]}, "properties": {"nationality": "British", "year": 1762}}, {"type": "Feature", "geometry": {"type": "LineString", "coordinates": [[33.5, -39.08], [36.7, -38.98]]}, "properties": {"nationality": "British", "year": 1801}}, {"type": "Feature", "geometry": {"type": "LineString", "coordinates": [[-10.7, 49.02], [-9.48, 49.95]]}, "properties": {"nationality": "British", "year": 1760}}, {"type": "Feature", "geometry": {"type": "LineString", "coordinates": [[-30.62, 18.8], [-30.72, 21.3]]}, "properties": {"nationality": "British", "year": 1789}}, {"type": "Feature", "geometry": {"type": "LineString", "coordinates": [[-8.78, 50.32], [-7.05, 49.85]]}, "properties": {"nationality": "British", "year": 1800}}, {"type": "Feature", "geometry": {"type": "LineString", "coordinates": [[-12.35, 46.52], [-14.63, 45.65]]}, "properties": {"nationality": "British", "year": 1755}}, {"type": "Feature", "geometry": {"type": "LineString", "coordinates": [[-16.28, 35.2], [-15.28, 33.57]]}, "properties": {"nationality": "British", "year": 1799}}, {"type": "Feature", "geometry": {"type": "LineString", "coordinates": [[-47.57, 37.12], [-45.75, 37.73]]}, "properties": {"nationality": "British", "year": 1796}}, {"type": "Feature", "geometry": {"type": "LineString", "coordinates": [[-19.67, 37.87], [-19.42, 39.35]]}, "properties": {"nationality": "British", "year": 1780}}, {"type": "Feature", "geometry": {"type": "LineString", "coordinates": [[39.4, -19.59], [39.2, -20.13]]}, "properties": {"nationality": "British", "year": 1802}}, {"type": "Feature", "geometry": {"type": "LineString", "coordinates": [[-15.98, 35.72], [-16.72, 35.1]]}, "properties": {"nationality": "British", "year": 1800}}, {"type": "Feature", "geometry": {"type": "LineString", "coordinates": [[102.56, -9.82], [102.06, -10.6]]}, "properties": {"nationality": "British", "year": 1751}}, {"type": "Feature", "geometry": {"type": "LineString", "coordinates": [[-5.35, 49.47], [-6.15, 48.5]]}, "properties": {"nationality": "British", "year": 1763}}, {"type": "Feature", "geometry": {"type": "LineString", "coordinates": [[42.53, -16.25], [42.27, -15.37]]}, "properties": {"nationality": "British", "year": 1752}}, {"type": "Feature", "geometry": {"type": "LineString", "coordinates": [[-72.89, 26.38], [-72.75, 26.37]]}, "properties": {"nationality": "British", "year": 1767}}, {"type": "Feature", "geometry": {"type": "LineString", "coordinates": [[152.78, -34.07], [154.25, -33.73]]}, "properties": {"nationality": "British", "year": 1796}}, {"type": "Feature", "geometry": {"type": "LineString", "coordinates": [[88.13, -0.23], [88.18, -0.73]]}, "properties": {"nationality": "British", "year": 1795}}, {"type": "Feature", "geometry": {"type": "LineString", "coordinates": [[-42.03, -24.03], [-41.83, -24.68]]}, "properties": {"nationality": "British", "year": 1767}}, {"type": "Feature", "geometry": {"type": "LineString", "coordinates": [[-26.37, -16.52], [-26.4, -18.35]]}, "properties": {"nationality": "British", "year": 1764}}, {"type": "Feature", "geometry": {"type": "LineString", "coordinates": [[-14.58, 42.95], [-16.55, 40.42]]}, "properties": {"nationality": "British", "year": 1829}}, {"type": "Feature", "geometry": {"type": "LineString", "coordinates": [[-75.95, 31.8], [-75.35, 32.7]]}, "properties": {"nationality": "British", "year": 1796}}, {"type": "Feature", "geometry": {"type": "LineString", "coordinates": [[71.17, -30.35], [71.98, -29.92]]}, "properties": {"nationality": "British", "year": 1760}}, {"type": "Feature", "geometry": {"type": "LineString", "coordinates": [[-13.6, 37.7], [-14.97, 35.82]]}, "properties": {"nationality": "British", "year": 1796}}, {"type": "Feature", "geometry": {"type": "LineString", "coordinates": [[-20.14, 13.63], [-19.19, 13.17]]}, "properties": {"nationality": "British", "year": 1754}}, {"type": "Feature", "geometry": {"type": "LineString", "coordinates": [[76.62, 8.48], [77.08, 8.03]]}, "properties": {"nationality": "British", "year": 1805}}, {"type": "Feature", "geometry": {"type": "LineString", "coordinates": [[-30.38, 47.72], [-30.57, 48.53]]}, "properties": {"nationality": "British", "year": 1769}}, {"type": "Feature", "geometry": {"type": "LineString", "coordinates": [[-18.77, 15.62], [-18.42, 13.57]]}, "properties": {"nationality": "British", "year": 1823}}, {"type": "Feature", "geometry": {"type": "LineString", "coordinates": [[-6.47, -27.48], [-4.2, -28.17]]}, "properties": {"nationality": "British", "year": 1801}}, {"type": "Feature", "geometry": {"type": "LineString", "coordinates": [[-44.18, 35.18], [-40.12, 36.0]]}, "properties": {"nationality": "British", "year": 1805}}, {"type": "Feature", "geometry": {"type": "LineString", "coordinates": [[82.95, -9.35], [82.72, -8.37]]}, "properties": {"nationality": "British", "year": 1802}}, {"type": "Feature", "geometry": {"type": "LineString", "coordinates": [[-39.85, 30.65], [-39.24, 31.0]]}, "properties": {"nationality": "British", "year": 1758}}, {"type": "Feature", "geometry": {"type": "LineString", "coordinates": [[82.54, -0.25], [82.45, -0.42]]}, "properties": {"nationality": "British", "year": 1763}}, {"type": "Feature", "geometry": {"type": "LineString", "coordinates": [[-12.25, 49.55], [-14.57, 49.67]]}, "properties": {"nationality": "British", "year": 1751}}, {"type": "Feature", "geometry": {"type": "LineString", "coordinates": [[-69.94, 30.7], [-70.48, 32.73]]}, "properties": {"nationality": "British", "year": 1780}}, {"type": "Feature", "geometry": {"type": "LineString", "coordinates": [[-20.18, -36.45], [-18.22, -36.45]]}, "properties": {"nationality": "British", "year": 1757}}, {"type": "Feature", "geometry": {"type": "LineString", "coordinates": [[-29.62, 16.4], [-28.05, 14.57]]}, "properties": {"nationality": "British", "year": 1778}}, {"type": "Feature", "geometry": {"type": "LineString", "coordinates": [[-32.24, 48.25], [-33.12, 47.0]]}, "properties": {"nationality": "British", "year": 1755}}, {"type": "Feature", "geometry": {"type": "LineString", "coordinates": [[87.56, 6.92], [87.65, 5.75]]}, "properties": {"nationality": "British", "year": 1780}}, {"type": "Feature", "geometry": {"type": "LineString", "coordinates": [[-66.83, 36.82], [-64.28, 38.05]]}, "properties": {"nationality": "British", "year": 1770}}, {"type": "Feature", "geometry": {"type": "LineString", "coordinates": [[-10.97, 47.38], [-9.54, 48.42]]}, "properties": {"nationality": "British", "year": 1773}}, {"type": "Feature", "geometry": {"type": "LineString", "coordinates": [[126.98, -9.65], [126.43, -10.27]]}, "properties": {"nationality": "British", "year": 1798}}, {"type": "Feature", "geometry": {"type": "LineString", "coordinates": [[50.52, 13.33], [52.93, 14.07]]}, "properties": {"nationality": "British", "year": 1776}}, {"type": "Feature", "geometry": {"type": "LineString", "coordinates": [[-22.85, 46.1], [-19.68, 46.83]]}, "properties": {"nationality": "British", "year": 1793}}, {"type": "Feature", "geometry": {"type": "LineString", "coordinates": [[22.98, -34.68], [22.7, -35.35]]}, "properties": {"nationality": "British", "year": 1766}}, {"type": "Feature", "geometry": {"type": "LineString", "coordinates": [[-35.91, 44.63], [-38.21, 45.23]]}, "properties": {"nationality": "British", "year": 1755}}, {"type": "Feature", "geometry": {"type": "LineString", "coordinates": [[-60.05, -51.35], [-60.05, -51.35]]}, "properties": {"nationality": "British", "year": 1771}}, {"type": "Feature", "geometry": {"type": "LineString", "coordinates": [[-27.73, 10.35], [-28.9, 12.4]]}, "properties": {"nationality": "British", "year": 1786}}, {"type": "Feature", "geometry": {"type": "LineString", "coordinates": [[-28.09, 42.4], [-30.99, 40.02]]}, "properties": {"nationality": "British", "year": 1759}}, {"type": "Feature", "geometry": {"type": "LineString", "coordinates": [[23.7, -40.0], [28.3, -40.15]]}, "properties": {"nationality": "British", "year": 1796}}, {"type": "Feature", "geometry": {"type": "LineString", "coordinates": [[-42.15, 19.55], [-44.02, 19.12]]}, "properties": {"nationality": "British", "year": 1759}}, {"type": "Feature", "geometry": {"type": "LineString", "coordinates": [[-16.45, 35.73], [-16.32, 33.97]]}, "properties": {"nationality": "British", "year": 1786}}, {"type": "Feature", "geometry": {"type": "LineString", "coordinates": [[22.82, -34.92], [21.62, -35.6]]}, "properties": {"nationality": "British", "year": 1752}}, {"type": "Feature", "geometry": {"type": "LineString", "coordinates": [[-1.05, -25.82], [-1.93, -24.78]]}, "properties": {"nationality": "British", "year": 1805}}, {"type": "Feature", "geometry": {"type": "LineString", "coordinates": [[-1.66, 2.03], [-2.47, 2.0]]}, "properties": {"nationality": "British", "year": 1770}}, {"type": "Feature", "geometry": {"type": "LineString", "coordinates": [[-17.07, 40.7], [-17.57, 39.75]]}, "properties": {"nationality": "British", "year": 1794}}, {"type": "Feature", "geometry": {"type": "LineString", "coordinates": [[75.48, -4.05], [76.69, -4.32]]}, "properties": {"nationality": "British", "year": 1794}}, {"type": "Feature", "geometry": {"type": "LineString", "coordinates": [[71.47, -22.43], [70.4, -23.5]]}, "properties": {"nationality": "British", "year": 1815}}, {"type": "Feature", "geometry": {"type": "LineString", "coordinates": [[-16.87, 31.53], [-18.35, 30.0]]}, "properties": {"nationality": "British", "year": 1795}}, {"type": "Feature", "geometry": {"type": "LineString", "coordinates": [[-8.63, -13.37], [-10.15, -12.07]]}, "properties": {"nationality": "British", "year": 1824}}, {"type": "Feature", "geometry": {"type": "LineString", "coordinates": [[-37.42, 42.3], [-35.38, 43.05]]}, "properties": {"nationality": "British", "year": 1764}}, {"type": "Feature", "geometry": {"type": "LineString", "coordinates": [[-7.52, 49.15], [-10.9, 48.17]]}, "properties": {"nationality": "British", "year": 1777}}, {"type": "Feature", "geometry": {"type": "LineString", "coordinates": [[-8.75, 50.92], [-9.07, 50.13]]}, "properties": {"nationality": "British", "year": 1805}}, {"type": "Feature", "geometry": {"type": "LineString", "coordinates": [[-30.37, -31.03], [-27.32, -31.78]]}, "properties": {"nationality": "British", "year": 1823}}, {"type": "Feature", "geometry": {"type": "LineString", "coordinates": [[-70.98, 34.93], [-70.91, 33.95]]}, "properties": {"nationality": "British", "year": 1781}}, {"type": "Feature", "geometry": {"type": "LineString", "coordinates": [[86.53, -3.72], [86.17, -3.92]]}, "properties": {"nationality": "British", "year": 1774}}, {"type": "Feature", "geometry": {"type": "LineString", "coordinates": [[-27.03, -1.45], [-28.05, -3.15]]}, "properties": {"nationality": "British", "year": 1785}}, {"type": "Feature", "geometry": {"type": "LineString", "coordinates": [[-23.63, 28.47], [-27.92, 26.7]]}, "properties": {"nationality": "British", "year": 1802}}, {"type": "Feature", "geometry": {"type": "LineString", "coordinates": [[3.33, -29.25], [6.53, -30.4]]}, "properties": {"nationality": "British", "year": 1798}}, {"type": "Feature", "geometry": {"type": "LineString", "coordinates": [[-7.37, -19.43], [-7.32, -18.53]]}, "properties": {"nationality": "British", "year": 1803}}, {"type": "Feature", "geometry": {"type": "LineString", "coordinates": [[-26.22, -11.95], [-26.3, -13.23]]}, "properties": {"nationality": "British", "year": 1764}}, {"type": "Feature", "geometry": {"type": "LineString", "coordinates": [[157.42, -35.72], [159.23, -37.78]]}, "properties": {"nationality": "British", "year": 1800}}, {"type": "Feature", "geometry": {"type": "LineString", "coordinates": [[6.35, -22.85], [4.94, -21.03]]}, "properties": {"nationality": "British", "year": 1750}}, {"type": "Feature", "geometry": {"type": "LineString", "coordinates": [[-28.44, 22.75], [-30.94, 21.83]]}, "properties": {"nationality": "British", "year": 1753}}, {"type": "Feature", "geometry": {"type": "LineString", "coordinates": [[-18.26, 2.2], [-17.92, 1.6]]}, "properties": {"nationality": "British", "year": 1767}}, {"type": "Feature", "geometry": {"type": "LineString", "coordinates": [[-22.35, 30.83], [-23.9, 29.73]]}, "properties": {"nationality": "British", "year": 1775}}, {"type": "Feature", "geometry": {"type": "LineString", "coordinates": [[-7.7, -31.93], [-7.76, -32.78]]}, "properties": {"nationality": "British", "year": 1770}}, {"type": "Feature", "geometry": {"type": "LineString", "coordinates": [[-36.54, 27.17], [-37.05, 28.17]]}, "properties": {"nationality": "British", "year": 1774}}, {"type": "Feature", "geometry": {"type": "LineString", "coordinates": [[24.27, -37.08], [25.1, -36.78]]}, "properties": {"nationality": "British", "year": 1784}}, {"type": "Feature", "geometry": {"type": "LineString", "coordinates": [[95.25, -60.82], [97.87, -61.13]]}, "properties": {"nationality": "British", "year": 1772}}, {"type": "Feature", "geometry": {"type": "LineString", "coordinates": [[-3.27, -35.18], [-1.77, -34.7]]}, "properties": {"nationality": "British", "year": 1804}}, {"type": "Feature", "geometry": {"type": "LineString", "coordinates": [[86.25, 12.53], [86.63, 11.18]]}, "properties": {"nationality": "British", "year": 1805}}, {"type": "Feature", "geometry": {"type": "LineString", "coordinates": [[-6.4, -17.27], [-7.6, -19.07]]}, "properties": {"nationality": "British", "year": 1814}}, {"type": "Feature", "geometry": {"type": "LineString", "coordinates": [[78.6, -16.43], [77.72, -16.95]]}, "properties": {"nationality": "British", "year": 1764}}, {"type": "Feature", "geometry": {"type": "LineString", "coordinates": [[-35.0, 36.0], [-33.5, 37.15]]}, "properties": {"nationality": "British", "year": 1813}}, {"type": "Feature", "geometry": {"type": "LineString", "coordinates": [[-31.27, -19.0], [-31.17, -21.9]]}, "properties": {"nationality": "British", "year": 1819}}, {"type": "Feature", "geometry": {"type": "LineString", "coordinates": [[-35.6, 32.05], [-33.85, 35.1]]}, "properties": {"nationality": "British", "year": 1821}}, {"type": "Feature", "geometry": {"type": "LineString", "coordinates": [[-17.0, 7.03], [-17.43, 8.0]]}, "properties": {"nationality": "British", "year": 1785}}, {"type": "Feature", "geometry": {"type": "LineString", "coordinates": [[-40.43, 26.32], [-43.65, 26.0]]}, "properties": {"nationality": "British", "year": 1761}}, {"type": "Feature", "geometry": {"type": "LineString", "coordinates": [[-30.99, 40.02], [-31.38, 38.48]]}, "properties": {"nationality": "British", "year": 1759}}, {"type": "Feature", "geometry": {"type": "LineString", "coordinates": [[84.75, 4.65], [85.42, 5.15]]}, "properties": {"nationality": "British", "year": 1782}}, {"type": "Feature", "geometry": {"type": "LineString", "coordinates": [[-35.58, 38.0], [-33.52, 38.97]]}, "properties": {"nationality": "British", "year": 1808}}, {"type": "Feature", "geometry": {"type": "LineString", "coordinates": [[5.48, -0.65], [5.36, -1.17]]}, "properties": {"nationality": "British", "year": 1757}}, {"type": "Feature", "geometry": {"type": "LineString", "coordinates": [[-35.65, 41.08], [-35.35, 42.92]]}, "properties": {"nationality": "British", "year": 1778}}, {"type": "Feature", "geometry": {"type": "LineString", "coordinates": [[67.38, -21.02], [65.55, -21.73]]}, "properties": {"nationality": "British", "year": 1753}}, {"type": "Feature", "geometry": {"type": "LineString", "coordinates": [[-23.2, -4.25], [-24.18, -5.33]]}, "properties": {"nationality": "British", "year": 1782}}, {"type": "Feature", "geometry": {"type": "LineString", "coordinates": [[-40.45, 43.1], [-41.37, 43.67]]}, "properties": {"nationality": "British", "year": 1766}}, {"type": "Feature", "geometry": {"type": "LineString", "coordinates": [[36.86, -27.78], [36.87, -25.9]]}, "properties": {"nationality": "British", "year": 1770}}, {"type": "Feature", "geometry": {"type": "LineString", "coordinates": [[-35.6, 26.95], [-36.57, 28.52]]}, "properties": {"nationality": "British", "year": 1793}}, {"type": "Feature", "geometry": {"type": "LineString", "coordinates": [[-40.09, 46.77], [-40.63, 47.7]]}, "properties": {"nationality": "British", "year": 1774}}, {"type": "Feature", "geometry": {"type": "LineString", "coordinates": [[154.92, -2.17], [154.79, -2.02]]}, "properties": {"nationality": "British", "year": 1793}}, {"type": "Feature", "geometry": {"type": "LineString", "coordinates": [[-30.42, 47.03], [-27.92, 47.78]]}, "properties": {"nationality": "British", "year": 1797}}, {"type": "Feature", "geometry": {"type": "LineString", "coordinates": [[-37.48, 48.37], [-34.98, 49.25]]}, "properties": {"nationality": "British", "year": 1800}}, {"type": "Feature", "geometry": {"type": "LineString", "coordinates": [[4.45, -21.42], [2.67, -19.97]]}, "properties": {"nationality": "British", "year": 1798}}, {"type": "Feature", "geometry": {"type": "LineString", "coordinates": [[80.85, 2.85], [81.25, 1.67]]}, "properties": {"nationality": "British", "year": 1768}}, {"type": "Feature", "geometry": {"type": "LineString", "coordinates": [[-20.08, 3.85], [-21.3, 4.57]]}, "properties": {"nationality": "British", "year": 1789}}, {"type": "Feature", "geometry": {"type": "LineString", "coordinates": [[-39.62, 39.6], [-37.52, 40.75]]}, "properties": {"nationality": "British", "year": 1764}}, {"type": "Feature", "geometry": {"type": "LineString", "coordinates": [[-35.7, 3.17], [-34.82, 4.25]]}, "properties": {"nationality": "British", "year": 1781}}, {"type": "Feature", "geometry": {"type": "LineString", "coordinates": [[108.88, -10.82], [108.88, -8.58]]}, "properties": {"nationality": "British", "year": 1790}}, {"type": "Feature", "geometry": {"type": "LineString", "coordinates": [[-53.1, 23.0], [-54.93, 23.72]]}, "properties": {"nationality": "British", "year": 1801}}, {"type": "Feature", "geometry": {"type": "LineString", "coordinates": [[-47.27, -31.08], [-47.51, -31.02]]}, "properties": {"nationality": "British", "year": 1797}}, {"type": "Feature", "geometry": {"type": "LineString", "coordinates": [[-1.03, -34.33], [1.68, -34.48]]}, "properties": {"nationality": "British", "year": 1806}}, {"type": "Feature", "geometry": {"type": "LineString", "coordinates": [[-21.8, 36.98], [-20.95, 36.98]]}, "properties": {"nationality": "British", "year": 1774}}, {"type": "Feature", "geometry": {"type": "LineString", "coordinates": [[-39.83, 37.4], [-36.68, 40.13]]}, "properties": {"nationality": "British", "year": 1791}}, {"type": "Feature", "geometry": {"type": "LineString", "coordinates": [[-21.83, 26.62], [-22.1, 25.4]]}, "properties": {"nationality": "British", "year": 1828}}, {"type": "Feature", "geometry": {"type": "LineString", "coordinates": [[-20.74, 25.63], [-22.83, 24.72]]}, "properties": {"nationality": "British", "year": 1777}}, {"type": "Feature", "geometry": {"type": "LineString", "coordinates": [[48.9, -37.18], [52.45, -36.95]]}, "properties": {"nationality": "British", "year": 1769}}, {"type": "Feature", "geometry": {"type": "LineString", "coordinates": [[-22.83, 24.72], [-25.18, 24.05]]}, "properties": {"nationality": "British", "year": 1777}}, {"type": "Feature", "geometry": {"type": "LineString", "coordinates": [[11.08, -35.88], [11.39, -36.2]]}, "properties": {"nationality": "British", "year": 1770}}, {"type": "Feature", "geometry": {"type": "LineString", "coordinates": [[-7.13, -15.12], [-8.63, -14.12]]}, "properties": {"nationality": "British", "year": 1809}}, {"type": "Feature", "geometry": {"type": "LineString", "coordinates": [[-9.5, -19.98], [-8.98, -20.25]]}, "properties": {"nationality": "British", "year": 1798}}, {"type": "Feature", "geometry": {"type": "LineString", "coordinates": [[-60.09, 18.13], [-59.59, 17.67]]}, "properties": {"nationality": "British", "year": 1755}}, {"type": "Feature", "geometry": {"type": "LineString", "coordinates": [[-18.97, 5.4], [-18.83, 5.32]]}, "properties": {"nationality": "British", "year": 1754}}, {"type": "Feature", "geometry": {"type": "LineString", "coordinates": [[-35.45, -30.07], [-34.42, -30.23]]}, "properties": {"nationality": "British", "year": 1807}}, {"type": "Feature", "geometry": {"type": "LineString", "coordinates": [[-11.54, 46.38], [-14.32, 45.33]]}, "properties": {"nationality": "British", "year": 1753}}, {"type": "Feature", "geometry": {"type": "LineString", "coordinates": [[-39.0, 26.33], [-38.92, 28.02]]}, "properties": {"nationality": "British", "year": 1821}}, {"type": "Feature", "geometry": {"type": "LineString", "coordinates": [[-50.08, 46.17], [-50.58, 46.5]]}, "properties": {"nationality": "British", "year": 1777}}, {"type": "Feature", "geometry": {"type": "LineString", "coordinates": [[-19.6, 48.68], [-17.09, 48.08]]}, "properties": {"nationality": "British", "year": 1767}}, {"type": "Feature", "geometry": {"type": "LineString", "coordinates": [[-50.48, 59.17], [-53.07, 58.83]]}, "properties": {"nationality": "British", "year": 1799}}, {"type": "Feature", "geometry": {"type": "LineString", "coordinates": [[-80.7, 29.46], [-80.91, 30.53]]}, "properties": {"nationality": "British", "year": 1752}}, {"type": "Feature", "geometry": {"type": "LineString", "coordinates": [[75.22, -14.37], [75.94, -12.4]]}, "properties": {"nationality": "British", "year": 1772}}, {"type": "Feature", "geometry": {"type": "LineString", "coordinates": [[-35.37, 39.88], [-36.9, 39.8]]}, "properties": {"nationality": "British", "year": 1760}}, {"type": "Feature", "geometry": {"type": "LineString", "coordinates": [[57.57, 9.67], [56.75, 9.27]]}, "properties": {"nationality": "British", "year": 1751}}, {"type": "Feature", "geometry": {"type": "LineString", "coordinates": [[-1.35, -34.95], [-6.62, -34.97]]}, "properties": {"nationality": "British", "year": 1805}}, {"type": "Feature", "geometry": {"type": "LineString", "coordinates": [[-39.55, 45.93], [-40.9, 46.28]]}, "properties": {"nationality": "British", "year": 1765}}, {"type": "Feature", "geometry": {"type": "LineString", "coordinates": [[-49.77, 14.57], [-52.0, 13.82]]}, "properties": {"nationality": "British", "year": 1795}}, {"type": "Feature", "geometry": {"type": "LineString", "coordinates": [[-49.57, -44.2], [-51.6, -44.5]]}, "properties": {"nationality": "British", "year": 1769}}, {"type": "Feature", "geometry": {"type": "LineString", "coordinates": [[25.77, -40.8], [27.08, -41.4]]}, "properties": {"nationality": "British", "year": 1797}}, {"type": "Feature", "geometry": {"type": "LineString", "coordinates": [[-17.78, 31.28], [-18.5, 30.42]]}, "properties": {"nationality": "British", "year": 1784}}, {"type": "Feature", "geometry": {"type": "LineString", "coordinates": [[-31.75, 46.73], [-29.37, 47.28]]}, "properties": {"nationality": "British", "year": 1797}}, {"type": "Feature", "geometry": {"type": "LineString", "coordinates": [[-36.5, 22.17], [-37.28, 24.15]]}, "properties": {"nationality": "British", "year": 1807}}, {"type": "Feature", "geometry": {"type": "LineString", "coordinates": [[95.14, -16.47], [93.14, -17.05]]}, "properties": {"nationality": "British", "year": 1765}}, {"type": "Feature", "geometry": {"type": "LineString", "coordinates": [[-4.0, -33.92], [-3.2, -34.51]]}, "properties": {"nationality": "British", "year": 1794}}, {"type": "Feature", "geometry": {"type": "LineString", "coordinates": [[82.18, -5.73], [82.0, -6.17]]}, "properties": {"nationality": "British", "year": 1799}}, {"type": "Feature", "geometry": {"type": "LineString", "coordinates": [[-47.47, 37.03], [-44.22, 38.27]]}, "properties": {"nationality": "British", "year": 1785}}, {"type": "Feature", "geometry": {"type": "LineString", "coordinates": [[-35.97, 39.45], [-35.03, 40.25]]}, "properties": {"nationality": "British", "year": 1787}}, {"type": "Feature", "geometry": {"type": "LineString", "coordinates": [[131.72, 15.9], [131.98, 15.23]]}, "properties": {"nationality": "British", "year": 1761}}, {"type": "Feature", "geometry": {"type": "LineString", "coordinates": [[-59.73, 12.9], [-60.13, 11.52]]}, "properties": {"nationality": "British", "year": 1805}}, {"type": "Feature", "geometry": {"type": "LineString", "coordinates": [[30.28, -37.22], [32.23, -36.83]]}, "properties": {"nationality": "British", "year": 1812}}, {"type": "Feature", "geometry": {"type": "LineString", "coordinates": [[-8.68, 46.02], [-8.8, 45.43]]}, "properties": {"nationality": "British", "year": 1799}}, {"type": "Feature", "geometry": {"type": "LineString", "coordinates": [[-46.22, 57.62], [-46.72, 57.58]]}, "properties": {"nationality": "British", "year": 1771}}, {"type": "Feature", "geometry": {"type": "LineString", "coordinates": [[49.08, -35.27], [50.08, -34.85]]}, "properties": {"nationality": "British", "year": 1773}}, {"type": "Feature", "geometry": {"type": "LineString", "coordinates": [[-65.15, 41.68], [-66.55, 42.12]]}, "properties": {"nationality": "British", "year": 1794}}, {"type": "Feature", "geometry": {"type": "LineString", "coordinates": [[22.43, -36.83], [21.3, -37.48]]}, "properties": {"nationality": "British", "year": 1804}}, {"type": "Feature", "geometry": {"type": "LineString", "coordinates": [[-20.78, 48.43], [-22.3, 48.07]]}, "properties": {"nationality": "British", "year": 1776}}, {"type": "Feature", "geometry": {"type": "LineString", "coordinates": [[-16.38, 38.38], [-16.55, 37.0]]}, "properties": {"nationality": "British", "year": 1785}}, {"type": "Feature", "geometry": {"type": "LineString", "coordinates": [[-5.87, 49.17], [-4.32, 49.53]]}, "properties": {"nationality": "British", "year": 1750}}, {"type": "Feature", "geometry": {"type": "LineString", "coordinates": [[-38.87, 43.67], [-35.48, 44.23]]}, "properties": {"nationality": "British", "year": 1769}}, {"type": "Feature", "geometry": {"type": "LineString", "coordinates": [[-23.18, 22.02], [-24.65, 19.28]]}, "properties": {"nationality": "British", "year": 1819}}, {"type": "Feature", "geometry": {"type": "LineString", "coordinates": [[10.48, -34.15], [9.48, -34.9]]}, "properties": {"nationality": "British", "year": 1798}}, {"type": "Feature", "geometry": {"type": "LineString", "coordinates": [[48.45, -29.07], [46.68, -29.67]]}, "properties": {"nationality": "British", "year": 1794}}, {"type": "Feature", "geometry": {"type": "LineString", "coordinates": [[-24.02, 7.08], [-25.75, 8.7]]}, "properties": {"nationality": "British", "year": 1784}}, {"type": "Feature", "geometry": {"type": "LineString", "coordinates": [[93.52, -4.03], [94.1, -5.23]]}, "properties": {"nationality": "British", "year": 1806}}, {"type": "Feature", "geometry": {"type": "LineString", "coordinates": [[35.57, -32.55], [36.23, -30.9]]}, "properties": {"nationality": "British", "year": 1762}}, {"type": "Feature", "geometry": {"type": "LineString", "coordinates": [[-14.57, 37.95], [-15.43, 36.2]]}, "properties": {"nationality": "British", "year": 1794}}, {"type": "Feature", "geometry": {"type": "LineString", "coordinates": [[-70.37, 26.23], [-69.35, 27.02]]}, "properties": {"nationality": "British", "year": 1781}}, {"type": "Feature", "geometry": {"type": "LineString", "coordinates": [[-7.53, -14.95], [-9.03, -13.18]]}, "properties": {"nationality": "British", "year": 1806}}, {"type": "Feature", "geometry": {"type": "LineString", "coordinates": [[83.8, 2.45], [84.68, 0.38]]}, "properties": {"nationality": "British", "year": 1774}}, {"type": "Feature", "geometry": {"type": "LineString", "coordinates": [[-9.83, 59.1], [-5.32, 59.05]]}, "properties": {"nationality": "British", "year": 1780}}, {"type": "Feature", "geometry": {"type": "LineString", "coordinates": [[4.02, -2.3], [4.03, -2.3]]}, "properties": {"nationality": "British", "year": 1791}}, {"type": "Feature", "geometry": {"type": "LineString", "coordinates": [[-10.55, 5.71], [-10.16, 5.6]]}, "properties": {"nationality": "British", "year": 1750}}, {"type": "Feature", "geometry": {"type": "LineString", "coordinates": [[-36.84, 19.45], [-37.64, 21.57]]}, "properties": {"nationality": "British", "year": 1757}}, {"type": "Feature", "geometry": {"type": "LineString", "coordinates": [[-18.43, -14.12], [-19.5, -15.63]]}, "properties": {"nationality": "British", "year": 1772}}, {"type": "Feature", "geometry": {"type": "LineString", "coordinates": [[-46.51, 43.48], [-44.24, 43.77]]}, "properties": {"nationality": "British", "year": 1755}}, {"type": "Feature", "geometry": {"type": "LineString", "coordinates": [[88.58, 16.17], [88.51, 15.53]]}, "properties": {"nationality": "British", "year": 1757}}, {"type": "Feature", "geometry": {"type": "LineString", "coordinates": [[-27.85, 38.43], [-28.58, 38.13]]}, "properties": {"nationality": "British", "year": 1777}}, {"type": "Feature", "geometry": {"type": "LineString", "coordinates": [[8.03, -4.43], [6.92, -4.68]]}, "properties": {"nationality": "British", "year": 1806}}, {"type": "Feature", "geometry": {"type": "LineString", "coordinates": [[-70.15, 31.83], [-69.64, 33.22]]}, "properties": {"nationality": "British", "year": 1771}}, {"type": "Feature", "geometry": {"type": "LineString", "coordinates": [[77.52, -17.87], [74.7, -18.82]]}, "properties": {"nationality": "British", "year": 1768}}, {"type": "Feature", "geometry": {"type": "LineString", "coordinates": [[-18.22, 32.7], [-18.98, 30.6]]}, "properties": {"nationality": "British", "year": 1802}}, {"type": "Feature", "geometry": {"type": "LineString", "coordinates": [[-11.68, 43.9], [-11.45, 42.07]]}, "properties": {"nationality": "British", "year": 1778}}, {"type": "Feature", "geometry": {"type": "LineString", "coordinates": [[-28.5, -6.07], [-29.52, -8.12]]}, "properties": {"nationality": "British", "year": 1802}}, {"type": "Feature", "geometry": {"type": "LineString", "coordinates": [[-47.55, 41.93], [-47.07, 42.9]]}, "properties": {"nationality": "British", "year": 1796}}, {"type": "Feature", "geometry": {"type": "LineString", "coordinates": [[-18.02, -29.17], [-17.52, -29.45]]}, "properties": {"nationality": "British", "year": 1763}}, {"type": "Feature", "geometry": {"type": "LineString", "coordinates": [[-20.25, 46.5], [-17.88, 47.35]]}, "properties": {"nationality": "British", "year": 1780}}, {"type": "Feature", "geometry": {"type": "LineString", "coordinates": [[-19.42, 6.15], [-23.2, 8.2]]}, "properties": {"nationality": "British", "year": 1787}}, {"type": "Feature", "geometry": {"type": "LineString", "coordinates": [[21.95, -36.67], [21.44, -36.58]]}, "properties": {"nationality": "British", "year": 1755}}, {"type": "Feature", "geometry": {"type": "LineString", "coordinates": [[-0.91, -29.62], [-0.48, -29.42]]}, "properties": {"nationality": "British", "year": 1756}}, {"type": "Feature", "geometry": {"type": "LineString", "coordinates": [[171.0, -14.15], [170.25, -11.55]]}, "properties": {"nationality": "British", "year": 1804}}, {"type": "Feature", "geometry": {"type": "LineString", "coordinates": [[-15.13, 45.03], [-14.68, 45.8]]}, "properties": {"nationality": "British", "year": 1762}}, {"type": "Feature", "geometry": {"type": "LineString", "coordinates": [[-15.92, 27.73], [-16.0, 27.43]]}, "properties": {"nationality": "British", "year": 1788}}, {"type": "Feature", "geometry": {"type": "LineString", "coordinates": [[-22.17, 12.0], [-21.2, 10.37]]}, "properties": {"nationality": "British", "year": 1822}}, {"type": "Feature", "geometry": {"type": "LineString", "coordinates": [[-24.12, -28.42], [-21.03, -29.05]]}, "properties": {"nationality": "British", "year": 1794}}, {"type": "Feature", "geometry": {"type": "LineString", "coordinates": [[36.33, -26.17], [37.28, -24.78]]}, "properties": {"nationality": "British", "year": 1785}}, {"type": "Feature", "geometry": {"type": "LineString", "coordinates": [[-24.56, -26.07], [-22.76, -27.5]]}, "properties": {"nationality": "British", "year": 1781}}, {"type": "Feature", "geometry": {"type": "LineString", "coordinates": [[-35.72, 45.35], [-37.03, 43.42]]}, "properties": {"nationality": "British", "year": 1795}}, {"type": "Feature", "geometry": {"type": "LineString", "coordinates": [[-23.13, -6.6], [-24.52, -4.88]]}, "properties": {"nationality": "British", "year": 1805}}, {"type": "Feature", "geometry": {"type": "LineString", "coordinates": [[85.27, -18.48], [83.03, -18.85]]}, "properties": {"nationality": "British", "year": 1788}}, {"type": "Feature", "geometry": {"type": "LineString", "coordinates": [[85.98, -21.55], [86.3, -18.5]]}, "properties": {"nationality": "British", "year": 1796}}, {"type": "Feature", "geometry": {"type": "LineString", "coordinates": [[-18.2, -31.93], [-17.63, -32.18]]}, "properties": {"nationality": "British", "year": 1802}}, {"type": "Feature", "geometry": {"type": "LineString", "coordinates": [[74.37, -29.65], [75.78, -27.17]]}, "properties": {"nationality": "British", "year": 1802}}, {"type": "Feature", "geometry": {"type": "LineString", "coordinates": [[-33.73, -18.2], [-33.88, -20.63]]}, "properties": {"nationality": "British", "year": 1828}}, {"type": "Feature", "geometry": {"type": "LineString", "coordinates": [[-13.53, 42.35], [-13.38, 40.75]]}, "properties": {"nationality": "British", "year": 1780}}, {"type": "Feature", "geometry": {"type": "LineString", "coordinates": [[-61.88, 40.17], [-61.88, 41.17]]}, "properties": {"nationality": "British", "year": 1796}}, {"type": "Feature", "geometry": {"type": "LineString", "coordinates": [[-49.83, 34.03], [-47.77, 34.7]]}, "properties": {"nationality": "British", "year": 1805}}, {"type": "Feature", "geometry": {"type": "LineString", "coordinates": [[-32.38, 46.45], [-36.85, 47.13]]}, "properties": {"nationality": "British", "year": 1775}}, {"type": "Feature", "geometry": {"type": "LineString", "coordinates": [[-13.28, 42.18], [-13.77, 40.75]]}, "properties": {"nationality": "British", "year": 1773}}, {"type": "Feature", "geometry": {"type": "LineString", "coordinates": [[-25.54, -18.53], [-26.89, -20.55]]}, "properties": {"nationality": "British", "year": 1786}}, {"type": "Feature", "geometry": {"type": "LineString", "coordinates": [[-40.58, 46.7], [-41.57, 46.82]]}, "properties": {"nationality": "British", "year": 1813}}, {"type": "Feature", "geometry": {"type": "LineString", "coordinates": [[-24.22, 40.63], [-27.28, 39.23]]}, "properties": {"nationality": "British", "year": 1753}}, {"type": "Feature", "geometry": {"type": "LineString", "coordinates": [[-38.97, 27.48], [-39.53, 24.73]]}, "properties": {"nationality": "British", "year": 1796}}, {"type": "Feature", "geometry": {"type": "LineString", "coordinates": [[17.37, -34.62], [16.5, -33.52]]}, "properties": {"nationality": "British", "year": 1804}}, {"type": "Feature", "geometry": {"type": "LineString", "coordinates": [[91.62, -15.93], [88.93, -16.57]]}, "properties": {"nationality": "British", "year": 1793}}, {"type": "Feature", "geometry": {"type": "LineString", "coordinates": [[36.5, -31.82], [35.71, -31.72]]}, "properties": {"nationality": "British", "year": 1761}}, {"type": "Feature", "geometry": {"type": "LineString", "coordinates": [[-13.07, 43.72], [-13.5, 41.93]]}, "properties": {"nationality": "British", "year": 1802}}, {"type": "Feature", "geometry": {"type": "LineString", "coordinates": [[-18.52, 49.0], [-17.37, 49.38]]}, "properties": {"nationality": "British", "year": 1778}}, {"type": "Feature", "geometry": {"type": "LineString", "coordinates": [[-19.59, 34.15], [-20.3, 32.87]]}, "properties": {"nationality": "British", "year": 1751}}, {"type": "Feature", "geometry": {"type": "LineString", "coordinates": [[-21.3, 20.37], [-22.1, 17.48]]}, "properties": {"nationality": "British", "year": 1815}}, {"type": "Feature", "geometry": {"type": "LineString", "coordinates": [[-32.61, -16.28], [-33.34, -17.17]]}, "properties": {"nationality": "British", "year": 1771}}, {"type": "Feature", "geometry": {"type": "LineString", "coordinates": [[-59.45, 21.4], [-60.07, 19.4]]}, "properties": {"nationality": "British", "year": 1794}}, {"type": "Feature", "geometry": {"type": "LineString", "coordinates": [[-19.0, 27.43], [-20.72, 24.5]]}, "properties": {"nationality": "British", "year": 1803}}, {"type": "Feature", "geometry": {"type": "LineString", "coordinates": [[-12.7, 41.0], [-13.03, 39.28]]}, "properties": {"nationality": "British", "year": 1790}}, {"type": "Feature", "geometry": {"type": "LineString", "coordinates": [[84.98, 2.4], [85.11, 2.78]]}, "properties": {"nationality": "British", "year": 1763}}, {"type": "Feature", "geometry": {"type": "LineString", "coordinates": [[-15.02, 59.33], [-17.45, 59.07]]}, "properties": {"nationality": "British", "year": 1763}}, {"type": "Feature", "geometry": {"type": "LineString", "coordinates": [[32.37, -33.7], [31.35, -33.88]]}, "properties": {"nationality": "British", "year": 1783}}, {"type": "Feature", "geometry": {"type": "LineString", "coordinates": [[11.78, -31.6], [11.97, -29.8]]}, "properties": {"nationality": "British", "year": 1820}}, {"type": "Feature", "geometry": {"type": "LineString", "coordinates": [[0.57, -20.65], [-1.7, -18.07]]}, "properties": {"nationality": "British", "year": 1799}}, {"type": "Feature", "geometry": {"type": "LineString", "coordinates": [[-36.67, -24.4], [-34.8, -27.13]]}, "properties": {"nationality": "British", "year": 1802}}, {"type": "Feature", "geometry": {"type": "LineString", "coordinates": [[2.47, -33.67], [2.72, -34.35]]}, "properties": {"nationality": "British", "year": 1770}}, {"type": "Feature", "geometry": {"type": "LineString", "coordinates": [[71.27, 18.77], [70.29, 18.05]]}, "properties": {"nationality": "British", "year": 1753}}, {"type": "Feature", "geometry": {"type": "LineString", "coordinates": [[-60.05, -51.35], [-60.05, -51.35]]}, "properties": {"nationality": "British", "year": 1771}}, {"type": "Feature", "geometry": {"type": "LineString", "coordinates": [[-16.53, 43.88], [-16.85, 43.32]]}, "properties": {"nationality": "British", "year": 1800}}, {"type": "Feature", "geometry": {"type": "LineString", "coordinates": [[41.45, -30.4], [39.0, -31.5]]}, "properties": {"nationality": "British", "year": 1786}}, {"type": "Feature", "geometry": {"type": "LineString", "coordinates": [[-51.2, 43.93], [-52.7, 43.4]]}, "properties": {"nationality": "British", "year": 1781}}, {"type": "Feature", "geometry": {"type": "LineString", "coordinates": [[63.03, -39.6], [61.48, -40.23]]}, "properties": {"nationality": "British", "year": 1811}}, {"type": "Feature", "geometry": {"type": "LineString", "coordinates": [[-7.9, 48.85], [-7.72, 49.73]]}, "properties": {"nationality": "British", "year": 1765}}, {"type": "Feature", "geometry": {"type": "LineString", "coordinates": [[-52.02, 44.37], [-50.26, 45.12]]}, "properties": {"nationality": "British", "year": 1752}}, {"type": "Feature", "geometry": {"type": "LineString", "coordinates": [[56.13, -40.57], [60.57, -40.3]]}, "properties": {"nationality": "British", "year": 1799}}, {"type": "Feature", "geometry": {"type": "LineString", "coordinates": [[-66.32, 32.2], [-66.75, 32.18]]}, "properties": {"nationality": "British", "year": 1761}}, {"type": "Feature", "geometry": {"type": "LineString", "coordinates": [[87.87, -7.83], [88.4, -6.38]]}, "properties": {"nationality": "British", "year": 1795}}, {"type": "Feature", "geometry": {"type": "LineString", "coordinates": [[-9.53, -12.42], [-11.03, -10.62]]}, "properties": {"nationality": "British", "year": 1802}}, {"type": "Feature", "geometry": {"type": "LineString", "coordinates": [[-5.04, -2.92], [-6.22, -3.5]]}, "properties": {"nationality": "British", "year": 1764}}, {"type": "Feature", "geometry": {"type": "LineString", "coordinates": [[-17.34, 50.13], [-12.59, 49.53]]}, "properties": {"nationality": "British", "year": 1785}}, {"type": "Feature", "geometry": {"type": "LineString", "coordinates": [[-13.66, 51.88], [-18.65, 51.72]]}, "properties": {"nationality": "British", "year": 1805}}, {"type": "Feature", "geometry": {"type": "LineString", "coordinates": [[-65.58, 20.0], [-65.48, 19.63]]}, "properties": {"nationality": "British", "year": 1759}}, {"type": "Feature", "geometry": {"type": "LineString", "coordinates": [[-24.95, 25.5], [-27.6, 24.05]]}, "properties": {"nationality": "British", "year": 1800}}, {"type": "Feature", "geometry": {"type": "LineString", "coordinates": [[4.12, 1.58], [5.3, 1.23]]}, "properties": {"nationality": "British", "year": 1764}}, {"type": "Feature", "geometry": {"type": "LineString", "coordinates": [[79.78, 11.77], [79.78, 11.77]]}, "properties": {"nationality": "British", "year": 1752}}, {"type": "Feature", "geometry": {"type": "LineString", "coordinates": [[-52.69, 36.95], [-51.26, 37.7]]}, "properties": {"nationality": "British", "year": 1776}}, {"type": "Feature", "geometry": {"type": "LineString", "coordinates": [[83.22, 1.8], [83.22, 4.08]]}, "properties": {"nationality": "British", "year": 1804}}, {"type": "Feature", "geometry": {"type": "LineString", "coordinates": [[-12.67, 48.58], [-12.57, 48.65]]}, "properties": {"nationality": "British", "year": 1756}}, {"type": "Feature", "geometry": {"type": "LineString", "coordinates": [[-80.91, 30.53], [-79.76, 31.08]]}, "properties": {"nationality": "British", "year": 1752}}, {"type": "Feature", "geometry": {"type": "LineString", "coordinates": [[-8.0, -28.82], [-6.1, -29.98]]}, "properties": {"nationality": "British", "year": 1799}}, {"type": "Feature", "geometry": {"type": "LineString", "coordinates": [[22.73, -34.78], [22.33, -35.97]]}, "properties": {"nationality": "British", "year": 1805}}, {"type": "Feature", "geometry": {"type": "LineString", "coordinates": [[38.22, -23.75], [39.73, -23.58]]}, "properties": {"nationality": "British", "year": 1796}}, {"type": "Feature", "geometry": {"type": "LineString", "coordinates": [[-20.22, 48.63], [-16.87, 49.07]]}, "properties": {"nationality": "British", "year": 1778}}, {"type": "Feature", "geometry": {"type": "LineString", "coordinates": [[-16.88, 29.3], [-18.27, 29.2]]}, "properties": {"nationality": "British", "year": 1823}}, {"type": "Feature", "geometry": {"type": "LineString", "coordinates": [[-52.77, 26.17], [-57.43, 26.38]]}, "properties": {"nationality": "British", "year": 1759}}, {"type": "Feature", "geometry": {"type": "LineString", "coordinates": [[-25.88, -25.55], [-25.52, -27.45]]}, "properties": {"nationality": "British", "year": 1764}}, {"type": "Feature", "geometry": {"type": "LineString", "coordinates": [[-31.98, -10.5], [-32.42, -11.48]]}, "properties": {"nationality": "British", "year": 1807}}, {"type": "Feature", "geometry": {"type": "LineString", "coordinates": [[52.13, 2.5], [54.25, 3.92]]}, "properties": {"nationality": "British", "year": 1780}}, {"type": "Feature", "geometry": {"type": "LineString", "coordinates": [[103.75, -8.27], [103.35, -9.7]]}, "properties": {"nationality": "British", "year": 1784}}, {"type": "Feature", "geometry": {"type": "LineString", "coordinates": [[84.31, 9.32], [83.62, 9.65]]}, "properties": {"nationality": "British", "year": 1750}}, {"type": "Feature", "geometry": {"type": "LineString", "coordinates": [[-33.37, 29.03], [-33.25, 29.65]]}, "properties": {"nationality": "British", "year": 1793}}, {"type": "Feature", "geometry": {"type": "LineString", "coordinates": [[-32.25, 18.47], [-33.09, 19.0]]}, "properties": {"nationality": "British", "year": 1762}}, {"type": "Feature", "geometry": {"type": "LineString", "coordinates": [[90.99, -8.68], [91.29, -8.9]]}, "properties": {"nationality": "British", "year": 1762}}, {"type": "Feature", "geometry": {"type": "LineString", "coordinates": [[-21.52, -29.48], [-19.07, -30.53]]}, "properties": {"nationality": "British", "year": 1752}}, {"type": "Feature", "geometry": {"type": "LineString", "coordinates": [[45.87, -31.68], [44.73, -31.3]]}, "properties": {"nationality": "British", "year": 1752}}, {"type": "Feature", "geometry": {"type": "LineString", "coordinates": [[-27.45, -4.2], [-28.2, -5.72]]}, "properties": {"nationality": "British", "year": 1804}}, {"type": "Feature", "geometry": {"type": "LineString", "coordinates": [[-26.45, 45.63], [-22.55, 46.92]]}, "properties": {"nationality": "British", "year": 1753}}, {"type": "Feature", "geometry": {"type": "LineString", "coordinates": [[-5.77, 49.18], [-7.43, 48.9]]}, "properties": {"nationality": "British", "year": 1798}}, {"type": "Feature", "geometry": {"type": "LineString", "coordinates": [[-7.52, 49.43], [-7.07, 49.38]]}, "properties": {"nationality": "British", "year": 1808}}, {"type": "Feature", "geometry": {"type": "LineString", "coordinates": [[20.85, -38.1], [24.83, -37.83]]}, "properties": {"nationality": "British", "year": 1823}}, {"type": "Feature", "geometry": {"type": "LineString", "coordinates": [[-24.7, -19.05], [-25.78, -20.08]]}, "properties": {"nationality": "British", "year": 1771}}, {"type": "Feature", "geometry": {"type": "LineString", "coordinates": [[-17.36, 49.2], [-14.0, 49.85]]}, "properties": {"nationality": "British", "year": 1755}}, {"type": "Feature", "geometry": {"type": "LineString", "coordinates": [[59.2, -37.38], [62.12, -37.53]]}, "properties": {"nationality": "British", "year": 1769}}, {"type": "Feature", "geometry": {"type": "LineString", "coordinates": [[-71.57, 30.68], [-72.75, 31.37]]}, "properties": {"nationality": "British", "year": 1757}}, {"type": "Feature", "geometry": {"type": "LineString", "coordinates": [[-10.65, 44.37], [-11.1, 43.75]]}, "properties": {"nationality": "British", "year": 1798}}, {"type": "Feature", "geometry": {"type": "LineString", "coordinates": [[27.63, -35.42], [27.6, -34.85]]}, "properties": {"nationality": "British", "year": 1793}}, {"type": "Feature", "geometry": {"type": "LineString", "coordinates": [[-17.6, 43.65], [-16.03, 44.57]]}, "properties": {"nationality": "British", "year": 1771}}, {"type": "Feature", "geometry": {"type": "LineString", "coordinates": [[-34.63, -16.07], [-33.78, -17.05]]}, "properties": {"nationality": "British", "year": 1769}}, {"type": "Feature", "geometry": {"type": "LineString", "coordinates": [[-65.72, 31.97], [-65.17, 31.78]]}, "properties": {"nationality": "British", "year": 1815}}, {"type": "Feature", "geometry": {"type": "LineString", "coordinates": [[-30.78, 20.03], [-32.5, 22.02]]}, "properties": {"nationality": "British", "year": 1793}}, {"type": "Feature", "geometry": {"type": "LineString", "coordinates": [[-16.69, 41.33], [-18.36, 41.92]]}, "properties": {"nationality": "British", "year": 1753}}, {"type": "Feature", "geometry": {"type": "LineString", "coordinates": [[-32.49, 21.2], [-34.54, 20.63]]}, "properties": {"nationality": "British", "year": 1756}}, {"type": "Feature", "geometry": {"type": "LineString", "coordinates": [[-0.45, 1.7], [-1.8, 1.67]]}, "properties": {"nationality": "British", "year": 1753}}, {"type": "Feature", "geometry": {"type": "LineString", "coordinates": [[82.97, -13.83], [82.22, -15.25]]}, "properties": {"nationality": "British", "year": 1780}}, {"type": "Feature", "geometry": {"type": "LineString", "coordinates": [[-69.83, 34.45], [-68.58, 35.43]]}, "properties": {"nationality": "British", "year": 1792}}, {"type": "Feature", "geometry": {"type": "LineString", "coordinates": [[-30.28, 24.92], [-32.28, 24.83]]}, "properties": {"nationality": "British", "year": 1798}}, {"type": "Feature", "geometry": {"type": "LineString", "coordinates": [[82.33, -21.18], [79.95, -21.25]]}, "properties": {"nationality": "British", "year": 1794}}, {"type": "Feature", "geometry": {"type": "LineString", "coordinates": [[-63.93, 36.92], [-64.35, 35.71]]}, "properties": {"nationality": "British", "year": 1798}}, {"type": "Feature", "geometry": {"type": "LineString", "coordinates": [[-18.42, 13.57], [-17.77, 11.48]]}, "properties": {"nationality": "British", "year": 1823}}, {"type": "Feature", "geometry": {"type": "LineString", "coordinates": [[-4.55, 59.23], [-4.26, 59.15]]}, "properties": {"nationality": "British", "year": 1762}}, {"type": "Feature", "geometry": {"type": "LineString", "coordinates": [[-16.75, 41.83], [-18.2, 39.92]]}, "properties": {"nationality": "British", "year": 1757}}, {"type": "Feature", "geometry": {"type": "LineString", "coordinates": [[56.76, -26.83], [54.68, -28.07]]}, "properties": {"nationality": "British", "year": 1762}}, {"type": "Feature", "geometry": {"type": "LineString", "coordinates": [[18.63, -35.58], [20.52, -35.65]]}, "properties": {"nationality": "British", "year": 1805}}, {"type": "Feature", "geometry": {"type": "LineString", "coordinates": [[-16.27, 17.57], [-17.67, 16.57]]}, "properties": {"nationality": "British", "year": 1803}}, {"type": "Feature", "geometry": {"type": "LineString", "coordinates": [[-16.83, 50.5], [-14.85, 49.3]]}, "properties": {"nationality": "British", "year": 1800}}, {"type": "Feature", "geometry": {"type": "LineString", "coordinates": [[-18.87, 29.09], [-20.2, 27.96]]}, "properties": {"nationality": "British", "year": 1751}}, {"type": "Feature", "geometry": {"type": "LineString", "coordinates": [[-55.53, 37.83], [-54.13, 38.57]]}, "properties": {"nationality": "British", "year": 1795}}, {"type": "Feature", "geometry": {"type": "LineString", "coordinates": [[44.54, -13.5], [44.7, -12.17]]}, "properties": {"nationality": "British", "year": 1785}}, {"type": "Feature", "geometry": {"type": "LineString", "coordinates": [[-23.0, 44.58], [-20.2, 45.08]]}, "properties": {"nationality": "British", "year": 1767}}, {"type": "Feature", "geometry": {"type": "LineString", "coordinates": [[39.73, -27.27], [39.73, -26.03]]}, "properties": {"nationality": "British", "year": 1762}}, {"type": "Feature", "geometry": {"type": "LineString", "coordinates": [[74.46, -21.7], [73.09, -21.83]]}, "properties": {"nationality": "British", "year": 1771}}, {"type": "Feature", "geometry": {"type": "LineString", "coordinates": [[-20.82, 15.18], [-21.13, 15.37]]}, "properties": {"nationality": "British", "year": 1752}}, {"type": "Feature", "geometry": {"type": "LineString", "coordinates": [[64.49, 18.37], [68.01, 18.93]]}, "properties": {"nationality": "British", "year": 1750}}, {"type": "Feature", "geometry": {"type": "LineString", "coordinates": [[-43.79, 45.93], [-42.93, 46.22]]}, "properties": {"nationality": "British", "year": 1758}}, {"type": "Feature", "geometry": {"type": "LineString", "coordinates": [[-76.9, 31.97], [-74.42, 31.67]]}, "properties": {"nationality": "British", "year": 1771}}, {"type": "Feature", "geometry": {"type": "LineString", "coordinates": [[-32.77, 29.67], [-31.95, 32.0]]}, "properties": {"nationality": "British", "year": 1806}}, {"type": "Feature", "geometry": {"type": "LineString", "coordinates": [[-21.33, 23.85], [-23.32, 21.13]]}, "properties": {"nationality": "British", "year": 1829}}, {"type": "Feature", "geometry": {"type": "LineString", "coordinates": [[50.99, -31.63], [47.99, -32.3]]}, "properties": {"nationality": "British", "year": 1750}}, {"type": "Feature", "geometry": {"type": "LineString", "coordinates": [[-57.1, 15.25], [-57.63, 14.4]]}, "properties": {"nationality": "British", "year": 1808}}, {"type": "Feature", "geometry": {"type": "LineString", "coordinates": [[93.28, 3.27], [93.14, 4.4]]}, "properties": {"nationality": "British", "year": 1759}}, {"type": "Feature", "geometry": {"type": "LineString", "coordinates": [[-9.87, 58.58], [-13.23, 58.28]]}, "properties": {"nationality": "British", "year": 1777}}, {"type": "Feature", "geometry": {"type": "LineString", "coordinates": [[166.55, 1.0], [166.32, 2.47]]}, "properties": {"nationality": "British", "year": 1792}}, {"type": "Feature", "geometry": {"type": "LineString", "coordinates": [[62.58, 13.68], [62.11, 12.92]]}, "properties": {"nationality": "British", "year": 1751}}, {"type": "Feature", "geometry": {"type": "LineString", "coordinates": [[-26.92, 7.98], [-28.48, 9.42]]}, "properties": {"nationality": "British", "year": 1789}}, {"type": "Feature", "geometry": {"type": "LineString", "coordinates": [[-37.35, 37.93], [-38.19, 38.77]]}, "properties": {"nationality": "British", "year": 1766}}, {"type": "Feature", "geometry": {"type": "LineString", "coordinates": [[-36.23, 34.58], [-37.1, 35.62]]}, "properties": {"nationality": "British", "year": 1793}}, {"type": "Feature", "geometry": {"type": "LineString", "coordinates": [[-43.85, 44.25], [-41.0, 44.1]]}, "properties": {"nationality": "British", "year": 1777}}, {"type": "Feature", "geometry": {"type": "LineString", "coordinates": [[-5.59, 49.5], [-4.5, 49.95]]}, "properties": {"nationality": "British", "year": 1786}}, {"type": "Feature", "geometry": {"type": "LineString", "coordinates": [[-23.36, -8.47], [-24.25, -10.17]]}, "properties": {"nationality": "British", "year": 1750}}, {"type": "Feature", "geometry": {"type": "LineString", "coordinates": [[51.39, -35.78], [53.71, -36.15]]}, "properties": {"nationality": "British", "year": 1767}}, {"type": "Feature", "geometry": {"type": "LineString", "coordinates": [[-27.77, -4.6], [-27.97, -6.1]]}, "properties": {"nationality": "British", "year": 1794}}, {"type": "Feature", "geometry": {"type": "LineString", "coordinates": [[81.77, 10.48], [80.8, 11.17]]}, "properties": {"nationality": "British", "year": 1763}}, {"type": "Feature", "geometry": {"type": "LineString", "coordinates": [[78.5, -9.0], [75.45, -9.0]]}, "properties": {"nationality": "British", "year": 1808}}, {"type": "Feature", "geometry": {"type": "LineString", "coordinates": [[-9.27, 34.03], [-10.3, 33.72]]}, "properties": {"nationality": "British", "year": 1750}}, {"type": "Feature", "geometry": {"type": "LineString", "coordinates": [[-16.89, 42.62], [-16.44, 43.0]]}, "properties": {"nationality": "British", "year": 1751}}, {"type": "Feature", "geometry": {"type": "LineString", "coordinates": [[-45.88, 48.23], [-46.23, 47.5]]}, "properties": {"nationality": "British", "year": 1782}}, {"type": "Feature", "geometry": {"type": "LineString", "coordinates": [[58.02, -22.9], [62.83, -23.32]]}, "properties": {"nationality": "British", "year": 1804}}, {"type": "Feature", "geometry": {"type": "LineString", "coordinates": [[100.7, -11.25], [99.87, -12.02]]}, "properties": {"nationality": "British", "year": 1778}}, {"type": "Feature", "geometry": {"type": "LineString", "coordinates": [[4.78, -21.53], [3.78, -20.37]]}, "properties": {"nationality": "British", "year": 1766}}, {"type": "Feature", "geometry": {"type": "LineString", "coordinates": [[45.27, -1.13], [45.05, 0.43]]}, "properties": {"nationality": "British", "year": 1798}}, {"type": "Feature", "geometry": {"type": "LineString", "coordinates": [[91.75, 6.37], [92.43, 7.05]]}, "properties": {"nationality": "British", "year": 1803}}, {"type": "Feature", "geometry": {"type": "LineString", "coordinates": [[-33.98, -10.72], [-36.05, -12.1]]}, "properties": {"nationality": "British", "year": 1823}}, {"type": "Feature", "geometry": {"type": "LineString", "coordinates": [[-20.38, 31.2], [-22.22, 28.17]]}, "properties": {"nationality": "British", "year": 1782}}, {"type": "Feature", "geometry": {"type": "LineString", "coordinates": [[-23.21, 2.23], [-24.02, 1.33]]}, "properties": {"nationality": "British", "year": 1758}}, {"type": "Feature", "geometry": {"type": "LineString", "coordinates": [[4.38, -24.68], [2.48, -22.95]]}, "properties": {"nationality": "British", "year": 1825}}, {"type": "Feature", "geometry": {"type": "LineString", "coordinates": [[43.98, -5.18], [44.27, -3.17]]}, "properties": {"nationality": "British", "year": 1770}}, {"type": "Feature", "geometry": {"type": "LineString", "coordinates": [[-6.72, -18.78], [-7.27, -20.93]]}, "properties": {"nationality": "British", "year": 1785}}, {"type": "Feature", "geometry": {"type": "LineString", "coordinates": [[71.1, 8.08], [73.32, 8.18]]}, "properties": {"nationality": "British", "year": 1761}}, {"type": "Feature", "geometry": {"type": "LineString", "coordinates": [[-13.68, -32.15], [-12.43, -32.0]]}, "properties": {"nationality": "British", "year": 1797}}, {"type": "Feature", "geometry": {"type": "LineString", "coordinates": [[-39.18, 30.9], [-39.02, 32.87]]}, "properties": {"nationality": "British", "year": 1807}}, {"type": "Feature", "geometry": {"type": "LineString", "coordinates": [[-28.62, 39.57], [-25.48, 40.22]]}, "properties": {"nationality": "British", "year": 1797}}, {"type": "Feature", "geometry": {"type": "LineString", "coordinates": [[0.07, 3.83], [0.92, 3.47]]}, "properties": {"nationality": "British", "year": 1764}}, {"type": "Feature", "geometry": {"type": "LineString", "coordinates": [[21.02, -35.67], [19.0, -35.25]]}, "properties": {"nationality": "British", "year": 1771}}, {"type": "Feature", "geometry": {"type": "LineString", "coordinates": [[89.44, -3.32], [90.04, -2.8]]}, "properties": {"nationality": "British", "year": 1769}}, {"type": "Feature", "geometry": {"type": "LineString", "coordinates": [[-23.53, 24.22], [-24.43, 21.67]]}, "properties": {"nationality": "British", "year": 1797}}, {"type": "Feature", "geometry": {"type": "LineString", "coordinates": [[81.65, 12.48], [80.67, 12.25]]}, "properties": {"nationality": "British", "year": 1810}}, {"type": "Feature", "geometry": {"type": "LineString", "coordinates": [[-40.82, 56.78], [-44.03, 57.95]]}, "properties": {"nationality": "British", "year": 1773}}, {"type": "Feature", "geometry": {"type": "LineString", "coordinates": [[-33.49, -3.6], [-32.54, -2.82]]}, "properties": {"nationality": "British", "year": 1766}}, {"type": "Feature", "geometry": {"type": "LineString", "coordinates": [[-15.82, -10.73], [-17.41, -9.85]]}, "properties": {"nationality": "British", "year": 1760}}, {"type": "Feature", "geometry": {"type": "LineString", "coordinates": [[26.1, -34.65], [25.99, -35.78]]}, "properties": {"nationality": "British", "year": 1789}}, {"type": "Feature", "geometry": {"type": "LineString", "coordinates": [[-51.92, 26.93], [-52.15, 26.25]]}, "properties": {"nationality": "British", "year": 1757}}, {"type": "Feature", "geometry": {"type": "LineString", "coordinates": [[80.63, 5.83], [80.5, 5.6]]}, "properties": {"nationality": "British", "year": 1758}}, {"type": "Feature", "geometry": {"type": "LineString", "coordinates": [[-66.85, 34.83], [-67.68, 34.9]]}, "properties": {"nationality": "British", "year": 1761}}, {"type": "Feature", "geometry": {"type": "LineString", "coordinates": [[-64.92, -58.15], [-66.22, -59.4]]}, "properties": {"nationality": "British", "year": 1786}}, {"type": "Feature", "geometry": {"type": "LineString", "coordinates": [[-19.5, 3.48], [-20.0, 4.83]]}, "properties": {"nationality": "British", "year": 1795}}, {"type": "Feature", "geometry": {"type": "LineString", "coordinates": [[83.25, -25.13], [84.27, -22.42]]}, "properties": {"nationality": "British", "year": 1796}}, {"type": "Feature", "geometry": {"type": "LineString", "coordinates": [[-21.55, 46.6], [-22.02, 46.87]]}, "properties": {"nationality": "British", "year": 1763}}, {"type": "Feature", "geometry": {"type": "LineString", "coordinates": [[-44.22, 26.57], [-45.25, 28.83]]}, "properties": {"nationality": "British", "year": 1791}}, {"type": "Feature", "geometry": {"type": "LineString", "coordinates": [[-10.96, 47.77], [-12.46, 46.47]]}, "properties": {"nationality": "British", "year": 1757}}, {"type": "Feature", "geometry": {"type": "LineString", "coordinates": [[-15.08, 42.75], [-14.18, 44.38]]}, "properties": {"nationality": "British", "year": 1780}}, {"type": "Feature", "geometry": {"type": "LineString", "coordinates": [[37.19, -34.72], [36.41, -34.8]]}, "properties": {"nationality": "British", "year": 1750}}, {"type": "Feature", "geometry": {"type": "LineString", "coordinates": [[65.82, 20.42], [66.42, 20.08]]}, "properties": {"nationality": "British", "year": 1762}}, {"type": "Feature", "geometry": {"type": "LineString", "coordinates": [[-55.15, 13.25], [-56.67, 13.43]]}, "properties": {"nationality": "British", "year": 1792}}, {"type": "Feature", "geometry": {"type": "LineString", "coordinates": [[-9.15, 59.67], [-12.15, 59.5]]}, "properties": {"nationality": "British", "year": 1793}}, {"type": "Feature", "geometry": {"type": "LineString", "coordinates": [[52.82, -24.52], [52.87, -23.72]]}, "properties": {"nationality": "British", "year": 1819}}, {"type": "Feature", "geometry": {"type": "LineString", "coordinates": [[-18.52, -4.95], [-19.27, -4.45]]}, "properties": {"nationality": "British", "year": 1794}}, {"type": "Feature", "geometry": {"type": "LineString", "coordinates": [[25.47, -35.38], [24.48, -35.65]]}, "properties": {"nationality": "British", "year": 1810}}, {"type": "Feature", "geometry": {"type": "LineString", "coordinates": [[0.3, -32.97], [0.83, -33.1]]}, "properties": {"nationality": "British", "year": 1764}}, {"type": "Feature", "geometry": {"type": "LineString", "coordinates": [[-0.26, 4.98], [0.42, 4.57]]}, "properties": {"nationality": "British", "year": 1753}}, {"type": "Feature", "geometry": {"type": "LineString", "coordinates": [[85.48, -10.73], [85.58, -10.77]]}, "properties": {"nationality": "British", "year": 1765}}, {"type": "Feature", "geometry": {"type": "LineString", "coordinates": [[-15.37, -5.15], [-16.72, -3.8]]}, "properties": {"nationality": "British", "year": 1786}}, {"type": "Feature", "geometry": {"type": "LineString", "coordinates": [[-6.72, -15.05], [-7.95, -13.98]]}, "properties": {"nationality": "British", "year": 1793}}, {"type": "Feature", "geometry": {"type": "LineString", "coordinates": [[32.35, -35.28], [30.03, -35.75]]}, "properties": {"nationality": "British", "year": 1771}}, {"type": "Feature", "geometry": {"type": "LineString", "coordinates": [[-1.36, -33.87], [-0.67, -33.1]]}, "properties": {"nationality": "British", "year": 1754}}, {"type": "Feature", "geometry": {"type": "LineString", "coordinates": [[39.4, -33.67], [40.26, -32.25]]}, "properties": {"nationality": "British", "year": 1764}}, {"type": "Feature", "geometry": {"type": "LineString", "coordinates": [[36.46, -29.22], [35.91, -28.75]]}, "properties": {"nationality": "British", "year": 1775}}, {"type": "Feature", "geometry": {"type": "LineString", "coordinates": [[1.03, -38.75], [4.3, -38.93]]}, "properties": {"nationality": "British", "year": 1807}}, {"type": "Feature", "geometry": {"type": "LineString", "coordinates": [[113.7, 22.0], [114.02, 21.67]]}, "properties": {"nationality": "British", "year": 1750}}, {"type": "Feature", "geometry": {"type": "LineString", "coordinates": [[88.95, -12.3], [86.8, -13.08]]}, "properties": {"nationality": "British", "year": 1797}}, {"type": "Feature", "geometry": {"type": "LineString", "coordinates": [[-27.2, -9.95], [-27.11, -7.28]]}, "properties": {"nationality": "British", "year": 1771}}, {"type": "Feature", "geometry": {"type": "LineString", "coordinates": [[-3.18, -28.58], [-1.73, -29.88]]}, "properties": {"nationality": "British", "year": 1764}}, {"type": "Feature", "geometry": {"type": "LineString", "coordinates": [[-53.96, 23.07], [-53.86, 22.02]]}, "properties": {"nationality": "British", "year": 1768}}, {"type": "Feature", "geometry": {"type": "LineString", "coordinates": [[-2.62, -16.0], [-7.05, -14.18]]}, "properties": {"nationality": "British", "year": 1771}}, {"type": "Feature", "geometry": {"type": "LineString", "coordinates": [[81.38, 10.8], [82.38, 11.5]]}, "properties": {"nationality": "British", "year": 1773}}, {"type": "Feature", "geometry": {"type": "LineString", "coordinates": [[44.73, -13.1], [44.35, -13.28]]}, "properties": {"nationality": "British", "year": 1802}}, {"type": "Feature", "geometry": {"type": "LineString", "coordinates": [[-10.87, 40.6], [-11.45, 39.12]]}, "properties": {"nationality": "British", "year": 1754}}, {"type": "Feature", "geometry": {"type": "LineString", "coordinates": [[47.05, -0.25], [49.02, 1.28]]}, "properties": {"nationality": "British", "year": 1767}}, {"type": "Feature", "geometry": {"type": "LineString", "coordinates": [[-20.63, 43.62], [-20.22, 42.47]]}, "properties": {"nationality": "British", "year": 1798}}, {"type": "Feature", "geometry": {"type": "LineString", "coordinates": [[-19.1, 29.67], [-17.99, 29.3]]}, "properties": {"nationality": "British", "year": 1807}}, {"type": "Feature", "geometry": {"type": "LineString", "coordinates": [[-7.17, 45.95], [-9.83, 43.7]]}, "properties": {"nationality": "British", "year": 1802}}, {"type": "Feature", "geometry": {"type": "LineString", "coordinates": [[55.03, -26.7], [52.57, -26.98]]}, "properties": {"nationality": "British", "year": 1807}}, {"type": "Feature", "geometry": {"type": "LineString", "coordinates": [[61.97, 12.73], [63.12, 14.07]]}, "properties": {"nationality": "British", "year": 1757}}, {"type": "Feature", "geometry": {"type": "LineString", "coordinates": [[-79.63, 32.22], [-79.35, 32.52]]}, "properties": {"nationality": "British", "year": 1798}}, {"type": "Feature", "geometry": {"type": "LineString", "coordinates": [[-14.62, -8.03], [-16.82, -5.98]]}, "properties": {"nationality": "British", "year": 1823}}, {"type": "Feature", "geometry": {"type": "LineString", "coordinates": [[-62.12, 61.58], [-63.4, 61.55]]}, "properties": {"nationality": "British", "year": 1776}}, {"type": "Feature", "geometry": {"type": "LineString", "coordinates": [[-10.77, -34.27], [-8.16, -34.28]]}, "properties": {"nationality": "British", "year": 1767}}, {"type": "Feature", "geometry": {"type": "LineString", "coordinates": [[56.15, -24.58], [52.73, -25.55]]}, "properties": {"nationality": "British", "year": 1805}}, {"type": "Feature", "geometry": {"type": "LineString", "coordinates": [[-22.63, -9.28], [-22.68, -11.75]]}, "properties": {"nationality": "British", "year": 1775}}, {"type": "Feature", "geometry": {"type": "LineString", "coordinates": [[6.92, -36.17], [8.58, -36.17]]}, "properties": {"nationality": "British", "year": 1780}}, {"type": "Feature", "geometry": {"type": "LineString", "coordinates": [[68.12, -21.38], [65.97, -22.22]]}, "properties": {"nationality": "British", "year": 1794}}, {"type": "Feature", "geometry": {"type": "LineString", "coordinates": [[-6.98, 47.48], [-7.4, 46.4]]}, "properties": {"nationality": "British", "year": 1772}}, {"type": "Feature", "geometry": {"type": "LineString", "coordinates": [[-11.28, -35.95], [-7.93, -36.1]]}, "properties": {"nationality": "British", "year": 1787}}, {"type": "Feature", "geometry": {"type": "LineString", "coordinates": [[-1.75, -19.45], [-3.0, -18.28]]}, "properties": {"nationality": "British", "year": 1812}}, {"type": "Feature", "geometry": {"type": "LineString", "coordinates": [[-78.87, 28.93], [-79.7, 29.58]]}, "properties": {"nationality": "British", "year": 1798}}, {"type": "Feature", "geometry": {"type": "LineString", "coordinates": [[45.08, -30.73], [46.95, -30.18]]}, "properties": {"nationality": "British", "year": 1798}}, {"type": "Feature", "geometry": {"type": "LineString", "coordinates": [[82.35, 8.63], [81.4, 10.7]]}, "properties": {"nationality": "British", "year": 1794}}, {"type": "Feature", "geometry": {"type": "LineString", "coordinates": [[-24.27, 12.9], [-24.27, 12.57]]}, "properties": {"nationality": "British", "year": 1804}}, {"type": "Feature", "geometry": {"type": "LineString", "coordinates": [[95.7, 3.27], [95.57, 4.48]]}, "properties": {"nationality": "British", "year": 1805}}, {"type": "Feature", "geometry": {"type": "LineString", "coordinates": [[-23.2, 3.03], [-23.5, 5.32]]}, "properties": {"nationality": "British", "year": 1765}}, {"type": "Feature", "geometry": {"type": "LineString", "coordinates": [[41.57, -30.63], [43.6, -30.83]]}, "properties": {"nationality": "British", "year": 1778}}, {"type": "Feature", "geometry": {"type": "LineString", "coordinates": [[90.38, -0.57], [89.82, 0.13]]}, "properties": {"nationality": "British", "year": 1807}}, {"type": "Feature", "geometry": {"type": "LineString", "coordinates": [[-72.22, 28.05], [-72.55, 27.95]]}, "properties": {"nationality": "British", "year": 1767}}, {"type": "Feature", "geometry": {"type": "LineString", "coordinates": [[-21.08, 2.33], [-21.53, 2.57]]}, "properties": {"nationality": "British", "year": 1821}}, {"type": "Feature", "geometry": {"type": "LineString", "coordinates": [[-19.07, 38.12], [-18.75, 38.65]]}, "properties": {"nationality": "British", "year": 1784}}, {"type": "Feature", "geometry": {"type": "LineString", "coordinates": [[-18.45, 58.67], [-21.97, 58.18]]}, "properties": {"nationality": "British", "year": 1793}}, {"type": "Feature", "geometry": {"type": "LineString", "coordinates": [[-45.6, 45.53], [-44.12, 45.53]]}, "properties": {"nationality": "British", "year": 1806}}, {"type": "Feature", "geometry": {"type": "LineString", "coordinates": [[-50.67, 42.0], [-50.42, 42.17]]}, "properties": {"nationality": "British", "year": 1782}}, {"type": "Feature", "geometry": {"type": "LineString", "coordinates": [[-33.67, 25.85], [-35.2, 27.22]]}, "properties": {"nationality": "British", "year": 1767}}, {"type": "Feature", "geometry": {"type": "LineString", "coordinates": [[-37.28, 41.3], [-34.28, 42.03]]}, "properties": {"nationality": "British", "year": 1796}}, {"type": "Feature", "geometry": {"type": "LineString", "coordinates": [[-23.45, 47.42], [-21.25, 47.72]]}, "properties": {"nationality": "British", "year": 1750}}, {"type": "Feature", "geometry": {"type": "LineString", "coordinates": [[-51.48, -45.57], [-48.81, -43.43]]}, "properties": {"nationality": "British", "year": 1770}}, {"type": "Feature", "geometry": {"type": "LineString", "coordinates": [[47.03, -29.92], [46.31, -30.92]]}, "properties": {"nationality": "British", "year": 1753}}, {"type": "Feature", "geometry": {"type": "LineString", "coordinates": [[-20.7, 4.15], [-21.3, 6.17]]}, "properties": {"nationality": "British", "year": 1764}}, {"type": "Feature", "geometry": {"type": "LineString", "coordinates": [[30.9, -32.4], [29.8, -33.97]]}, "properties": {"nationality": "British", "year": 1802}}, {"type": "Feature", "geometry": {"type": "LineString", "coordinates": [[35.28, -30.2], [33.23, -29.8]]}, "properties": {"nationality": "British", "year": 1797}}, {"type": "Feature", "geometry": {"type": "LineString", "coordinates": [[-60.08, 35.58], [-59.96, 36.03]]}, "properties": {"nationality": "British", "year": 1768}}, {"type": "Feature", "geometry": {"type": "LineString", "coordinates": [[-72.2, 29.17], [-70.93, 31.18]]}, "properties": {"nationality": "British", "year": 1792}}, {"type": "Feature", "geometry": {"type": "LineString", "coordinates": [[89.35, 15.38], [89.88, 14.53]]}, "properties": {"nationality": "British", "year": 1805}}, {"type": "Feature", "geometry": {"type": "LineString", "coordinates": [[-22.22, 14.43], [-21.87, 12.67]]}, "properties": {"nationality": "British", "year": 1766}}, {"type": "Feature", "geometry": {"type": "LineString", "coordinates": [[-13.13, 44.03], [-13.63, 38.98]]}, "properties": {"nationality": "British", "year": 1771}}, {"type": "Feature", "geometry": {"type": "LineString", "coordinates": [[-28.09, 47.4], [-26.57, 47.72]]}, "properties": {"nationality": "British", "year": 1778}}, {"type": "Feature", "geometry": {"type": "LineString", "coordinates": [[-18.83, -30.37], [-16.9, -31.87]]}, "properties": {"nationality": "British", "year": 1796}}, {"type": "Feature", "geometry": {"type": "LineString", "coordinates": [[79.48, -11.78], [78.65, -13.22]]}, "properties": {"nationality": "British", "year": 1751}}, {"type": "Feature", "geometry": {"type": "LineString", "coordinates": [[-23.64, -19.93], [-23.01, -21.47]]}, "properties": {"nationality": "British", "year": 1798}}, {"type": "Feature", "geometry": {"type": "LineString", "coordinates": [[103.52, -8.92], [102.27, -9.25]]}, "properties": {"nationality": "British", "year": 1820}}, {"type": "Feature", "geometry": {"type": "LineString", "coordinates": [[34.7, -31.73], [31.79, -32.4]]}, "properties": {"nationality": "British", "year": 1768}}, {"type": "Feature", "geometry": {"type": "LineString", "coordinates": [[59.73, -25.02], [58.53, -25.77]]}, "properties": {"nationality": "British", "year": 1762}}, {"type": "Feature", "geometry": {"type": "LineString", "coordinates": [[-15.9, 41.72], [-15.28, 41.43]]}, "properties": {"nationality": "British", "year": 1795}}, {"type": "Feature", "geometry": {"type": "LineString", "coordinates": [[-44.15, -28.17], [-45.48, -27.88]]}, "properties": {"nationality": "British", "year": 1806}}, {"type": "Feature", "geometry": {"type": "LineString", "coordinates": [[-35.53, 36.47], [-35.1, 38.0]]}, "properties": {"nationality": "British", "year": 1805}}, {"type": "Feature", "geometry": {"type": "LineString", "coordinates": [[-68.6, 32.33], [-68.3, 34.6]]}, "properties": {"nationality": "British", "year": 1795}}, {"type": "Feature", "geometry": {"type": "LineString", "coordinates": [[-9.53, 48.43], [-10.18, 48.7]]}, "properties": {"nationality": "British", "year": 1774}}, {"type": "Feature", "geometry": {"type": "LineString", "coordinates": [[-18.5, 3.95], [-17.5, 4.03]]}, "properties": {"nationality": "British", "year": 1790}}, {"type": "Feature", "geometry": {"type": "LineString", "coordinates": [[-11.2, 39.72], [-11.3, 38.92]]}, "properties": {"nationality": "Dutch", "year": 1760}}, {"type": "Feature", "geometry": {"type": "LineString", "coordinates": [[-24.51, -2.63], [-25.71, -4.86]]}, "properties": {"nationality": "Dutch", "year": 1845}}, {"type": "Feature", "geometry": {"type": "LineString", "coordinates": [[-22.65, 6.2], [-22.45, 6.43]]}, "properties": {"nationality": "Dutch", "year": 1833}}, {"type": "Feature", "geometry": {"type": "LineString", "coordinates": [[-38.1, 25.67], [-39.02, 27.52]]}, "properties": {"nationality": "Dutch", "year": 1818}}, {"type": "Feature", "geometry": {"type": "LineString", "coordinates": [[93.55, -23.2], [95.08, -21.98]]}, "properties": {"nationality": "Dutch", "year": 1840}}, {"type": "Feature", "geometry": {"type": "LineString", "coordinates": [[-27.45, 16.83], [-28.68, 19.0]]}, "properties": {"nationality": "Dutch", "year": 1786}}, {"type": "Feature", "geometry": {"type": "LineString", "coordinates": [[-17.02, 7.4], [-16.82, 6.75]]}, "properties": {"nationality": "Dutch", "year": 1840}}, {"type": "Feature", "geometry": {"type": "LineString", "coordinates": [[-1.8, 57.02], [-1.39, 56.68]]}, "properties": {"nationality": "Dutch", "year": 1846}}, {"type": "Feature", "geometry": {"type": "LineString", "coordinates": [[0.38, -17.18], [-1.28, -15.98]]}, "properties": {"nationality": "Dutch", "year": 1756}}, {"type": "Feature", "geometry": {"type": "LineString", "coordinates": [[76.08, -19.2], [74.83, -19.75]]}, "properties": {"nationality": "Dutch", "year": 1843}}, {"type": "Feature", "geometry": {"type": "LineString", "coordinates": [[20.97, -37.8], [25.1, -38.23]]}, "properties": {"nationality": "Dutch", "year": 1841}}, {"type": "Feature", "geometry": {"type": "LineString", "coordinates": [[-32.0, 39.0], [-28.13, 40.22]]}, "properties": {"nationality": "Dutch", "year": 1843}}, {"type": "Feature", "geometry": {"type": "LineString", "coordinates": [[-25.8, 46.75], [-22.45, 48.47]]}, "properties": {"nationality": "Dutch", "year": 1774}}, {"type": "Feature", "geometry": {"type": "LineString", "coordinates": [[24.55, -35.1], [20.1, -35.83]]}, "properties": {"nationality": "Dutch", "year": 1835}}, {"type": "Feature", "geometry": {"type": "LineString", "coordinates": [[-24.73, -21.93], [-24.22, -23.77]]}, "properties": {"nationality": "Dutch", "year": 1838}}, {"type": "Feature", "geometry": {"type": "LineString", "coordinates": [[-25.0, -22.02], [-24.87, -23.4]]}, "properties": {"nationality": "Dutch", "year": 1764}}, {"type": "Feature", "geometry": {"type": "LineString", "coordinates": [[-29.15, 46.72], [-27.97, 47.15]]}, "properties": {"nationality": "Dutch", "year": 1751}}, {"type": "Feature", "geometry": {"type": "LineString", "coordinates": [[-9.38, 47.82], [-10.83, 47.35]]}, "properties": {"nationality": "Dutch", "year": 1838}}, {"type": "Feature", "geometry": {"type": "LineString", "coordinates": [[75.0, -37.65], [78.17, -37.57]]}, "properties": {"nationality": "Dutch", "year": 1845}}, {"type": "Feature", "geometry": {"type": "LineString", "coordinates": [[21.57, -35.15], [20.98, -35.17]]}, "properties": {"nationality": "Dutch", "year": 1839}}, {"type": "Feature", "geometry": {"type": "LineString", "coordinates": [[19.88, -35.68], [18.17, -36.05]]}, "properties": {"nationality": "Dutch", "year": 1849}}, {"type": "Feature", "geometry": {"type": "LineString", "coordinates": [[-27.95, -1.57], [-29.49, -1.52]]}, "properties": {"nationality": "Dutch", "year": 1795}}, {"type": "Feature", "geometry": {"type": "LineString", "coordinates": [[-27.07, -4.2], [-27.13, -4.2]]}, "properties": {"nationality": "Dutch", "year": 1837}}, {"type": "Feature", "geometry": {"type": "LineString", "coordinates": [[8.2, -26.57], [7.25, -25.05]]}, "properties": {"nationality": "Dutch", "year": 1842}}, {"type": "Feature", "geometry": {"type": "LineString", "coordinates": [[-57.28, 12.57], [-57.55, 14.6]]}, "properties": {"nationality": "Dutch", "year": 1821}}, {"type": "Feature", "geometry": {"type": "LineString", "coordinates": [[-21.35, 17.2], [-21.52, 15.13]]}, "properties": {"nationality": "Dutch", "year": 1766}}, {"type": "Feature", "geometry": {"type": "LineString", "coordinates": [[3.47, -1.68], [2.73, -1.98]]}, "properties": {"nationality": "Dutch", "year": 1755}}, {"type": "Feature", "geometry": {"type": "LineString", "coordinates": [[-6.17, 49.1], [-7.12, 48.88]]}, "properties": {"nationality": "Dutch", "year": 1837}}, {"type": "Feature", "geometry": {"type": "LineString", "coordinates": [[102.94, -23.23], [103.88, -20.37]]}, "properties": {"nationality": "Dutch", "year": 1803}}, {"type": "Feature", "geometry": {"type": "LineString", "coordinates": [[0.16, -34.43], [0.75, -34.17]]}, "properties": {"nationality": "Dutch", "year": 1751}}, {"type": "Feature", "geometry": {"type": "LineString", "coordinates": [[83.3, -35.48], [86.98, -35.03]]}, "properties": {"nationality": "Dutch", "year": 1843}}, {"type": "Feature", "geometry": {"type": "LineString", "coordinates": [[-14.74, -37.44], [-13.16, -38.32]]}, "properties": {"nationality": "Dutch", "year": 1831}}, {"type": "Feature", "geometry": {"type": "LineString", "coordinates": [[-20.75, 36.8], [-21.13, 35.57]]}, "properties": {"nationality": "Dutch", "year": 1751}}, {"type": "Feature", "geometry": {"type": "LineString", "coordinates": [[-27.4, -15.68], [-26.95, -16.88]]}, "properties": {"nationality": "Dutch", "year": 1802}}, {"type": "Feature", "geometry": {"type": "LineString", "coordinates": [[79.86, 6.91], [79.6, 5.63]]}, "properties": {"nationality": "Dutch", "year": 1756}}, {"type": "Feature", "geometry": {"type": "LineString", "coordinates": [[-8.55, 43.55], [-10.79, 43.11]]}, "properties": {"nationality": "Dutch", "year": 1838}}, {"type": "Feature", "geometry": {"type": "LineString", "coordinates": [[29.72, -33.53], [24.62, -34.37]]}, "properties": {"nationality": "Dutch", "year": 1848}}, {"type": "Feature", "geometry": {"type": "LineString", "coordinates": [[-23.51, 2.91], [-23.36, 3.63]]}, "properties": {"nationality": "Dutch", "year": 1830}}, {"type": "Feature", "geometry": {"type": "LineString", "coordinates": [[-24.88, 43.03], [-22.37, 44.38]]}, "properties": {"nationality": "Dutch", "year": 1849}}, {"type": "Feature", "geometry": {"type": "LineString", "coordinates": [[97.92, -25.82], [99.82, -23.6]]}, "properties": {"nationality": "Dutch", "year": 1849}}, {"type": "Feature", "geometry": {"type": "LineString", "coordinates": [[-28.52, 14.0], [-29.0, 15.35]]}, "properties": {"nationality": "Dutch", "year": 1836}}, {"type": "Feature", "geometry": {"type": "LineString", "coordinates": [[105.1, -6.45], [106.86, -6.1]]}, "properties": {"nationality": "Dutch", "year": 1845}}, {"type": "Feature", "geometry": {"type": "LineString", "coordinates": [[84.0, 5.03], [83.89, 4.93]]}, "properties": {"nationality": "Dutch", "year": 1753}}, {"type": "Feature", "geometry": {"type": "LineString", "coordinates": [[110.93, -25.53], [112.42, -25.5]]}, "properties": {"nationality": "Dutch", "year": 1789}}, {"type": "Feature", "geometry": {"type": "LineString", "coordinates": [[26.75, -38.33], [29.5, -38.7]]}, "properties": {"nationality": "Dutch", "year": 1824}}, {"type": "Feature", "geometry": {"type": "LineString", "coordinates": [[-69.9, 14.87], [-69.47, 14.92]]}, "properties": {"nationality": "Dutch", "year": 1823}}, {"type": "Feature", "geometry": {"type": "LineString", "coordinates": [[-16.41, 44.92], [-17.28, 43.35]]}, "properties": {"nationality": "Dutch", "year": 1751}}, {"type": "Feature", "geometry": {"type": "LineString", "coordinates": [[-32.73, 20.27], [-35.71, 19.88]]}, "properties": {"nationality": "Dutch", "year": 1778}}, {"type": "Feature", "geometry": {"type": "LineString", "coordinates": [[-24.37, -27.97], [-23.57, -28.77]]}, "properties": {"nationality": "Dutch", "year": 1837}}, {"type": "Feature", "geometry": {"type": "LineString", "coordinates": [[40.53, -29.5], [38.13, -29.97]]}, "properties": {"nationality": "Dutch", "year": 1846}}, {"type": "Feature", "geometry": {"type": "LineString", "coordinates": [[-19.77, -0.88], [-20.77, 0.18]]}, "properties": {"nationality": "Dutch", "year": 1766}}, {"type": "Feature", "geometry": {"type": "LineString", "coordinates": [[2.88, 0.0], [3.38, 0.72]]}, "properties": {"nationality": "Dutch", "year": 1760}}, {"type": "Feature", "geometry": {"type": "LineString", "coordinates": [[-31.43, -26.87], [-28.86, -29.43]]}, "properties": {"nationality": "Dutch", "year": 1848}}, {"type": "Feature", "geometry": {"type": "LineString", "coordinates": [[-26.08, -22.12], [-25.85, -24.62]]}, "properties": {"nationality": "Dutch", "year": 1849}}, {"type": "Feature", "geometry": {"type": "LineString", "coordinates": [[-3.15, -30.05], [-0.48, -31.52]]}, "properties": {"nationality": "Dutch", "year": 1836}}, {"type": "Feature", "geometry": {"type": "LineString", "coordinates": [[-24.02, -2.66], [-25.14, -4.24]]}, "properties": {"nationality": "Dutch", "year": 1831}}, {"type": "Feature", "geometry": {"type": "LineString", "coordinates": [[-41.38, -26.85], [-38.35, -28.3]]}, "properties": {"nationality": "Dutch", "year": 1819}}, {"type": "Feature", "geometry": {"type": "LineString", "coordinates": [[-32.12, 16.15], [-33.2, 18.88]]}, "properties": {"nationality": "Dutch", "year": 1846}}, {"type": "Feature", "geometry": {"type": "LineString", "coordinates": [[-33.9, 24.58], [-35.2, 27.83]]}, "properties": {"nationality": "Dutch", "year": 1847}}, {"type": "Feature", "geometry": {"type": "LineString", "coordinates": [[-23.55, -11.85], [-23.02, -13.13]]}, "properties": {"nationality": "Dutch", "year": 1787}}, {"type": "Feature", "geometry": {"type": "LineString", "coordinates": [[59.95, -40.23], [65.0, -40.07]]}, "properties": {"nationality": "Dutch", "year": 1832}}, {"type": "Feature", "geometry": {"type": "LineString", "coordinates": [[95.22, -22.85], [93.13, -23.68]]}, "properties": {"nationality": "Dutch", "year": 1826}}, {"type": "Feature", "geometry": {"type": "LineString", "coordinates": [[83.22, -15.92], [79.63, -16.92]]}, "properties": {"nationality": "Dutch", "year": 1848}}, {"type": "Feature", "geometry": {"type": "LineString", "coordinates": [[96.62, 0.43], [96.45, -0.42]]}, "properties": {"nationality": "Dutch", "year": 1755}}, {"type": "Feature", "geometry": {"type": "LineString", "coordinates": [[46.05, -38.13], [47.79, -37.53]]}, "properties": {"nationality": "Dutch", "year": 1788}}, {"type": "Feature", "geometry": {"type": "LineString", "coordinates": [[48.0, -39.45], [51.55, -40.32]]}, "properties": {"nationality": "Dutch", "year": 1840}}, {"type": "Feature", "geometry": {"type": "LineString", "coordinates": [[-21.08, 13.5], [-20.0, 11.42]]}, "properties": {"nationality": "Dutch", "year": 1837}}, {"type": "Feature", "geometry": {"type": "LineString", "coordinates": [[-22.78, 45.8], [-20.47, 47.03]]}, "properties": {"nationality": "Dutch", "year": 1761}}, {"type": "Feature", "geometry": {"type": "LineString", "coordinates": [[-28.8, -24.25], [-27.8, -26.83]]}, "properties": {"nationality": "Dutch", "year": 1838}}, {"type": "Feature", "geometry": {"type": "LineString", "coordinates": [[6.13, -1.72], [5.08, -1.58]]}, "properties": {"nationality": "Dutch", "year": 1752}}, {"type": "Feature", "geometry": {"type": "LineString", "coordinates": [[-24.56, 39.53], [-24.68, 40.82]]}, "properties": {"nationality": "Dutch", "year": 1824}}, {"type": "Feature", "geometry": {"type": "LineString", "coordinates": [[20.43, -36.17], [22.27, -37.25]]}, "properties": {"nationality": "Dutch", "year": 1847}}, {"type": "Feature", "geometry": {"type": "LineString", "coordinates": [[71.37, -33.63], [70.87, -35.47]]}, "properties": {"nationality": "Dutch", "year": 1838}}, {"type": "Feature", "geometry": {"type": "LineString", "coordinates": [[-10.1, 48.08], [-12.25, 46.18]]}, "properties": {"nationality": "Dutch", "year": 1849}}, {"type": "Feature", "geometry": {"type": "LineString", "coordinates": [[-15.2, 40.22], [-16.12, 39.9]]}, "properties": {"nationality": "Dutch", "year": 1836}}, {"type": "Feature", "geometry": {"type": "LineString", "coordinates": [[37.5, -38.93], [40.7, -38.67]]}, "properties": {"nationality": "Dutch", "year": 1836}}, {"type": "Feature", "geometry": {"type": "LineString", "coordinates": [[-11.93, 44.68], [-14.48, 44.37]]}, "properties": {"nationality": "Dutch", "year": 1848}}, {"type": "Feature", "geometry": {"type": "LineString", "coordinates": [[11.67, 75.45], [11.33, 75.85]]}, "properties": {"nationality": "Dutch", "year": 1770}}, {"type": "Feature", "geometry": {"type": "LineString", "coordinates": [[-27.87, 25.98], [-29.23, 25.67]]}, "properties": {"nationality": "Dutch", "year": 1760}}, {"type": "Feature", "geometry": {"type": "LineString", "coordinates": [[-23.92, 21.9], [-26.1, 17.92]]}, "properties": {"nationality": "Dutch", "year": 1842}}, {"type": "Feature", "geometry": {"type": "LineString", "coordinates": [[-9.6, -12.37], [-12.27, -10.72]]}, "properties": {"nationality": "Dutch", "year": 1840}}, {"type": "Feature", "geometry": {"type": "LineString", "coordinates": [[36.0, -38.0], [39.0, -37.5]]}, "properties": {"nationality": "Dutch", "year": 1850}}, {"type": "Feature", "geometry": {"type": "LineString", "coordinates": [[-16.58, -7.93], [-17.88, -6.22]]}, "properties": {"nationality": "Dutch", "year": 1831}}, {"type": "Feature", "geometry": {"type": "LineString", "coordinates": [[0.6, -34.53], [3.13, -34.58]]}, "properties": {"nationality": "Dutch", "year": 1767}}, {"type": "Feature", "geometry": {"type": "LineString", "coordinates": [[-56.72, 20.77], [-56.95, 21.67]]}, "properties": {"nationality": "Dutch", "year": 1779}}, {"type": "Feature", "geometry": {"type": "LineString", "coordinates": [[-21.98, -33.98], [-19.87, -34.52]]}, "properties": {"nationality": "Dutch", "year": 1774}}, {"type": "Feature", "geometry": {"type": "LineString", "coordinates": [[-37.03, 1.62], [-38.6, 3.3]]}, "properties": {"nationality": "Dutch", "year": 1787}}, {"type": "Feature", "geometry": {"type": "LineString", "coordinates": [[20.93, -35.58], [17.7, -34.62]]}, "properties": {"nationality": "Dutch", "year": 1847}}, {"type": "Feature", "geometry": {"type": "LineString", "coordinates": [[-24.72, 12.2], [-23.86, 9.22]]}, "properties": {"nationality": "Dutch", "year": 1846}}, {"type": "Feature", "geometry": {"type": "LineString", "coordinates": [[-31.8, 39.0], [-28.62, 40.47]]}, "properties": {"nationality": "Dutch", "year": 1845}}, {"type": "Feature", "geometry": {"type": "LineString", "coordinates": [[84.2, -16.02], [80.2, -17.22]]}, "properties": {"nationality": "Dutch", "year": 1827}}, {"type": "Feature", "geometry": {"type": "LineString", "coordinates": [[-23.5, 7.42], [-22.83, 6.48]]}, "properties": {"nationality": "Dutch", "year": 1850}}, {"type": "Feature", "geometry": {"type": "LineString", "coordinates": [[-26.95, -20.0], [-26.87, -22.65]]}, "properties": {"nationality": "Dutch", "year": 1838}}, {"type": "Feature", "geometry": {"type": "LineString", "coordinates": [[-3.05, -20.23], [-3.05, -20.23]]}, "properties": {"nationality": "Dutch", "year": 1836}}, {"type": "Feature", "geometry": {"type": "LineString", "coordinates": [[-32.5, 25.65], [-32.13, 28.5]]}, "properties": {"nationality": "Dutch", "year": 1844}}, {"type": "Feature", "geometry": {"type": "LineString", "coordinates": [[-15.6, 41.3], [-16.88, 39.38]]}, "properties": {"nationality": "Dutch", "year": 1841}}, {"type": "Feature", "geometry": {"type": "LineString", "coordinates": [[-49.1, 34.48], [-46.02, 35.9]]}, "properties": {"nationality": "Dutch", "year": 1769}}, {"type": "Feature", "geometry": {"type": "LineString", "coordinates": [[12.9, -32.5], [10.93, -30.93]]}, "properties": {"nationality": "Dutch", "year": 1848}}, {"type": "Feature", "geometry": {"type": "LineString", "coordinates": [[90.15, -32.5], [91.25, -32.38]]}, "properties": {"nationality": "Dutch", "year": 1838}}, {"type": "Feature", "geometry": {"type": "LineString", "coordinates": [[-59.03, 26.6], [-58.87, 27.37]]}, "properties": {"nationality": "Dutch", "year": 1774}}, {"type": "Feature", "geometry": {"type": "LineString", "coordinates": [[-33.22, -11.8], [-34.33, -14.27]]}, "properties": {"nationality": "Dutch", "year": 1849}}, {"type": "Feature", "geometry": {"type": "LineString", "coordinates": [[-17.03, 43.52], [-15.27, 43.45]]}, "properties": {"nationality": "Dutch", "year": 1849}}, {"type": "Feature", "geometry": {"type": "LineString", "coordinates": [[5.78, -38.2], [3.05, -39.03]]}, "properties": {"nationality": "Dutch", "year": 1826}}, {"type": "Feature", "geometry": {"type": "LineString", "coordinates": [[-6.83, 49.56], [-6.2, 49.82]]}, "properties": {"nationality": "Dutch", "year": 1760}}, {"type": "Feature", "geometry": {"type": "LineString", "coordinates": [[86.47, -16.02], [83.25, -17.38]]}, "properties": {"nationality": "Dutch", "year": 1840}}, {"type": "Feature", "geometry": {"type": "LineString", "coordinates": [[-18.25, -3.48], [-19.85, -1.92]]}, "properties": {"nationality": "Dutch", "year": 1838}}, {"type": "Feature", "geometry": {"type": "LineString", "coordinates": [[5.67, -35.75], [8.47, -36.4]]}, "properties": {"nationality": "Dutch", "year": 1817}}, {"type": "Feature", "geometry": {"type": "LineString", "coordinates": [[59.83, -25.12], [56.33, -26.12]]}, "properties": {"nationality": "Dutch", "year": 1846}}, {"type": "Feature", "geometry": {"type": "LineString", "coordinates": [[-5.98, 48.28], [-7.03, 47.4]]}, "properties": {"nationality": "Dutch", "year": 1845}}, {"type": "Feature", "geometry": {"type": "LineString", "coordinates": [[-23.7, 41.3], [-21.41, 43.92]]}, "properties": {"nationality": "Dutch", "year": 1836}}, {"type": "Feature", "geometry": {"type": "LineString", "coordinates": [[-17.28, -30.15], [-14.8, -29.5]]}, "properties": {"nationality": "Dutch", "year": 1845}}, {"type": "Feature", "geometry": {"type": "LineString", "coordinates": [[7.15, 73.48], [6.9, 73.72]]}, "properties": {"nationality": "Dutch", "year": 1769}}, {"type": "Feature", "geometry": {"type": "LineString", "coordinates": [[-18.73, 26.15], [-20.55, 24.57]]}, "properties": {"nationality": "Dutch", "year": 1847}}, {"type": "Feature", "geometry": {"type": "LineString", "coordinates": [[-52.5, 9.37], [-53.93, 7.03]]}, "properties": {"nationality": "Dutch", "year": 1848}}, {"type": "Feature", "geometry": {"type": "LineString", "coordinates": [[99.43, -28.85], [101.12, -27.6]]}, "properties": {"nationality": "Dutch", "year": 1849}}, {"type": "Feature", "geometry": {"type": "LineString", "coordinates": [[-14.23, -3.27], [-16.0, -2.85]]}, "properties": {"nationality": "Dutch", "year": 1756}}, {"type": "Feature", "geometry": {"type": "LineString", "coordinates": [[-29.98, 43.28], [-28.38, 43.93]]}, "properties": {"nationality": "Dutch", "year": 1776}}, {"type": "Feature", "geometry": {"type": "LineString", "coordinates": [[-24.46, -8.97], [-25.48, -10.95]]}, "properties": {"nationality": "Dutch", "year": 1847}}, {"type": "Feature", "geometry": {"type": "LineString", "coordinates": [[-18.93, 34.75], [-18.5, 31.97]]}, "properties": {"nationality": "Dutch", "year": 1840}}, {"type": "Feature", "geometry": {"type": "LineString", "coordinates": [[13.78, -39.97], [14.07, -39.68]]}, "properties": {"nationality": "Dutch", "year": 1846}}, {"type": "Feature", "geometry": {"type": "LineString", "coordinates": [[-5.67, -37.87], [-3.59, -38.04]]}, "properties": {"nationality": "Dutch", "year": 1831}}, {"type": "Feature", "geometry": {"type": "LineString", "coordinates": [[-13.05, 44.62], [-13.0, 45.55]]}, "properties": {"nationality": "Dutch", "year": 1778}}, {"type": "Feature", "geometry": {"type": "LineString", "coordinates": [[34.9, -33.98], [33.57, -33.77]]}, "properties": {"nationality": "Dutch", "year": 1845}}, {"type": "Feature", "geometry": {"type": "LineString", "coordinates": [[46.07, -28.07], [43.28, -28.65]]}, "properties": {"nationality": "Dutch", "year": 1848}}, {"type": "Feature", "geometry": {"type": "LineString", "coordinates": [[105.2, -0.92], [105.45, 0.85]]}, "properties": {"nationality": "Dutch", "year": 1842}}, {"type": "Feature", "geometry": {"type": "LineString", "coordinates": [[-27.33, -10.03], [-28.77, -12.72]]}, "properties": {"nationality": "Dutch", "year": 1816}}, {"type": "Feature", "geometry": {"type": "LineString", "coordinates": [[-28.78, 8.35], [-33.7, 10.27]]}, "properties": {"nationality": "Dutch", "year": 1828}}, {"type": "Feature", "geometry": {"type": "LineString", "coordinates": [[7.17, -27.53], [5.6, -26.15]]}, "properties": {"nationality": "Dutch", "year": 1840}}, {"type": "Feature", "geometry": {"type": "LineString", "coordinates": [[100.72, -30.77], [101.18, -28.95]]}, "properties": {"nationality": "Dutch", "year": 1846}}, {"type": "Feature", "geometry": {"type": "LineString", "coordinates": [[-47.33, 27.82], [-47.2, 29.68]]}, "properties": {"nationality": "Dutch", "year": 1754}}, {"type": "Feature", "geometry": {"type": "LineString", "coordinates": [[36.77, -37.83], [39.27, -38.3]]}, "properties": {"nationality": "Dutch", "year": 1846}}, {"type": "Feature", "geometry": {"type": "LineString", "coordinates": [[105.72, -6.22], [105.9, -5.95]]}, "properties": {"nationality": "Dutch", "year": 1840}}, {"type": "Feature", "geometry": {"type": "LineString", "coordinates": [[-56.38, 11.8], [-56.38, 12.85]]}, "properties": {"nationality": "Dutch", "year": 1755}}, {"type": "Feature", "geometry": {"type": "LineString", "coordinates": [[-20.08, 26.27], [-21.98, 23.48]]}, "properties": {"nationality": "Dutch", "year": 1834}}, {"type": "Feature", "geometry": {"type": "LineString", "coordinates": [[-31.03, 32.13], [-30.5, 33.73]]}, "properties": {"nationality": "Dutch", "year": 1840}}, {"type": "Feature", "geometry": {"type": "LineString", "coordinates": [[-12.32, -11.28], [-14.13, -10.62]]}, "properties": {"nationality": "Dutch", "year": 1848}}, {"type": "Feature", "geometry": {"type": "LineString", "coordinates": [[8.42, 2.1], [9.1, 1.72]]}, "properties": {"nationality": "Dutch", "year": 1771}}, {"type": "Feature", "geometry": {"type": "LineString", "coordinates": [[10.4, -29.27], [9.62, -28.32]]}, "properties": {"nationality": "Dutch", "year": 1819}}, {"type": "Feature", "geometry": {"type": "LineString", "coordinates": [[-7.21, 49.23], [-3.33, 50.23]]}, "properties": {"nationality": "Dutch", "year": 1850}}, {"type": "Feature", "geometry": {"type": "LineString", "coordinates": [[-23.35, -19.62], [-23.0, -20.18]]}, "properties": {"nationality": "Dutch", "year": 1841}}, {"type": "Feature", "geometry": {"type": "LineString", "coordinates": [[-25.92, 5.9], [-26.95, 6.85]]}, "properties": {"nationality": "Dutch", "year": 1773}}, {"type": "Feature", "geometry": {"type": "LineString", "coordinates": [[39.9, -38.07], [42.7, -38.43]]}, "properties": {"nationality": "Dutch", "year": 1776}}, {"type": "Feature", "geometry": {"type": "LineString", "coordinates": [[26.37, -34.67], [24.62, -35.42]]}, "properties": {"nationality": "Dutch", "year": 1845}}, {"type": "Feature", "geometry": {"type": "LineString", "coordinates": [[-6.13, 49.75], [-4.43, 48.77]]}, "properties": {"nationality": "Dutch", "year": 1846}}, {"type": "Feature", "geometry": {"type": "LineString", "coordinates": [[-24.87, -23.4], [-24.2, -24.8]]}, "properties": {"nationality": "Dutch", "year": 1764}}, {"type": "Feature", "geometry": {"type": "LineString", "coordinates": [[-11.4, 46.97], [-11.46, 45.58]]}, "properties": {"nationality": "Dutch", "year": 1850}}, {"type": "Feature", "geometry": {"type": "LineString", "coordinates": [[-12.76, -34.6], [-12.72, -34.57]]}, "properties": {"nationality": "Dutch", "year": 1839}}, {"type": "Feature", "geometry": {"type": "LineString", "coordinates": [[40.7, -38.67], [42.26, -38.73]]}, "properties": {"nationality": "Dutch", "year": 1836}}, {"type": "Feature", "geometry": {"type": "LineString", "coordinates": [[-24.23, 7.32], [-23.88, 6.42]]}, "properties": {"nationality": "Dutch", "year": 1849}}, {"type": "Feature", "geometry": {"type": "LineString", "coordinates": [[-18.75, -1.95], [-19.75, -1.15]]}, "properties": {"nationality": "Dutch", "year": 1794}}, {"type": "Feature", "geometry": {"type": "LineString", "coordinates": [[41.88, -28.12], [39.87, -28.55]]}, "properties": {"nationality": "Dutch", "year": 1834}}, {"type": "Feature", "geometry": {"type": "LineString", "coordinates": [[-28.02, -6.63], [-28.53, -8.87]]}, "properties": {"nationality": "Dutch", "year": 1837}}, {"type": "Feature", "geometry": {"type": "LineString", "coordinates": [[50.47, -39.67], [59.03, -39.33]]}, "properties": {"nationality": "Dutch", "year": 1841}}, {"type": "Feature", "geometry": {"type": "LineString", "coordinates": [[-6.62, -13.03], [-7.55, -11.73]]}, "properties": {"nationality": "Dutch", "year": 1789}}, {"type": "Feature", "geometry": {"type": "LineString", "coordinates": [[-26.72, 45.37], [-23.55, 46.3]]}, "properties": {"nationality": "Dutch", "year": 1765}}, {"type": "Feature", "geometry": {"type": "LineString", "coordinates": [[-25.47, -1.97], [-26.7, -3.42]]}, "properties": {"nationality": "Dutch", "year": 1807}}, {"type": "Feature", "geometry": {"type": "LineString", "coordinates": [[-10.63, 46.3], [-10.28, 44.13]]}, "properties": {"nationality": "Dutch", "year": 1820}}, {"type": "Feature", "geometry": {"type": "LineString", "coordinates": [[-52.82, 37.47], [-48.13, 38.85]]}, "properties": {"nationality": "Dutch", "year": 1829}}, {"type": "Feature", "geometry": {"type": "LineString", "coordinates": [[19.73, -40.17], [20.7, -41.57]]}, "properties": {"nationality": "Dutch", "year": 1815}}, {"type": "Feature", "geometry": {"type": "LineString", "coordinates": [[-23.35, 23.65], [-24.77, 21.27]]}, "properties": {"nationality": "Dutch", "year": 1836}}, {"type": "Feature", "geometry": {"type": "LineString", "coordinates": [[-59.67, 22.38], [-59.57, 23.48]]}, "properties": {"nationality": "Dutch", "year": 1780}}, {"type": "Feature", "geometry": {"type": "LineString", "coordinates": [[-22.76, -12.13], [-23.03, -15.2]]}, "properties": {"nationality": "Dutch", "year": 1796}}, {"type": "Feature", "geometry": {"type": "LineString", "coordinates": [[-44.4, 36.65], [-42.9, 37.27]]}, "properties": {"nationality": "Dutch", "year": 1762}}, {"type": "Feature", "geometry": {"type": "LineString", "coordinates": [[76.88, -39.27], [78.4, -38.45]]}, "properties": {"nationality": "Dutch", "year": 1844}}, {"type": "Feature", "geometry": {"type": "LineString", "coordinates": [[-67.34, 11.15], [-67.08, 11.42]]}, "properties": {"nationality": "Dutch", "year": 1826}}, {"type": "Feature", "geometry": {"type": "LineString", "coordinates": [[-24.57, 7.47], [-24.23, 7.46]]}, "properties": {"nationality": "Dutch", "year": 1842}}, {"type": "Feature", "geometry": {"type": "LineString", "coordinates": [[-2.52, 64.85], [-0.33, 64.8]]}, "properties": {"nationality": "Dutch", "year": 1795}}, {"type": "Feature", "geometry": {"type": "LineString", "coordinates": [[-0.98, 3.27], [0.08, 3.03]]}, "properties": {"nationality": "Dutch", "year": 1794}}, {"type": "Feature", "geometry": {"type": "LineString", "coordinates": [[-10.55, 43.18], [-10.63, 42.83]]}, "properties": {"nationality": "Dutch", "year": 1820}}, {"type": "Feature", "geometry": {"type": "LineString", "coordinates": [[-8.65, 49.28], [-5.98, 49.82]]}, "properties": {"nationality": "Dutch", "year": 1761}}, {"type": "Feature", "geometry": {"type": "LineString", "coordinates": [[67.52, -39.12], [72.1, -39.12]]}, "properties": {"nationality": "Dutch", "year": 1837}}, {"type": "Feature", "geometry": {"type": "LineString", "coordinates": [[-23.43, 1.13], [-24.0, -0.5]]}, "properties": {"nationality": "Dutch", "year": 1840}}, {"type": "Feature", "geometry": {"type": "LineString", "coordinates": [[-10.38, 47.68], [-8.26, 49.13]]}, "properties": {"nationality": "Dutch", "year": 1826}}, {"type": "Feature", "geometry": {"type": "LineString", "coordinates": [[-7.93, -13.85], [-9.72, -12.78]]}, "properties": {"nationality": "Dutch", "year": 1821}}, {"type": "Feature", "geometry": {"type": "LineString", "coordinates": [[-28.48, 0.87], [-29.42, -1.05]]}, "properties": {"nationality": "Dutch", "year": 1848}}, {"type": "Feature", "geometry": {"type": "LineString", "coordinates": [[-19.47, 25.75], [-19.87, 23.92]]}, "properties": {"nationality": "Dutch", "year": 1755}}, {"type": "Feature", "geometry": {"type": "LineString", "coordinates": [[-14.91, 39.05], [-14.28, 36.63]]}, "properties": {"nationality": "Dutch", "year": 1761}}, {"type": "Feature", "geometry": {"type": "LineString", "coordinates": [[-10.49, 46.5], [-10.57, 45.77]]}, "properties": {"nationality": "Dutch", "year": 1833}}, {"type": "Feature", "geometry": {"type": "LineString", "coordinates": [[-40.0, 32.03], [-39.1, 32.85]]}, "properties": {"nationality": "Dutch", "year": 1839}}, {"type": "Feature", "geometry": {"type": "LineString", "coordinates": [[3.43, -24.47], [2.22, -23.12]]}, "properties": {"nationality": "Dutch", "year": 1847}}, {"type": "Feature", "geometry": {"type": "LineString", "coordinates": [[-8.92, -34.15], [-8.58, -34.13]]}, "properties": {"nationality": "Dutch", "year": 1833}}, {"type": "Feature", "geometry": {"type": "LineString", "coordinates": [[-29.17, -25.97], [-27.32, -26.3]]}, "properties": {"nationality": "Dutch", "year": 1847}}, {"type": "Feature", "geometry": {"type": "LineString", "coordinates": [[86.58, -35.2], [89.27, -35.03]]}, "properties": {"nationality": "Dutch", "year": 1839}}, {"type": "Feature", "geometry": {"type": "LineString", "coordinates": [[115.03, -10.02], [114.57, -11.33]]}, "properties": {"nationality": "Dutch", "year": 1850}}, {"type": "Feature", "geometry": {"type": "LineString", "coordinates": [[77.89, -2.5], [77.87, -2.2]]}, "properties": {"nationality": "Dutch", "year": 1785}}, {"type": "Feature", "geometry": {"type": "LineString", "coordinates": [[-33.75, -16.87], [-34.98, -18.48]]}, "properties": {"nationality": "Dutch", "year": 1839}}, {"type": "Feature", "geometry": {"type": "LineString", "coordinates": [[17.15, -33.72], [17.93, -33.97]]}, "properties": {"nationality": "Dutch", "year": 1788}}, {"type": "Feature", "geometry": {"type": "LineString", "coordinates": [[-15.8, -25.68], [-16.2, -26.43]]}, "properties": {"nationality": "Dutch", "year": 1796}}, {"type": "Feature", "geometry": {"type": "LineString", "coordinates": [[-10.7, -35.52], [-9.08, -36.52]]}, "properties": {"nationality": "Dutch", "year": 1846}}, {"type": "Feature", "geometry": {"type": "LineString", "coordinates": [[5.6, 0.22], [4.8, 0.45]]}, "properties": {"nationality": "Dutch", "year": 1766}}, {"type": "Feature", "geometry": {"type": "LineString", "coordinates": [[7.19, -1.03], [8.34, -0.72]]}, "properties": {"nationality": "Dutch", "year": 1751}}, {"type": "Feature", "geometry": {"type": "LineString", "coordinates": [[-10.63, 48.52], [-8.43, 48.8]]}, "properties": {"nationality": "Dutch", "year": 1815}}, {"type": "Feature", "geometry": {"type": "LineString", "coordinates": [[-20.25, 2.32], [-21.4, 0.97]]}, "properties": {"nationality": "Dutch", "year": 1796}}, {"type": "Feature", "geometry": {"type": "LineString", "coordinates": [[97.42, -12.92], [95.6, -13.28]]}, "properties": {"nationality": "Dutch", "year": 1839}}, {"type": "Feature", "geometry": {"type": "LineString", "coordinates": [[92.97, -12.57], [91.23, -14.13]]}, "properties": {"nationality": "Dutch", "year": 1848}}, {"type": "Feature", "geometry": {"type": "LineString", "coordinates": [[-15.85, 25.13], [-16.07, 24.3]]}, "properties": {"nationality": "Dutch", "year": 1783}}, {"type": "Feature", "geometry": {"type": "LineString", "coordinates": [[38.8, -30.13], [37.57, -30.67]]}, "properties": {"nationality": "Dutch", "year": 1850}}, {"type": "Feature", "geometry": {"type": "LineString", "coordinates": [[-29.05, 43.08], [-25.63, 44.6]]}, "properties": {"nationality": "Dutch", "year": 1845}}, {"type": "Feature", "geometry": {"type": "LineString", "coordinates": [[67.98, -25.8], [66.48, -26.2]]}, "properties": {"nationality": "Dutch", "year": 1756}}, {"type": "Feature", "geometry": {"type": "LineString", "coordinates": [[-19.35, 4.63], [-18.48, 4.23]]}, "properties": {"nationality": "Dutch", "year": 1850}}, {"type": "Feature", "geometry": {"type": "LineString", "coordinates": [[98.2, -13.77], [95.15, -14.77]]}, "properties": {"nationality": "Dutch", "year": 1835}}, {"type": "Feature", "geometry": {"type": "LineString", "coordinates": [[-19.52, 4.33], [-18.03, 5.73]]}, "properties": {"nationality": "Dutch", "year": 1844}}, {"type": "Feature", "geometry": {"type": "LineString", "coordinates": [[-24.92, 14.18], [-23.55, 11.48]]}, "properties": {"nationality": "Dutch", "year": 1843}}, {"type": "Feature", "geometry": {"type": "LineString", "coordinates": [[17.78, -39.57], [20.98, -39.65]]}, "properties": {"nationality": "Dutch", "year": 1832}}, {"type": "Feature", "geometry": {"type": "LineString", "coordinates": [[86.27, -16.62], [84.27, -16.72]]}, "properties": {"nationality": "Dutch", "year": 1832}}, {"type": "Feature", "geometry": {"type": "LineString", "coordinates": [[-23.23, 0.53], [-24.75, 3.23]]}, "properties": {"nationality": "Dutch", "year": 1849}}, {"type": "Feature", "geometry": {"type": "LineString", "coordinates": [[-12.98, 47.57], [-5.15, 48.63]]}, "properties": {"nationality": "Dutch", "year": 1842}}, {"type": "Feature", "geometry": {"type": "LineString", "coordinates": [[-38.36, 37.23], [-35.0, 38.27]]}, "properties": {"nationality": "Dutch", "year": 1822}}, {"type": "Feature", "geometry": {"type": "LineString", "coordinates": [[100.98, -8.72], [99.42, -9.67]]}, "properties": {"nationality": "Dutch", "year": 1820}}, {"type": "Feature", "geometry": {"type": "LineString", "coordinates": [[77.45, -35.68], [78.3, -34.93]]}, "properties": {"nationality": "Dutch", "year": 1786}}, {"type": "Feature", "geometry": {"type": "LineString", "coordinates": [[80.22, -3.95], [80.72, -4.9]]}, "properties": {"nationality": "Dutch", "year": 1788}}, {"type": "Feature", "geometry": {"type": "LineString", "coordinates": [[12.27, -32.25], [11.6, -31.88]]}, "properties": {"nationality": "Dutch", "year": 1843}}, {"type": "Feature", "geometry": {"type": "LineString", "coordinates": [[-16.2, 36.98], [-17.15, 35.02]]}, "properties": {"nationality": "Dutch", "year": 1790}}, {"type": "Feature", "geometry": {"type": "LineString", "coordinates": [[77.75, -38.18], [81.3, -37.05]]}, "properties": {"nationality": "Dutch", "year": 1833}}, {"type": "Feature", "geometry": {"type": "LineString", "coordinates": [[-42.31, 35.7], [-41.89, 35.57]]}, "properties": {"nationality": "Dutch", "year": 1785}}, {"type": "Feature", "geometry": {"type": "LineString", "coordinates": [[89.15, -13.7], [86.22, -15.07]]}, "properties": {"nationality": "Dutch", "year": 1838}}, {"type": "Feature", "geometry": {"type": "LineString", "coordinates": [[-4.33, -17.48], [-5.0, -16.15]]}, "properties": {"nationality": "Dutch", "year": 1836}}, {"type": "Feature", "geometry": {"type": "LineString", "coordinates": [[-18.78, 26.52], [-18.98, 25.65]]}, "properties": {"nationality": "Dutch", "year": 1835}}, {"type": "Feature", "geometry": {"type": "LineString", "coordinates": [[-15.42, -29.5], [-11.47, -30.63]]}, "properties": {"nationality": "Dutch", "year": 1850}}, {"type": "Feature", "geometry": {"type": "LineString", "coordinates": [[-23.5, -20.12], [-23.83, -20.27]]}, "properties": {"nationality": "Dutch", "year": 1793}}, {"type": "Feature", "geometry": {"type": "LineString", "coordinates": [[-16.12, 26.32], [-17.63, 25.15]]}, "properties": {"nationality": "Dutch", "year": 1802}}, {"type": "Feature", "geometry": {"type": "LineString", "coordinates": [[-18.77, 5.59], [-18.7, 6.06]]}, "properties": {"nationality": "Dutch", "year": 1840}}, {"type": "Feature", "geometry": {"type": "LineString", "coordinates": [[-30.7, 33.42], [-29.55, 33.98]]}, "properties": {"nationality": "Dutch", "year": 1839}}, {"type": "Feature", "geometry": {"type": "LineString", "coordinates": [[29.77, -32.52], [28.68, -33.4]]}, "properties": {"nationality": "Dutch", "year": 1839}}, {"type": "Feature", "geometry": {"type": "LineString", "coordinates": [[92.09, -36.84], [96.3, -35.41]]}, "properties": {"nationality": "Dutch", "year": 1838}}, {"type": "Feature", "geometry": {"type": "LineString", "coordinates": [[-34.73, 36.65], [-32.67, 39.32]]}, "properties": {"nationality": "Dutch", "year": 1828}}, {"type": "Feature", "geometry": {"type": "LineString", "coordinates": [[-5.88, 49.55], [-3.3, 50.2]]}, "properties": {"nationality": "Dutch", "year": 1850}}, {"type": "Feature", "geometry": {"type": "LineString", "coordinates": [[97.6, -18.77], [95.35, -18.98]]}, "properties": {"nationality": "Dutch", "year": 1838}}, {"type": "Feature", "geometry": {"type": "LineString", "coordinates": [[75.97, -24.37], [74.37, -24.75]]}, "properties": {"nationality": "Dutch", "year": 1845}}, {"type": "Feature", "geometry": {"type": "LineString", "coordinates": [[-19.23, -32.8], [-19.0, -33.02]]}, "properties": {"nationality": "Dutch", "year": 1819}}, {"type": "Feature", "geometry": {"type": "LineString", "coordinates": [[45.92, -38.6], [49.45, -38.82]]}, "properties": {"nationality": "Dutch", "year": 1827}}, {"type": "Feature", "geometry": {"type": "LineString", "coordinates": [[-44.84, 4.75], [-47.46, 6.45]]}, "properties": {"nationality": "Dutch", "year": 1779}}, {"type": "Feature", "geometry": {"type": "LineString", "coordinates": [[73.17, -25.43], [71.53, -25.57]]}, "properties": {"nationality": "Dutch", "year": 1847}}, {"type": "Feature", "geometry": {"type": "LineString", "coordinates": [[52.32, -26.15], [50.05, -26.6]]}, "properties": {"nationality": "Dutch", "year": 1839}}, {"type": "Feature", "geometry": {"type": "LineString", "coordinates": [[44.55, -27.83], [40.95, -28.53]]}, "properties": {"nationality": "Dutch", "year": 1845}}, {"type": "Feature", "geometry": {"type": "LineString", "coordinates": [[35.47, -31.08], [34.45, -30.98]]}, "properties": {"nationality": "Dutch", "year": 1849}}, {"type": "Feature", "geometry": {"type": "LineString", "coordinates": [[-67.75, 15.68], [-67.15, 17.78]]}, "properties": {"nationality": "Dutch", "year": 1827}}, {"type": "Feature", "geometry": {"type": "LineString", "coordinates": [[-30.15, 23.12], [-32.18, 21.18]]}, "properties": {"nationality": "Dutch", "year": 1842}}, {"type": "Feature", "geometry": {"type": "LineString", "coordinates": [[-11.4, 40.82], [-12.2, 39.03]]}, "properties": {"nationality": "Dutch", "year": 1850}}, {"type": "Feature", "geometry": {"type": "LineString", "coordinates": [[-22.18, 6.73], [-22.18, 5.83]]}, "properties": {"nationality": "Dutch", "year": 1849}}, {"type": "Feature", "geometry": {"type": "LineString", "coordinates": [[-61.01, 17.28], [-60.44, 16.5]]}, "properties": {"nationality": "Dutch", "year": 1834}}, {"type": "Feature", "geometry": {"type": "LineString", "coordinates": [[41.48, -29.27], [38.45, -30.49]]}, "properties": {"nationality": "Dutch", "year": 1786}}, {"type": "Feature", "geometry": {"type": "LineString", "coordinates": [[71.0, -37.7], [75.12, -37.55]]}, "properties": {"nationality": "Dutch", "year": 1849}}, {"type": "Feature", "geometry": {"type": "LineString", "coordinates": [[-15.13, -9.2], [-16.68, -7.73]]}, "properties": {"nationality": "Dutch", "year": 1820}}, {"type": "Feature", "geometry": {"type": "LineString", "coordinates": [[-9.07, -9.2], [-11.65, -8.08]]}, "properties": {"nationality": "Dutch", "year": 1796}}, {"type": "Feature", "geometry": {"type": "LineString", "coordinates": [[-13.45, 36.87], [-13.93, 34.97]]}, "properties": {"nationality": "Dutch", "year": 1815}}, {"type": "Feature", "geometry": {"type": "LineString", "coordinates": [[32.57, -37.33], [34.52, -38.4]]}, "properties": {"nationality": "Dutch", "year": 1787}}, {"type": "Feature", "geometry": {"type": "LineString", "coordinates": [[-34.88, 19.13], [-38.27, 17.0]]}, "properties": {"nationality": "Dutch", "year": 1848}}, {"type": "Feature", "geometry": {"type": "LineString", "coordinates": [[51.72, -38.05], [56.22, -38.4]]}, "properties": {"nationality": "Dutch", "year": 1846}}, {"type": "Feature", "geometry": {"type": "LineString", "coordinates": [[-8.02, -33.62], [-4.08, -35.58]]}, "properties": {"nationality": "Dutch", "year": 1840}}, {"type": "Feature", "geometry": {"type": "LineString", "coordinates": [[-10.92, 40.45], [-10.98, 40.03]]}, "properties": {"nationality": "Dutch", "year": 1796}}, {"type": "Feature", "geometry": {"type": "LineString", "coordinates": [[-25.4, 5.08], [-25.57, 6.5]]}, "properties": {"nationality": "Dutch", "year": 1842}}, {"type": "Feature", "geometry": {"type": "LineString", "coordinates": [[18.96, -35.8], [18.9, -35.72]]}, "properties": {"nationality": "Dutch", "year": 1843}}, {"type": "Feature", "geometry": {"type": "LineString", "coordinates": [[-17.07, -2.02], [-17.7, -2.33]]}, "properties": {"nationality": "Dutch", "year": 1820}}, {"type": "Feature", "geometry": {"type": "LineString", "coordinates": [[-44.18, 6.31], [-44.26, 6.46]]}, "properties": {"nationality": "Dutch", "year": 1760}}, {"type": "Feature", "geometry": {"type": "LineString", "coordinates": [[-26.0, 44.48], [-22.25, 45.33]]}, "properties": {"nationality": "Dutch", "year": 1845}}, {"type": "Feature", "geometry": {"type": "LineString", "coordinates": [[-76.98, 19.58], [-76.52, 19.68]]}, "properties": {"nationality": "Dutch", "year": 1830}}, {"type": "Feature", "geometry": {"type": "LineString", "coordinates": [[37.48, -40.45], [40.57, -39.4]]}, "properties": {"nationality": "Dutch", "year": 1847}}, {"type": "Feature", "geometry": {"type": "LineString", "coordinates": [[98.2, -12.12], [99.25, -10.57]]}, "properties": {"nationality": "Dutch", "year": 1846}}, {"type": "Feature", "geometry": {"type": "LineString", "coordinates": [[74.45, -20.52], [71.72, -21.55]]}, "properties": {"nationality": "Dutch", "year": 1830}}, {"type": "Feature", "geometry": {"type": "LineString", "coordinates": [[-28.35, 4.75], [-29.95, 5.65]]}, "properties": {"nationality": "Dutch", "year": 1833}}, {"type": "Feature", "geometry": {"type": "LineString", "coordinates": [[53.9, -28.1], [51.97, -28.43]]}, "properties": {"nationality": "Dutch", "year": 1843}}, {"type": "Feature", "geometry": {"type": "LineString", "coordinates": [[168.78, -5.58], [166.6, -5.63]]}, "properties": {"nationality": "Dutch", "year": 1825}}, {"type": "Feature", "geometry": {"type": "LineString", "coordinates": [[-12.87, 44.43], [-14.3, 43.18]]}, "properties": {"nationality": "Dutch", "year": 1777}}, {"type": "Feature", "geometry": {"type": "LineString", "coordinates": [[35.69, -36.38], [38.95, -36.97]]}, "properties": {"nationality": "Dutch", "year": 1827}}, {"type": "Feature", "geometry": {"type": "LineString", "coordinates": [[13.48, -38.23], [17.32, -38.38]]}, "properties": {"nationality": "Dutch", "year": 1847}}, {"type": "Feature", "geometry": {"type": "LineString", "coordinates": [[-29.17, 43.96], [-25.37, 45.18]]}, "properties": {"nationality": "Dutch", "year": 1850}}, {"type": "Feature", "geometry": {"type": "LineString", "coordinates": [[49.32, -29.42], [47.98, -29.18]]}, "properties": {"nationality": "Dutch", "year": 1845}}, {"type": "Feature", "geometry": {"type": "LineString", "coordinates": [[-46.42, 33.87], [-45.25, 34.23]]}, "properties": {"nationality": "Dutch", "year": 1770}}, {"type": "Feature", "geometry": {"type": "LineString", "coordinates": [[-21.72, -34.47], [-18.27, -34.88]]}, "properties": {"nationality": "Dutch", "year": 1842}}, {"type": "Feature", "geometry": {"type": "LineString", "coordinates": [[4.94, -34.08], [5.69, -34.38]]}, "properties": {"nationality": "Dutch", "year": 1790}}, {"type": "Feature", "geometry": {"type": "LineString", "coordinates": [[60.93, -27.78], [59.58, -27.93]]}, "properties": {"nationality": "Dutch", "year": 1848}}, {"type": "Feature", "geometry": {"type": "LineString", "coordinates": [[39.41, -30.31], [37.22, -30.81]]}, "properties": {"nationality": "Dutch", "year": 1826}}, {"type": "Feature", "geometry": {"type": "LineString", "coordinates": [[12.53, -37.82], [12.53, -37.82]]}, "properties": {"nationality": "Dutch", "year": 1839}}, {"type": "Feature", "geometry": {"type": "LineString", "coordinates": [[-15.97, -30.65], [-15.13, -31.17]]}, "properties": {"nationality": "Dutch", "year": 1829}}, {"type": "Feature", "geometry": {"type": "LineString", "coordinates": [[10.35, -28.75], [9.77, -27.55]]}, "properties": {"nationality": "Dutch", "year": 1821}}, {"type": "Feature", "geometry": {"type": "LineString", "coordinates": [[-6.63, -32.92], [-3.55, -34.42]]}, "properties": {"nationality": "Dutch", "year": 1846}}, {"type": "Feature", "geometry": {"type": "LineString", "coordinates": [[-22.57, 5.48], [-21.67, 5.48]]}, "properties": {"nationality": "Dutch", "year": 1845}}, {"type": "Feature", "geometry": {"type": "LineString", "coordinates": [[19.53, -38.07], [20.43, -38.25]]}, "properties": {"nationality": "Dutch", "year": 1816}}, {"type": "Feature", "geometry": {"type": "LineString", "coordinates": [[-30.55, -17.07], [-30.5, -20.28]]}, "properties": {"nationality": "Dutch", "year": 1840}}, {"type": "Feature", "geometry": {"type": "LineString", "coordinates": [[-68.52, 12.13], [-68.23, 14.53]]}, "properties": {"nationality": "Dutch", "year": 1823}}, {"type": "Feature", "geometry": {"type": "LineString", "coordinates": [[117.57, -7.9], [116.43, -8.0]]}, "properties": {"nationality": "Dutch", "year": 1834}}, {"type": "Feature", "geometry": {"type": "LineString", "coordinates": [[-25.2, 2.1], [-25.58, 2.43]]}, "properties": {"nationality": "Dutch", "year": 1771}}, {"type": "Feature", "geometry": {"type": "LineString", "coordinates": [[-20.17, 22.42], [-20.67, 20.05]]}, "properties": {"nationality": "Dutch", "year": 1778}}, {"type": "Feature", "geometry": {"type": "LineString", "coordinates": [[-13.57, 42.78], [-14.42, 41.88]]}, "properties": {"nationality": "Dutch", "year": 1843}}, {"type": "Feature", "geometry": {"type": "LineString", "coordinates": [[-0.98, 3.37], [-0.4, 2.73]]}, "properties": {"nationality": "Dutch", "year": 1769}}, {"type": "Feature", "geometry": {"type": "LineString", "coordinates": [[-14.35, -31.35], [-11.65, -32.98]]}, "properties": {"nationality": "Dutch", "year": 1829}}, {"type": "Feature", "geometry": {"type": "LineString", "coordinates": [[-30.15, 42.1], [-27.97, 42.88]]}, "properties": {"nationality": "Dutch", "year": 1769}}, {"type": "Feature", "geometry": {"type": "LineString", "coordinates": [[-37.25, 27.47], [-37.25, 27.47]]}, "properties": {"nationality": "Dutch", "year": 1839}}, {"type": "Feature", "geometry": {"type": "LineString", "coordinates": [[-5.95, 49.35], [-2.72, 50.02]]}, "properties": {"nationality": "Dutch", "year": 1839}}, {"type": "Feature", "geometry": {"type": "LineString", "coordinates": [[68.25, -38.13], [72.78, -36.87]]}, "properties": {"nationality": "Dutch", "year": 1841}}, {"type": "Feature", "geometry": {"type": "LineString", "coordinates": [[-41.23, 38.33], [-39.35, 39.1]]}, "properties": {"nationality": "Dutch", "year": 1774}}, {"type": "Feature", "geometry": {"type": "LineString", "coordinates": [[-62.94, -54.55], [-62.02, -55.25]]}, "properties": {"nationality": "Dutch", "year": 1825}}, {"type": "Feature", "geometry": {"type": "LineString", "coordinates": [[0.77, 3.2], [1.12, 3.2]]}, "properties": {"nationality": "Dutch", "year": 1836}}, {"type": "Feature", "geometry": {"type": "LineString", "coordinates": [[0.71, -37.29], [2.35, -37.57]]}, "properties": {"nationality": "Dutch", "year": 1847}}, {"type": "Feature", "geometry": {"type": "LineString", "coordinates": [[105.27, -17.62], [102.07, -18.52]]}, "properties": {"nationality": "Dutch", "year": 1847}}, {"type": "Feature", "geometry": {"type": "LineString", "coordinates": [[-21.63, 15.55], [-20.88, 13.82]]}, "properties": {"nationality": "Dutch", "year": 1759}}, {"type": "Feature", "geometry": {"type": "LineString", "coordinates": [[1.03, -36.37], [2.27, -35.7]]}, "properties": {"nationality": "Dutch", "year": 1839}}, {"type": "Feature", "geometry": {"type": "LineString", "coordinates": [[-28.53, 27.37], [-28.97, 27.17]]}, "properties": {"nationality": "Dutch", "year": 1848}}, {"type": "Feature", "geometry": {"type": "LineString", "coordinates": [[98.12, -15.52], [99.2, -12.62]]}, "properties": {"nationality": "Dutch", "year": 1830}}, {"type": "Feature", "geometry": {"type": "LineString", "coordinates": [[-20.47, 7.55], [-20.35, 6.17]]}, "properties": {"nationality": "Dutch", "year": 1815}}, {"type": "Feature", "geometry": {"type": "LineString", "coordinates": [[85.25, -32.08], [85.19, -32.01]]}, "properties": {"nationality": "Dutch", "year": 1840}}, {"type": "Feature", "geometry": {"type": "LineString", "coordinates": [[-18.95, 2.33], [-19.55, 2.88]]}, "properties": {"nationality": "Dutch", "year": 1789}}, {"type": "Feature", "geometry": {"type": "LineString", "coordinates": [[54.77, -26.45], [52.75, -27.17]]}, "properties": {"nationality": "Dutch", "year": 1830}}, {"type": "Feature", "geometry": {"type": "LineString", "coordinates": [[-37.67, 41.45], [-36.2, 42.55]]}, "properties": {"nationality": "Dutch", "year": 1764}}, {"type": "Feature", "geometry": {"type": "LineString", "coordinates": [[27.92, -38.48], [32.03, -38.7]]}, "properties": {"nationality": "Dutch", "year": 1847}}, {"type": "Feature", "geometry": {"type": "LineString", "coordinates": [[-8.5, 48.42], [-9.28, 49.1]]}, "properties": {"nationality": "Dutch", "year": 1819}}, {"type": "Feature", "geometry": {"type": "LineString", "coordinates": [[38.52, -29.67], [36.8, -29.05]]}, "properties": {"nationality": "Dutch", "year": 1845}}, {"type": "Feature", "geometry": {"type": "LineString", "coordinates": [[-17.38, 25.52], [-19.03, 23.3]]}, "properties": {"nationality": "Dutch", "year": 1844}}, {"type": "Feature", "geometry": {"type": "LineString", "coordinates": [[-21.1, 21.68], [-20.48, 20.0]]}, "properties": {"nationality": "Dutch", "year": 1771}}, {"type": "Feature", "geometry": {"type": "LineString", "coordinates": [[-42.13, 38.47], [-41.38, 39.6]]}, "properties": {"nationality": "Dutch", "year": 1802}}, {"type": "Feature", "geometry": {"type": "LineString", "coordinates": [[-22.6, 23.93], [-22.18, 22.98]]}, "properties": {"nationality": "Dutch", "year": 1827}}, {"type": "Feature", "geometry": {"type": "LineString", "coordinates": [[-12.6, 41.35], [-11.47, 40.43]]}, "properties": {"nationality": "Dutch", "year": 1834}}, {"type": "Feature", "geometry": {"type": "LineString", "coordinates": [[-37.52, 18.0], [-38.85, 19.4]]}, "properties": {"nationality": "Dutch", "year": 1820}}, {"type": "Feature", "geometry": {"type": "LineString", "coordinates": [[-18.87, 23.87], [-19.53, 21.77]]}, "properties": {"nationality": "Dutch", "year": 1844}}, {"type": "Feature", "geometry": {"type": "LineString", "coordinates": [[58.15, -27.03], [55.33, -27.78]]}, "properties": {"nationality": "Dutch", "year": 1849}}, {"type": "Feature", "geometry": {"type": "LineString", "coordinates": [[-38.72, 25.63], [-39.53, 27.0]]}, "properties": {"nationality": "Dutch", "year": 1821}}, {"type": "Feature", "geometry": {"type": "LineString", "coordinates": [[-16.58, 3.23], [-16.73, 3.75]]}, "properties": {"nationality": "Dutch", "year": 1796}}, {"type": "Feature", "geometry": {"type": "LineString", "coordinates": [[-27.88, 37.76], [-33.16, 37.97]]}, "properties": {"nationality": "Dutch", "year": 1819}}, {"type": "Feature", "geometry": {"type": "LineString", "coordinates": [[-73.34, 17.02], [-74.3, 17.4]]}, "properties": {"nationality": "Dutch", "year": 1816}}, {"type": "Feature", "geometry": {"type": "LineString", "coordinates": [[-13.9, 48.0], [-12.1, 48.03]]}, "properties": {"nationality": "Dutch", "year": 1849}}, {"type": "Feature", "geometry": {"type": "LineString", "coordinates": [[15.09, -34.37], [15.03, -34.2]]}, "properties": {"nationality": "Dutch", "year": 1785}}, {"type": "Feature", "geometry": {"type": "LineString", "coordinates": [[-64.47, 27.78], [-62.33, 29.88]]}, "properties": {"nationality": "Dutch", "year": 1842}}, {"type": "Feature", "geometry": {"type": "LineString", "coordinates": [[-67.73, 16.1], [-67.42, 19.42]]}, "properties": {"nationality": "Dutch", "year": 1763}}, {"type": "Feature", "geometry": {"type": "LineString", "coordinates": [[-22.98, -29.53], [-23.53, -29.12]]}, "properties": {"nationality": "Dutch", "year": 1839}}, {"type": "Feature", "geometry": {"type": "LineString", "coordinates": [[-25.64, 14.26], [-25.63, 13.04]]}, "properties": {"nationality": "Dutch", "year": 1845}}, {"type": "Feature", "geometry": {"type": "LineString", "coordinates": [[53.75, -26.47], [50.72, -27.87]]}, "properties": {"nationality": "Dutch", "year": 1831}}, {"type": "Feature", "geometry": {"type": "LineString", "coordinates": [[-10.57, 45.48], [-13.12, 42.18]]}, "properties": {"nationality": "Dutch", "year": 1836}}, {"type": "Feature", "geometry": {"type": "LineString", "coordinates": [[39.42, -39.45], [42.95, -39.08]]}, "properties": {"nationality": "Dutch", "year": 1844}}, {"type": "Feature", "geometry": {"type": "LineString", "coordinates": [[0.35, 58.78], [0.35, 58.42]]}, "properties": {"nationality": "Dutch", "year": 1790}}, {"type": "Feature", "geometry": {"type": "LineString", "coordinates": [[44.5, -39.87], [46.52, -39.75]]}, "properties": {"nationality": "Dutch", "year": 1823}}, {"type": "Feature", "geometry": {"type": "LineString", "coordinates": [[-11.17, 49.53], [-6.24, 49.57]]}, "properties": {"nationality": "Dutch", "year": 1764}}, {"type": "Feature", "geometry": {"type": "LineString", "coordinates": [[9.87, -39.57], [14.48, -40.07]]}, "properties": {"nationality": "Dutch", "year": 1841}}, {"type": "Feature", "geometry": {"type": "LineString", "coordinates": [[-21.22, 3.6], [-22.12, 3.07]]}, "properties": {"nationality": "Dutch", "year": 1832}}, {"type": "Feature", "geometry": {"type": "LineString", "coordinates": [[-21.55, 6.2], [-21.6, 5.45]]}, "properties": {"nationality": "Dutch", "year": 1783}}, {"type": "Feature", "geometry": {"type": "LineString", "coordinates": [[-38.68, 10.07], [-40.96, 9.02]]}, "properties": {"nationality": "Dutch", "year": 1840}}, {"type": "Feature", "geometry": {"type": "LineString", "coordinates": [[96.95, -18.55], [93.53, -19.63]]}, "properties": {"nationality": "Dutch", "year": 1849}}, {"type": "Feature", "geometry": {"type": "LineString", "coordinates": [[107.18, -5.6], [107.43, -5.72]]}, "properties": {"nationality": "Dutch", "year": 1827}}, {"type": "Feature", "geometry": {"type": "LineString", "coordinates": [[33.5, -25.8], [34.67, -26.93]]}, "properties": {"nationality": "Dutch", "year": 1772}}, {"type": "Feature", "geometry": {"type": "LineString", "coordinates": [[103.57, -17.78], [104.37, -16.32]]}, "properties": {"nationality": "Dutch", "year": 1847}}, {"type": "Feature", "geometry": {"type": "LineString", "coordinates": [[-10.8, -9.75], [-12.13, -8.17]]}, "properties": {"nationality": "Dutch", "year": 1844}}, {"type": "Feature", "geometry": {"type": "LineString", "coordinates": [[-44.27, 6.12], [-44.46, 5.86]]}, "properties": {"nationality": "Dutch", "year": 1760}}, {"type": "Feature", "geometry": {"type": "LineString", "coordinates": [[-30.5, 43.78], [-29.25, 44.3]]}, "properties": {"nationality": "Dutch", "year": 1848}}, {"type": "Feature", "geometry": {"type": "LineString", "coordinates": [[-13.15, 0.17], [-14.52, -0.4]]}, "properties": {"nationality": "Dutch", "year": 1753}}, {"type": "Feature", "geometry": {"type": "LineString", "coordinates": [[-20.97, 8.2], [-20.96, 6.26]]}, "properties": {"nationality": "Dutch", "year": 1838}}, {"type": "Feature", "geometry": {"type": "LineString", "coordinates": [[61.43, -39.62], [66.4, -39.32]]}, "properties": {"nationality": "Dutch", "year": 1848}}, {"type": "Feature", "geometry": {"type": "LineString", "coordinates": [[28.32, -34.77], [26.2, -34.7]]}, "properties": {"nationality": "Dutch", "year": 1804}}, {"type": "Feature", "geometry": {"type": "LineString", "coordinates": [[45.65, -43.77], [48.47, -42.65]]}, "properties": {"nationality": "Dutch", "year": 1848}}, {"type": "Feature", "geometry": {"type": "LineString", "coordinates": [[102.28, -7.15], [102.18, -7.18]]}, "properties": {"nationality": "Dutch", "year": 1753}}, {"type": "Feature", "geometry": {"type": "LineString", "coordinates": [[-39.25, 24.67], [-40.8, 26.82]]}, "properties": {"nationality": "Dutch", "year": 1841}}, {"type": "Feature", "geometry": {"type": "LineString", "coordinates": [[49.77, -39.98], [51.8, -40.47]]}, "properties": {"nationality": "Dutch", "year": 1838}}, {"type": "Feature", "geometry": {"type": "LineString", "coordinates": [[2.35, 51.53], [1.85, 51.37]]}, "properties": {"nationality": "Dutch", "year": 1848}}, {"type": "Feature", "geometry": {"type": "LineString", "coordinates": [[-32.97, 22.37], [-33.55, 25.19]]}, "properties": {"nationality": "Dutch", "year": 1846}}, {"type": "Feature", "geometry": {"type": "LineString", "coordinates": [[-41.63, 37.82], [-41.92, 37.35]]}, "properties": {"nationality": "Dutch", "year": 1783}}, {"type": "Feature", "geometry": {"type": "LineString", "coordinates": [[38.53, -41.28], [42.12, -40.08]]}, "properties": {"nationality": "Dutch", "year": 1848}}, {"type": "Feature", "geometry": {"type": "LineString", "coordinates": [[-25.13, 3.72], [-26.45, 4.9]]}, "properties": {"nationality": "Dutch", "year": 1841}}, {"type": "Feature", "geometry": {"type": "LineString", "coordinates": [[102.75, -8.07], [103.15, -6.9]]}, "properties": {"nationality": "Dutch", "year": 1802}}, {"type": "Feature", "geometry": {"type": "LineString", "coordinates": [[-13.52, 40.38], [-12.85, 39.7]]}, "properties": {"nationality": "Dutch", "year": 1772}}, {"type": "Feature", "geometry": {"type": "LineString", "coordinates": [[-102.32, -34.21], [-99.52, -34.21]]}, "properties": {"nationality": "Dutch", "year": 1849}}, {"type": "Feature", "geometry": {"type": "LineString", "coordinates": [[-15.97, 28.97], [-16.25, 28.45]]}, "properties": {"nationality": "Dutch", "year": 1816}}, {"type": "Feature", "geometry": {"type": "LineString", "coordinates": [[104.57, -7.1], [102.65, -8.18]]}, "properties": {"nationality": "Dutch", "year": 1823}}, {"type": "Feature", "geometry": {"type": "LineString", "coordinates": [[-59.27, 23.15], [-59.27, 24.38]]}, "properties": {"nationality": "Dutch", "year": 1774}}, {"type": "Feature", "geometry": {"type": "LineString", "coordinates": [[62.5, -27.9], [60.43, -29.03]]}, "properties": {"nationality": "Dutch", "year": 1850}}, {"type": "Feature", "geometry": {"type": "LineString", "coordinates": [[-22.47, 58.62], [-20.06, 59.95]]}, "properties": {"nationality": "Dutch", "year": 1799}}, {"type": "Feature", "geometry": {"type": "LineString", "coordinates": [[74.02, -21.78], [72.78, -22.48]]}, "properties": {"nationality": "Dutch", "year": 1774}}, {"type": "Feature", "geometry": {"type": "LineString", "coordinates": [[10.65, -28.67], [8.15, -26.75]]}, "properties": {"nationality": "Dutch", "year": 1840}}, {"type": "Feature", "geometry": {"type": "LineString", "coordinates": [[-16.48, 48.47], [-14.22, 49.18]]}, "properties": {"nationality": "Dutch", "year": 1790}}, {"type": "Feature", "geometry": {"type": "LineString", "coordinates": [[82.35, 12.09], [81.86, 12.83]]}, "properties": {"nationality": "Dutch", "year": 1753}}, {"type": "Feature", "geometry": {"type": "LineString", "coordinates": [[114.05, -12.12], [113.97, -13.1]]}, "properties": {"nationality": "Dutch", "year": 1837}}, {"type": "Feature", "geometry": {"type": "LineString", "coordinates": [[29.32, -35.38], [29.32, -34.85]]}, "properties": {"nationality": "Dutch", "year": 1841}}, {"type": "Feature", "geometry": {"type": "LineString", "coordinates": [[-5.47, 49.43], [-6.23, 49.23]]}, "properties": {"nationality": "Dutch", "year": 1848}}, {"type": "Feature", "geometry": {"type": "LineString", "coordinates": [[-57.0, 13.48], [-56.67, 14.67]]}, "properties": {"nationality": "Dutch", "year": 1790}}, {"type": "Feature", "geometry": {"type": "LineString", "coordinates": [[-21.22, 6.57], [-20.93, 4.4]]}, "properties": {"nationality": "Dutch", "year": 1835}}, {"type": "Feature", "geometry": {"type": "LineString", "coordinates": [[72.32, -38.27], [77.23, -37.58]]}, "properties": {"nationality": "Dutch", "year": 1850}}, {"type": "Feature", "geometry": {"type": "LineString", "coordinates": [[18.23, -37.92], [20.45, -37.78]]}, "properties": {"nationality": "Dutch", "year": 1847}}, {"type": "Feature", "geometry": {"type": "LineString", "coordinates": [[-22.32, 44.87], [-20.67, 45.95]]}, "properties": {"nationality": "Dutch", "year": 1848}}, {"type": "Feature", "geometry": {"type": "LineString", "coordinates": [[-24.07, 13.05], [-22.72, 11.13]]}, "properties": {"nationality": "Dutch", "year": 1833}}, {"type": "Feature", "geometry": {"type": "LineString", "coordinates": [[6.07, 0.5], [5.67, 0.27]]}, "properties": {"nationality": "Dutch", "year": 1771}}, {"type": "Feature", "geometry": {"type": "LineString", "coordinates": [[94.45, -34.85], [97.52, -33.72]]}, "properties": {"nationality": "Dutch", "year": 1838}}, {"type": "Feature", "geometry": {"type": "LineString", "coordinates": [[-0.8, -22.18], [-1.03, -20.55]]}, "properties": {"nationality": "Dutch", "year": 1842}}, {"type": "Feature", "geometry": {"type": "LineString", "coordinates": [[-25.55, -6.6], [-26.42, -9.6]]}, "properties": {"nationality": "Dutch", "year": 1838}}, {"type": "Feature", "geometry": {"type": "LineString", "coordinates": [[-43.97, 29.77], [-44.43, 31.13]]}, "properties": {"nationality": "Dutch", "year": 1847}}, {"type": "Feature", "geometry": {"type": "LineString", "coordinates": [[-11.12, 45.55], [-12.0, 44.02]]}, "properties": {"nationality": "Dutch", "year": 1772}}, {"type": "Feature", "geometry": {"type": "LineString", "coordinates": [[68.6, -23.47], [65.78, -25.15]]}, "properties": {"nationality": "Dutch", "year": 1792}}, {"type": "Feature", "geometry": {"type": "LineString", "coordinates": [[-28.0, 41.17], [-25.07, 42.45]]}, "properties": {"nationality": "Dutch", "year": 1839}}, {"type": "Feature", "geometry": {"type": "LineString", "coordinates": [[-20.3, 43.17], [-19.4, 43.73]]}, "properties": {"nationality": "Dutch", "year": 1770}}, {"type": "Feature", "geometry": {"type": "LineString", "coordinates": [[2.02, 68.82], [1.35, 67.5]]}, "properties": {"nationality": "Dutch", "year": 1779}}, {"type": "Feature", "geometry": {"type": "LineString", "coordinates": [[-16.85, 38.82], [-15.5, 40.2]]}, "properties": {"nationality": "Dutch", "year": 1829}}, {"type": "Feature", "geometry": {"type": "LineString", "coordinates": [[104.57, -6.48], [103.4, -6.9]]}, "properties": {"nationality": "Dutch", "year": 1820}}, {"type": "Feature", "geometry": {"type": "LineString", "coordinates": [[-13.0, -9.52], [-14.52, -7.83]]}, "properties": {"nationality": "Dutch", "year": 1848}}, {"type": "Feature", "geometry": {"type": "LineString", "coordinates": [[98.8, -10.55], [95.52, -11.8]]}, "properties": {"nationality": "Dutch", "year": 1846}}, {"type": "Feature", "geometry": {"type": "LineString", "coordinates": [[-34.35, 42.53], [-30.87, 44.33]]}, "properties": {"nationality": "Dutch", "year": 1849}}, {"type": "Feature", "geometry": {"type": "LineString", "coordinates": [[-28.58, -17.27], [-28.18, -19.07]]}, "properties": {"nationality": "Dutch", "year": 1790}}, {"type": "Feature", "geometry": {"type": "LineString", "coordinates": [[-35.77, 32.7], [-34.77, 35.27]]}, "properties": {"nationality": "Dutch", "year": 1845}}, {"type": "Feature", "geometry": {"type": "LineString", "coordinates": [[54.4, -33.78], [53.88, -34.1]]}, "properties": {"nationality": "Dutch", "year": 1838}}, {"type": "Feature", "geometry": {"type": "LineString", "coordinates": [[-29.1, -24.5], [-27.27, -26.97]]}, "properties": {"nationality": "Dutch", "year": 1847}}, {"type": "Feature", "geometry": {"type": "LineString", "coordinates": [[98.7, -9.43], [96.65, -9.63]]}, "properties": {"nationality": "Dutch", "year": 1753}}, {"type": "Feature", "geometry": {"type": "LineString", "coordinates": [[-1.5, 50.37], [-0.78, 50.57]]}, "properties": {"nationality": "Dutch", "year": 1836}}, {"type": "Feature", "geometry": {"type": "LineString", "coordinates": [[81.05, -19.12], [77.68, -20.5]]}, "properties": {"nationality": "Dutch", "year": 1850}}, {"type": "Feature", "geometry": {"type": "LineString", "coordinates": [[11.73, -28.15], [9.52, -26.6]]}, "properties": {"nationality": "Dutch", "year": 1849}}, {"type": "Feature", "geometry": {"type": "LineString", "coordinates": [[6.85, -0.32], [5.77, -0.38]]}, "properties": {"nationality": "Dutch", "year": 1759}}, {"type": "Feature", "geometry": {"type": "LineString", "coordinates": [[58.55, -38.65], [59.65, -38.33]]}, "properties": {"nationality": "Dutch", "year": 1803}}, {"type": "Feature", "geometry": {"type": "LineString", "coordinates": [[94.33, -30.85], [96.77, -28.45]]}, "properties": {"nationality": "Dutch", "year": 1836}}, {"type": "Feature", "geometry": {"type": "LineString", "coordinates": [[-27.78, 9.28], [-29.25, 10.93]]}, "properties": {"nationality": "Dutch", "year": 1848}}, {"type": "Feature", "geometry": {"type": "LineString", "coordinates": [[-33.72, 38.68], [-31.83, 39.55]]}, "properties": {"nationality": "Dutch", "year": 1793}}, {"type": "Feature", "geometry": {"type": "LineString", "coordinates": [[-31.17, 11.7], [-31.53, 12.95]]}, "properties": {"nationality": "Dutch", "year": 1761}}, {"type": "Feature", "geometry": {"type": "LineString", "coordinates": [[-7.9, 0.0], [-6.58, -0.15]]}, "properties": {"nationality": "Dutch", "year": 1848}}, {"type": "Feature", "geometry": {"type": "LineString", "coordinates": [[-25.75, -19.17], [-26.08, -22.12]]}, "properties": {"nationality": "Dutch", "year": 1849}}, {"type": "Feature", "geometry": {"type": "LineString", "coordinates": [[-30.57, 24.49], [-30.33, 21.93]]}, "properties": {"nationality": "Dutch", "year": 1825}}, {"type": "Feature", "geometry": {"type": "LineString", "coordinates": [[2.32, 1.85], [3.52, 1.63]]}, "properties": {"nationality": "Dutch", "year": 1784}}, {"type": "Feature", "geometry": {"type": "LineString", "coordinates": [[-26.38, 24.42], [-27.52, 23.12]]}, "properties": {"nationality": "Dutch", "year": 1841}}, {"type": "Feature", "geometry": {"type": "LineString", "coordinates": [[-68.62, 16.47], [-68.32, 17.88]]}, "properties": {"nationality": "Dutch", "year": 1847}}, {"type": "Feature", "geometry": {"type": "LineString", "coordinates": [[27.2, -34.77], [26.77, -34.77]]}, "properties": {"nationality": "Dutch", "year": 1753}}, {"type": "Feature", "geometry": {"type": "LineString", "coordinates": [[-26.7, -6.63], [-27.1, -7.57]]}, "properties": {"nationality": "Dutch", "year": 1790}}, {"type": "Feature", "geometry": {"type": "LineString", "coordinates": [[-9.43, 48.0], [-11.78, 46.28]]}, "properties": {"nationality": "Dutch", "year": 1833}}, {"type": "Feature", "geometry": {"type": "LineString", "coordinates": [[-12.87, -34.87], [-9.76, -34.62]]}, "properties": {"nationality": "Dutch", "year": 1790}}, {"type": "Feature", "geometry": {"type": "LineString", "coordinates": [[-17.08, 13.24], [-17.33, 12.69]]}, "properties": {"nationality": "Dutch", "year": 1819}}, {"type": "Feature", "geometry": {"type": "LineString", "coordinates": [[0.43, 50.8], [4.2, 52.5]]}, "properties": {"nationality": "Dutch", "year": 1847}}, {"type": "Feature", "geometry": {"type": "LineString", "coordinates": [[-12.87, 37.82], [-15.32, 35.68]]}, "properties": {"nationality": "Dutch", "year": 1835}}, {"type": "Feature", "geometry": {"type": "LineString", "coordinates": [[15.53, -34.42], [17.53, -33.83]]}, "properties": {"nationality": "Dutch", "year": 1793}}, {"type": "Feature", "geometry": {"type": "LineString", "coordinates": [[-13.97, 7.2], [-13.8, 7.4]]}, "properties": {"nationality": "Dutch", "year": 1791}}, {"type": "Feature", "geometry": {"type": "LineString", "coordinates": [[61.67, -38.68], [65.9, -38.52]]}, "properties": {"nationality": "Dutch", "year": 1844}}, {"type": "Feature", "geometry": {"type": "LineString", "coordinates": [[105.48, -6.2], [105.02, -6.15]]}, "properties": {"nationality": "Dutch", "year": 1836}}, {"type": "Feature", "geometry": {"type": "LineString", "coordinates": [[-28.08, 32.58], [-28.37, 32.67]]}, "properties": {"nationality": "Dutch", "year": 1847}}, {"type": "Feature", "geometry": {"type": "LineString", "coordinates": [[8.9, 74.25], [10.57, 74.83]]}, "properties": {"nationality": "Dutch", "year": 1798}}, {"type": "Feature", "geometry": {"type": "LineString", "coordinates": [[-17.23, -0.73], [-19.23, -2.72]]}, "properties": {"nationality": "Dutch", "year": 1848}}, {"type": "Feature", "geometry": {"type": "LineString", "coordinates": [[24.93, -38.07], [27.28, -37.63]]}, "properties": {"nationality": "Dutch", "year": 1838}}, {"type": "Feature", "geometry": {"type": "LineString", "coordinates": [[-9.18, 47.68], [-10.32, 46.68]]}, "properties": {"nationality": "Dutch", "year": 1751}}, {"type": "Feature", "geometry": {"type": "LineString", "coordinates": [[20.98, -39.32], [23.73, -38.15]]}, "properties": {"nationality": "Dutch", "year": 1842}}, {"type": "Feature", "geometry": {"type": "LineString", "coordinates": [[84.42, -16.37], [81.82, -17.07]]}, "properties": {"nationality": "Dutch", "year": 1844}}, {"type": "Feature", "geometry": {"type": "LineString", "coordinates": [[16.62, -37.78], [18.73, -36.92]]}, "properties": {"nationality": "Dutch", "year": 1847}}, {"type": "Feature", "geometry": {"type": "LineString", "coordinates": [[106.63, -8.33], [106.82, -8.07]]}, "properties": {"nationality": "Dutch", "year": 1832}}, {"type": "Feature", "geometry": {"type": "LineString", "coordinates": [[-35.07, 21.85], [-34.96, 24.94]]}, "properties": {"nationality": "Dutch", "year": 1821}}, {"type": "Feature", "geometry": {"type": "LineString", "coordinates": [[47.73, -39.75], [52.68, -39.87]]}, "properties": {"nationality": "Dutch", "year": 1839}}, {"type": "Feature", "geometry": {"type": "LineString", "coordinates": [[60.17, -24.3], [58.85, -23.95]]}, "properties": {"nationality": "Dutch", "year": 1829}}, {"type": "Feature", "geometry": {"type": "LineString", "coordinates": [[70.37, -21.57], [67.72, -22.7]]}, "properties": {"nationality": "Dutch", "year": 1839}}, {"type": "Feature", "geometry": {"type": "LineString", "coordinates": [[-81.09, 20.62], [-79.8, 20.4]]}, "properties": {"nationality": "Dutch", "year": 1826}}, {"type": "Feature", "geometry": {"type": "LineString", "coordinates": [[-15.15, 28.93], [-15.2, 27.88]]}, "properties": {"nationality": "Dutch", "year": 1796}}, {"type": "Feature", "geometry": {"type": "LineString", "coordinates": [[-5.6, 49.57], [-5.17, 49.72]]}, "properties": {"nationality": "Dutch", "year": 1844}}, {"type": "Feature", "geometry": {"type": "LineString", "coordinates": [[-38.4, 22.68], [-38.55, 23.87]]}, "properties": {"nationality": "Dutch", "year": 1759}}, {"type": "Feature", "geometry": {"type": "LineString", "coordinates": [[-17.75, 49.27], [-14.07, 49.22]]}, "properties": {"nationality": "Dutch", "year": 1848}}, {"type": "Feature", "geometry": {"type": "LineString", "coordinates": [[-28.52, -17.72], [-28.58, -19.08]]}, "properties": {"nationality": "Dutch", "year": 1785}}, {"type": "Feature", "geometry": {"type": "LineString", "coordinates": [[-7.07, 48.43], [-7.07, 48.43]]}, "properties": {"nationality": "Dutch", "year": 1836}}, {"type": "Feature", "geometry": {"type": "LineString", "coordinates": [[25.7, -38.03], [28.22, -36.98]]}, "properties": {"nationality": "Dutch", "year": 1847}}, {"type": "Feature", "geometry": {"type": "LineString", "coordinates": [[11.33, -30.27], [9.1, -27.97]]}, "properties": {"nationality": "Dutch", "year": 1843}}, {"type": "Feature", "geometry": {"type": "LineString", "coordinates": [[88.97, 18.87], [88.97, 17.95]]}, "properties": {"nationality": "Dutch", "year": 1755}}, {"type": "Feature", "geometry": {"type": "LineString", "coordinates": [[-69.28, 14.93], [-69.15, 17.33]]}, "properties": {"nationality": "Dutch", "year": 1850}}, {"type": "Feature", "geometry": {"type": "LineString", "coordinates": [[-28.22, -17.08], [-28.4, -18.35]]}, "properties": {"nationality": "Dutch", "year": 1848}}, {"type": "Feature", "geometry": {"type": "LineString", "coordinates": [[-16.57, -4.05], [-18.1, -2.33]]}, "properties": {"nationality": "Dutch", "year": 1843}}, {"type": "Feature", "geometry": {"type": "LineString", "coordinates": [[-26.53, 5.55], [-27.08, 6.25]]}, "properties": {"nationality": "Dutch", "year": 1824}}, {"type": "Feature", "geometry": {"type": "LineString", "coordinates": [[-52.83, 31.58], [-52.6, 32.13]]}, "properties": {"nationality": "Dutch", "year": 1757}}, {"type": "Feature", "geometry": {"type": "LineString", "coordinates": [[23.48, -37.38], [25.57, -37.95]]}, "properties": {"nationality": "Dutch", "year": 1804}}, {"type": "Feature", "geometry": {"type": "LineString", "coordinates": [[-15.18, 45.72], [-12.02, 47.4]]}, "properties": {"nationality": "Dutch", "year": 1850}}, {"type": "Feature", "geometry": {"type": "LineString", "coordinates": [[-32.23, 10.92], [-33.38, 13.3]]}, "properties": {"nationality": "Dutch", "year": 1834}}, {"type": "Feature", "geometry": {"type": "LineString", "coordinates": [[105.63, -6.13], [105.65, -6.23]]}, "properties": {"nationality": "Dutch", "year": 1848}}, {"type": "Feature", "geometry": {"type": "LineString", "coordinates": [[-25.53, 14.23], [-25.18, 11.93]]}, "properties": {"nationality": "Dutch", "year": 1840}}, {"type": "Feature", "geometry": {"type": "LineString", "coordinates": [[87.38, -36.07], [90.0, -34.87]]}, "properties": {"nationality": "Dutch", "year": 1832}}, {"type": "Feature", "geometry": {"type": "LineString", "coordinates": [[-34.0, -31.99], [-33.81, -31.16]]}, "properties": {"nationality": "Dutch", "year": 1846}}, {"type": "Feature", "geometry": {"type": "LineString", "coordinates": [[-10.38, 61.45], [-11.6, 61.35]]}, "properties": {"nationality": "Dutch", "year": 1796}}, {"type": "Feature", "geometry": {"type": "LineString", "coordinates": [[-20.8, 0.8], [-17.98, -0.15]]}, "properties": {"nationality": "Dutch", "year": 1839}}, {"type": "Feature", "geometry": {"type": "LineString", "coordinates": [[-18.68, 45.07], [-17.62, 46.22]]}, "properties": {"nationality": "Dutch", "year": 1838}}, {"type": "Feature", "geometry": {"type": "LineString", "coordinates": [[54.1, -26.67], [50.78, -27.39]]}, "properties": {"nationality": "Dutch", "year": 1849}}, {"type": "Feature", "geometry": {"type": "LineString", "coordinates": [[-11.04, 46.26], [-9.92, 46.35]]}, "properties": {"nationality": "Dutch", "year": 1826}}, {"type": "Feature", "geometry": {"type": "LineString", "coordinates": [[-12.57, 30.67], [-12.31, 29.13]]}, "properties": {"nationality": "Dutch", "year": 1773}}, {"type": "Feature", "geometry": {"type": "LineString", "coordinates": [[59.63, 22.8], [59.2, 23.32]]}, "properties": {"nationality": "Dutch", "year": 1755}}, {"type": "Feature", "geometry": {"type": "LineString", "coordinates": [[-68.96, 15.38], [-69.14, 16.72]]}, "properties": {"nationality": "Dutch", "year": 1829}}, {"type": "Feature", "geometry": {"type": "LineString", "coordinates": [[99.3, -20.83], [100.22, -18.82]]}, "properties": {"nationality": "Dutch", "year": 1840}}, {"type": "Feature", "geometry": {"type": "LineString", "coordinates": [[81.9, 7.9], [80.8, 9.15]]}, "properties": {"nationality": "Dutch", "year": 1766}}, {"type": "Feature", "geometry": {"type": "LineString", "coordinates": [[-13.32, 37.68], [-13.75, 35.8]]}, "properties": {"nationality": "Dutch", "year": 1763}}, {"type": "Feature", "geometry": {"type": "LineString", "coordinates": [[-29.67, -20.13], [-29.52, -21.48]]}, "properties": {"nationality": "Dutch", "year": 1822}}, {"type": "Feature", "geometry": {"type": "LineString", "coordinates": [[-10.82, 48.95], [-10.37, 49.12]]}, "properties": {"nationality": "Dutch", "year": 1836}}, {"type": "Feature", "geometry": {"type": "LineString", "coordinates": [[3.78, 52.87], [4.1, 52.13]]}, "properties": {"nationality": "Dutch", "year": 1847}}, {"type": "Feature", "geometry": {"type": "LineString", "coordinates": [[-44.07, 32.92], [-44.13, 33.3]]}, "properties": {"nationality": "Dutch", "year": 1757}}, {"type": "Feature", "geometry": {"type": "LineString", "coordinates": [[100.98, -9.37], [98.77, -9.97]]}, "properties": {"nationality": "Dutch", "year": 1841}}, {"type": "Feature", "geometry": {"type": "LineString", "coordinates": [[99.93, -8.77], [96.93, -9.95]]}, "properties": {"nationality": "Dutch", "year": 1846}}, {"type": "Feature", "geometry": {"type": "LineString", "coordinates": [[41.92, -30.55], [38.87, -31.72]]}, "properties": {"nationality": "Dutch", "year": 1838}}, {"type": "Feature", "geometry": {"type": "LineString", "coordinates": [[-19.35, 18.63], [-19.35, 16.63]]}, "properties": {"nationality": "Dutch", "year": 1764}}, {"type": "Feature", "geometry": {"type": "LineString", "coordinates": [[-18.9, 31.73], [-18.87, 28.57]]}, "properties": {"nationality": "Dutch", "year": 1835}}, {"type": "Feature", "geometry": {"type": "LineString", "coordinates": [[6.63, -38.8], [10.92, -39.0]]}, "properties": {"nationality": "Dutch", "year": 1839}}, {"type": "Feature", "geometry": {"type": "LineString", "coordinates": [[-13.0, 42.7], [-13.85, 41.12]]}, "properties": {"nationality": "Dutch", "year": 1790}}, {"type": "Feature", "geometry": {"type": "LineString", "coordinates": [[-9.29, 47.3], [-10.27, 46.75]]}, "properties": {"nationality": "Dutch", "year": 1790}}, {"type": "Feature", "geometry": {"type": "LineString", "coordinates": [[-7.48, -1.25], [-8.85, -1.22]]}, "properties": {"nationality": "Dutch", "year": 1753}}, {"type": "Feature", "geometry": {"type": "LineString", "coordinates": [[13.28, -27.33], [13.02, -26.93]]}, "properties": {"nationality": "Dutch", "year": 1789}}, {"type": "Feature", "geometry": {"type": "LineString", "coordinates": [[-54.3, 30.87], [-52.88, 31.23]]}, "properties": {"nationality": "Dutch", "year": 1761}}, {"type": "Feature", "geometry": {"type": "LineString", "coordinates": [[67.73, -39.42], [72.61, -39.14]]}, "properties": {"nationality": "Dutch", "year": 1849}}, {"type": "Feature", "geometry": {"type": "LineString", "coordinates": [[40.62, -30.37], [39.83, -30.1]]}, "properties": {"nationality": "Dutch", "year": 1843}}, {"type": "Feature", "geometry": {"type": "LineString", "coordinates": [[-34.22, -26.47], [-31.53, -28.12]]}, "properties": {"nationality": "Dutch", "year": 1841}}, {"type": "Feature", "geometry": {"type": "LineString", "coordinates": [[19.27, -38.77], [23.93, -38.87]]}, "properties": {"nationality": "Dutch", "year": 1848}}, {"type": "Feature", "geometry": {"type": "LineString", "coordinates": [[-27.04, 27.03], [-29.21, 24.53]]}, "properties": {"nationality": "Dutch", "year": 1783}}, {"type": "Feature", "geometry": {"type": "LineString", "coordinates": [[15.35, -34.0], [12.3, -32.23]]}, "properties": {"nationality": "Dutch", "year": 1839}}, {"type": "Feature", "geometry": {"type": "LineString", "coordinates": [[83.8, -17.68], [82.77, -18.73]]}, "properties": {"nationality": "Dutch", "year": 1824}}, {"type": "Feature", "geometry": {"type": "LineString", "coordinates": [[-14.37, 4.77], [-13.3, 3.97]]}, "properties": {"nationality": "Dutch", "year": 1842}}, {"type": "Feature", "geometry": {"type": "LineString", "coordinates": [[25.48, -37.83], [26.58, -37.33]]}, "properties": {"nationality": "Dutch", "year": 1790}}, {"type": "Feature", "geometry": {"type": "LineString", "coordinates": [[-16.83, 6.28], [-16.55, 5.97]]}, "properties": {"nationality": "Dutch", "year": 1789}}, {"type": "Feature", "geometry": {"type": "LineString", "coordinates": [[1.42, 75.83], [2.12, 76.77]]}, "properties": {"nationality": "Dutch", "year": 1792}}, {"type": "Feature", "geometry": {"type": "LineString", "coordinates": [[-16.92, -16.03], [-17.08, -18.25]]}, "properties": {"nationality": "Dutch", "year": 1844}}, {"type": "Feature", "geometry": {"type": "LineString", "coordinates": [[-10.73, 45.67], [-12.83, 43.05]]}, "properties": {"nationality": "Dutch", "year": 1841}}, {"type": "Feature", "geometry": {"type": "LineString", "coordinates": [[-0.73, 2.9], [-0.82, 2.72]]}, "properties": {"nationality": "Dutch", "year": 1755}}, {"type": "Feature", "geometry": {"type": "LineString", "coordinates": [[-14.87, -36.67], [-12.95, -37.68]]}, "properties": {"nationality": "Dutch", "year": 1832}}, {"type": "Feature", "geometry": {"type": "LineString", "coordinates": [[23.08, -39.88], [26.97, -39.8]]}, "properties": {"nationality": "Dutch", "year": 1836}}, {"type": "Feature", "geometry": {"type": "LineString", "coordinates": [[-34.48, 21.63], [-34.77, 23.62]]}, "properties": {"nationality": "Dutch", "year": 1848}}, {"type": "Feature", "geometry": {"type": "LineString", "coordinates": [[-32.4, 40.97], [-31.53, 41.7]]}, "properties": {"nationality": "Dutch", "year": 1793}}, {"type": "Feature", "geometry": {"type": "LineString", "coordinates": [[50.05, -38.6], [54.3, -38.67]]}, "properties": {"nationality": "Dutch", "year": 1832}}, {"type": "Feature", "geometry": {"type": "LineString", "coordinates": [[-11.05, 49.32], [-9.65, 49.82]]}, "properties": {"nationality": "Dutch", "year": 1779}}, {"type": "Feature", "geometry": {"type": "LineString", "coordinates": [[-21.73, 30.3], [-21.73, 27.53]]}, "properties": {"nationality": "Dutch", "year": 1773}}, {"type": "Feature", "geometry": {"type": "LineString", "coordinates": [[18.77, -34.48], [18.76, -34.48]]}, "properties": {"nationality": "Dutch", "year": 1750}}, {"type": "Feature", "geometry": {"type": "LineString", "coordinates": [[3.55, 69.5], [3.35, 70.27]]}, "properties": {"nationality": "Dutch", "year": 1789}}, {"type": "Feature", "geometry": {"type": "LineString", "coordinates": [[80.0, -37.12], [82.17, -35.32]]}, "properties": {"nationality": "Dutch", "year": 1841}}, {"type": "Feature", "geometry": {"type": "LineString", "coordinates": [[-23.92, 5.48], [-23.92, 5.48]]}, "properties": {"nationality": "Dutch", "year": 1841}}, {"type": "Feature", "geometry": {"type": "LineString", "coordinates": [[-51.61, 41.0], [-51.34, 40.72]]}, "properties": {"nationality": "Dutch", "year": 1814}}, {"type": "Feature", "geometry": {"type": "LineString", "coordinates": [[111.75, -6.23], [112.22, -6.43]]}, "properties": {"nationality": "Dutch", "year": 1849}}, {"type": "Feature", "geometry": {"type": "LineString", "coordinates": [[43.35, -36.25], [44.72, -35.02]]}, "properties": {"nationality": "Dutch", "year": 1835}}, {"type": "Feature", "geometry": {"type": "LineString", "coordinates": [[5.22, -37.68], [7.55, -36.13]]}, "properties": {"nationality": "Dutch", "year": 1844}}, {"type": "Feature", "geometry": {"type": "LineString", "coordinates": [[-12.87, 49.38], [-13.78, 48.67]]}, "properties": {"nationality": "Dutch", "year": 1848}}, {"type": "Feature", "geometry": {"type": "LineString", "coordinates": [[-32.9, 44.0], [-30.97, 44.85]]}, "properties": {"nationality": "Dutch", "year": 1774}}, {"type": "Feature", "geometry": {"type": "LineString", "coordinates": [[16.77, -33.87], [17.5, -34.15]]}, "properties": {"nationality": "Dutch", "year": 1773}}, {"type": "Feature", "geometry": {"type": "LineString", "coordinates": [[83.62, -17.55], [81.12, -18.55]]}, "properties": {"nationality": "Dutch", "year": 1774}}, {"type": "Feature", "geometry": {"type": "LineString", "coordinates": [[84.6, -17.4], [81.07, -18.61]]}, "properties": {"nationality": "Dutch", "year": 1849}}, {"type": "Feature", "geometry": {"type": "LineString", "coordinates": [[-69.03, 12.18], [-68.89, 11.93]]}, "properties": {"nationality": "Dutch", "year": 1820}}, {"type": "Feature", "geometry": {"type": "LineString", "coordinates": [[-2.67, 50.17], [-5.72, 49.07]]}, "properties": {"nationality": "Dutch", "year": 1829}}, {"type": "Feature", "geometry": {"type": "LineString", "coordinates": [[5.73, -26.13], [3.88, -24.63]]}, "properties": {"nationality": "Dutch", "year": 1847}}, {"type": "Feature", "geometry": {"type": "LineString", "coordinates": [[-18.43, 34.17], [-18.63, 33.65]]}, "properties": {"nationality": "Dutch", "year": 1803}}, {"type": "Feature", "geometry": {"type": "LineString", "coordinates": [[82.0, -28.0], [84.0, -26.0]]}, "properties": {"nationality": "Dutch", "year": 1850}}, {"type": "Feature", "geometry": {"type": "LineString", "coordinates": [[-8.12, -37.12], [-6.6, -37.92]]}, "properties": {"nationality": "Dutch", "year": 1785}}, {"type": "Feature", "geometry": {"type": "LineString", "coordinates": [[-2.5, 49.78], [-0.22, 50.55]]}, "properties": {"nationality": "Dutch", "year": 1844}}, {"type": "Feature", "geometry": {"type": "LineString", "coordinates": [[-23.38, 37.15], [-21.1, 39.7]]}, "properties": {"nationality": "Dutch", "year": 1849}}, {"type": "Feature", "geometry": {"type": "LineString", "coordinates": [[-28.13, 1.65], [-28.48, 0.87]]}, "properties": {"nationality": "Dutch", "year": 1848}}, {"type": "Feature", "geometry": {"type": "LineString", "coordinates": [[42.79, -36.6], [44.64, -36.87]]}, "properties": {"nationality": "Dutch", "year": 1789}}, {"type": "Feature", "geometry": {"type": "LineString", "coordinates": [[36.13, -38.87], [39.88, -38.37]]}, "properties": {"nationality": "Dutch", "year": 1827}}, {"type": "Feature", "geometry": {"type": "LineString", "coordinates": [[66.0, -20.75], [63.75, -21.05]]}, "properties": {"nationality": "Dutch", "year": 1839}}, {"type": "Feature", "geometry": {"type": "LineString", "coordinates": [[1.75, 57.62], [1.42, 58.58]]}, "properties": {"nationality": "Dutch", "year": 1793}}, {"type": "Feature", "geometry": {"type": "LineString", "coordinates": [[-16.92, 8.87], [-16.73, 9.07]]}, "properties": {"nationality": "Dutch", "year": 1768}}, {"type": "Feature", "geometry": {"type": "LineString", "coordinates": [[-65.71, 31.07], [-62.29, 31.72]]}, "properties": {"nationality": "Dutch", "year": 1816}}, {"type": "Feature", "geometry": {"type": "LineString", "coordinates": [[-44.56, 37.25], [-43.62, 37.23]]}, "properties": {"nationality": "Dutch", "year": 1779}}, {"type": "Feature", "geometry": {"type": "LineString", "coordinates": [[87.23, -36.4], [90.08, -35.85]]}, "properties": {"nationality": "Dutch", "year": 1845}}, {"type": "Feature", "geometry": {"type": "LineString", "coordinates": [[-18.72, 9.7], [-18.17, 8.83]]}, "properties": {"nationality": "Dutch", "year": 1840}}, {"type": "Feature", "geometry": {"type": "LineString", "coordinates": [[151.81, -0.73], [150.14, -0.99]]}, "properties": {"nationality": "Dutch", "year": 1825}}, {"type": "Feature", "geometry": {"type": "LineString", "coordinates": [[-59.55, 15.58], [-59.43, 16.32]]}, "properties": {"nationality": "Dutch", "year": 1768}}, {"type": "Feature", "geometry": {"type": "LineString", "coordinates": [[-17.75, 32.68], [-18.78, 30.65]]}, "properties": {"nationality": "Dutch", "year": 1821}}, {"type": "Feature", "geometry": {"type": "LineString", "coordinates": [[-32.5, 41.65], [-31.87, 42.1]]}, "properties": {"nationality": "Dutch", "year": 1848}}, {"type": "Feature", "geometry": {"type": "LineString", "coordinates": [[-34.4, -7.28], [-35.06, -9.38]]}, "properties": {"nationality": "Dutch", "year": 1850}}, {"type": "Feature", "geometry": {"type": "LineString", "coordinates": [[47.17, -39.37], [52.82, -39.1]]}, "properties": {"nationality": "Dutch", "year": 1835}}, {"type": "Feature", "geometry": {"type": "LineString", "coordinates": [[-20.75, 2.6], [-21.1, 1.6]]}, "properties": {"nationality": "Dutch", "year": 1785}}, {"type": "Feature", "geometry": {"type": "LineString", "coordinates": [[-27.42, 6.28], [-27.78, 6.65]]}, "properties": {"nationality": "Dutch", "year": 1763}}, {"type": "Feature", "geometry": {"type": "LineString", "coordinates": [[5.03, -0.28], [4.55, -0.23]]}, "properties": {"nationality": "Dutch", "year": 1769}}, {"type": "Feature", "geometry": {"type": "LineString", "coordinates": [[-19.67, 0.42], [-19.62, 0.97]]}, "properties": {"nationality": "Dutch", "year": 1774}}, {"type": "Feature", "geometry": {"type": "LineString", "coordinates": [[-21.4, 5.82], [-22.17, 6.77]]}, "properties": {"nationality": "Dutch", "year": 1849}}, {"type": "Feature", "geometry": {"type": "LineString", "coordinates": [[-20.55, -1.2], [-22.55, -1.2]]}, "properties": {"nationality": "Dutch", "year": 1754}}, {"type": "Feature", "geometry": {"type": "LineString", "coordinates": [[-9.7, 5.08], [-9.18, 4.65]]}, "properties": {"nationality": "Dutch", "year": 1837}}, {"type": "Feature", "geometry": {"type": "LineString", "coordinates": [[-26.53, 2.35], [-26.05, 2.0]]}, "properties": {"nationality": "Dutch", "year": 1849}}, {"type": "Feature", "geometry": {"type": "LineString", "coordinates": [[-22.43, 5.2], [-22.03, 4.2]]}, "properties": {"nationality": "Dutch", "year": 1835}}, {"type": "Feature", "geometry": {"type": "LineString", "coordinates": [[-23.23, 6.3], [-24.42, 6.98]]}, "properties": {"nationality": "Dutch", "year": 1789}}, {"type": "Feature", "geometry": {"type": "LineString", "coordinates": [[-5.08, 49.5], [4.08, 51.81]]}, "properties": {"nationality": "Dutch", "year": 1762}}, {"type": "Feature", "geometry": {"type": "LineString", "coordinates": [[21.82, -34.92], [19.4, -34.98]]}, "properties": {"nationality": "Dutch", "year": 1842}}, {"type": "Feature", "geometry": {"type": "LineString", "coordinates": [[-35.29, -0.32], [-37.22, -0.4]]}, "properties": {"nationality": "Dutch", "year": 1764}}, {"type": "Feature", "geometry": {"type": "LineString", "coordinates": [[-42.17, 30.9], [-42.38, 32.2]]}, "properties": {"nationality": "Dutch", "year": 1793}}, {"type": "Feature", "geometry": {"type": "LineString", "coordinates": [[-4.03, 49.77], [-4.28, 49.97]]}, "properties": {"nationality": "Dutch", "year": 1847}}, {"type": "Feature", "geometry": {"type": "LineString", "coordinates": [[-18.32, 29.23], [-19.72, 24.8]]}, "properties": {"nationality": "Dutch", "year": 1788}}, {"type": "Feature", "geometry": {"type": "LineString", "coordinates": [[1.0, -38.73], [4.57, -39.1]]}, "properties": {"nationality": "Dutch", "year": 1826}}, {"type": "Feature", "geometry": {"type": "LineString", "coordinates": [[-38.83, 23.38], [-39.2, 24.08]]}, "properties": {"nationality": "Dutch", "year": 1841}}, {"type": "Feature", "geometry": {"type": "LineString", "coordinates": [[-13.2, -35.0], [-13.26, -34.88]]}, "properties": {"nationality": "Dutch", "year": 1751}}, {"type": "Feature", "geometry": {"type": "LineString", "coordinates": [[64.1, -39.43], [68.45, -39.45]]}, "properties": {"nationality": "Dutch", "year": 1850}}, {"type": "Feature", "geometry": {"type": "LineString", "coordinates": [[-19.0, 32.32], [-20.02, 30.01]]}, "properties": {"nationality": "Dutch", "year": 1848}}, {"type": "Feature", "geometry": {"type": "LineString", "coordinates": [[49.57, -37.25], [51.15, -37.3]]}, "properties": {"nationality": "Dutch", "year": 1764}}, {"type": "Feature", "geometry": {"type": "LineString", "coordinates": [[104.07, -12.45], [105.1, -10.13]]}, "properties": {"nationality": "Dutch", "year": 1839}}, {"type": "Feature", "geometry": {"type": "LineString", "coordinates": [[-33.17, 12.05], [-34.32, 13.33]]}, "properties": {"nationality": "Dutch", "year": 1751}}, {"type": "Feature", "geometry": {"type": "LineString", "coordinates": [[-5.01, 5.23], [-5.01, 5.15]]}, "properties": {"nationality": "Dutch", "year": 1769}}, {"type": "Feature", "geometry": {"type": "LineString", "coordinates": [[35.35, -33.13], [35.05, -33.12]]}, "properties": {"nationality": "Dutch", "year": 1772}}, {"type": "Feature", "geometry": {"type": "LineString", "coordinates": [[110.65, -6.33], [109.2, -6.22]]}, "properties": {"nationality": "Dutch", "year": 1826}}, {"type": "Feature", "geometry": {"type": "LineString", "coordinates": [[-19.37, 30.17], [-20.08, 27.48]]}, "properties": {"nationality": "Dutch", "year": 1846}}, {"type": "Feature", "geometry": {"type": "LineString", "coordinates": [[22.25, -38.8], [22.89, -39.68]]}, "properties": {"nationality": "Dutch", "year": 1819}}, {"type": "Feature", "geometry": {"type": "LineString", "coordinates": [[-17.58, 12.82], [-16.95, 12.33]]}, "properties": {"nationality": "Dutch", "year": 1758}}, {"type": "Feature", "geometry": {"type": "LineString", "coordinates": [[-18.48, 31.05], [-18.95, 30.98]]}, "properties": {"nationality": "Dutch", "year": 1840}}, {"type": "Feature", "geometry": {"type": "LineString", "coordinates": [[-17.23, 1.9], [-16.9, 1.77]]}, "properties": {"nationality": "Dutch", "year": 1773}}, {"type": "Feature", "geometry": {"type": "LineString", "coordinates": [[-34.5, 34.78], [-32.05, 36.4]]}, "properties": {"nationality": "Dutch", "year": 1850}}, {"type": "Feature", "geometry": {"type": "LineString", "coordinates": [[-8.87, -34.78], [-6.5, -34.92]]}, "properties": {"nationality": "Dutch", "year": 1820}}, {"type": "Feature", "geometry": {"type": "LineString", "coordinates": [[-39.33, 26.75], [-40.18, 27.63]]}, "properties": {"nationality": "Dutch", "year": 1842}}, {"type": "Feature", "geometry": {"type": "LineString", "coordinates": [[82.27, -33.4], [83.3, -32.58]]}, "properties": {"nationality": "Dutch", "year": 1802}}, {"type": "Feature", "geometry": {"type": "LineString", "coordinates": [[-17.08, 30.67], [-18.32, 29.23]]}, "properties": {"nationality": "Dutch", "year": 1788}}, {"type": "Feature", "geometry": {"type": "LineString", "coordinates": [[103.22, -19.23], [103.97, -15.57]]}, "properties": {"nationality": "Dutch", "year": 1849}}, {"type": "Feature", "geometry": {"type": "LineString", "coordinates": [[3.45, -23.73], [1.45, -22.08]]}, "properties": {"nationality": "Dutch", "year": 1846}}, {"type": "Feature", "geometry": {"type": "LineString", "coordinates": [[-17.52, -1.63], [-18.0, 0.03]]}, "properties": {"nationality": "Dutch", "year": 1841}}, {"type": "Feature", "geometry": {"type": "LineString", "coordinates": [[-28.02, -9.52], [-29.28, -12.8]]}, "properties": {"nationality": "Dutch", "year": 1845}}, {"type": "Feature", "geometry": {"type": "LineString", "coordinates": [[-30.55, 10.12], [-31.35, 10.67]]}, "properties": {"nationality": "Dutch", "year": 1848}}, {"type": "Feature", "geometry": {"type": "LineString", "coordinates": [[25.22, -35.17], [25.27, -35.63]]}, "properties": {"nationality": "Dutch", "year": 1769}}, {"type": "Feature", "geometry": {"type": "LineString", "coordinates": [[49.5, -26.63], [46.75, -28.43]]}, "properties": {"nationality": "Dutch", "year": 1839}}, {"type": "Feature", "geometry": {"type": "LineString", "coordinates": [[23.62, -34.77], [21.33, -35.05]]}, "properties": {"nationality": "Dutch", "year": 1850}}, {"type": "Feature", "geometry": {"type": "LineString", "coordinates": [[20.05, -35.27], [19.88, -35.3]]}, "properties": {"nationality": "Dutch", "year": 1850}}, {"type": "Feature", "geometry": {"type": "LineString", "coordinates": [[17.47, -33.48], [17.72, -33.68]]}, "properties": {"nationality": "Dutch", "year": 1786}}, {"type": "Feature", "geometry": {"type": "LineString", "coordinates": [[-6.67, -34.55], [-3.32, -35.73]]}, "properties": {"nationality": "Dutch", "year": 1848}}, {"type": "Feature", "geometry": {"type": "LineString", "coordinates": [[79.95, -21.15], [76.87, -21.63]]}, "properties": {"nationality": "Dutch", "year": 1838}}, {"type": "Feature", "geometry": {"type": "LineString", "coordinates": [[3.29, 3.12], [1.51, 3.42]]}, "properties": {"nationality": "Dutch", "year": 1763}}, {"type": "Feature", "geometry": {"type": "LineString", "coordinates": [[75.53, -37.72], [80.15, -37.62]]}, "properties": {"nationality": "Dutch", "year": 1848}}, {"type": "Feature", "geometry": {"type": "LineString", "coordinates": [[86.93, 5.52], [86.95, 5.73]]}, "properties": {"nationality": "Dutch", "year": 1786}}, {"type": "Feature", "geometry": {"type": "LineString", "coordinates": [[-22.2, 15.43], [-22.03, 12.42]]}, "properties": {"nationality": "Dutch", "year": 1843}}, {"type": "Feature", "geometry": {"type": "LineString", "coordinates": [[100.68, -8.48], [97.78, -9.7]]}, "properties": {"nationality": "Dutch", "year": 1848}}, {"type": "Feature", "geometry": {"type": "LineString", "coordinates": [[1.2, -20.15], [-1.02, -19.25]]}, "properties": {"nationality": "Dutch", "year": 1846}}, {"type": "Feature", "geometry": {"type": "LineString", "coordinates": [[-26.48, -1.33], [-27.38, -3.38]]}, "properties": {"nationality": "Dutch", "year": 1842}}, {"type": "Feature", "geometry": {"type": "LineString", "coordinates": [[91.87, -33.63], [92.63, -32.68]]}, "properties": {"nationality": "Dutch", "year": 1849}}, {"type": "Feature", "geometry": {"type": "LineString", "coordinates": [[-77.8, -49.45], [-77.83, -48.77]]}, "properties": {"nationality": "Dutch", "year": 1850}}, {"type": "Feature", "geometry": {"type": "LineString", "coordinates": [[-11.72, 6.34], [-10.85, 5.72]]}, "properties": {"nationality": "Dutch", "year": 1827}}, {"type": "Feature", "geometry": {"type": "LineString", "coordinates": [[-7.17, -14.8], [-8.95, -13.17]]}, "properties": {"nationality": "Dutch", "year": 1836}}, {"type": "Feature", "geometry": {"type": "LineString", "coordinates": [[-64.45, 39.22], [-63.85, 38.95]]}, "properties": {"nationality": "Dutch", "year": 1847}}, {"type": "Feature", "geometry": {"type": "LineString", "coordinates": [[-7.13, -34.74], [-4.29, -34.62]]}, "properties": {"nationality": "Dutch", "year": 1816}}, {"type": "Feature", "geometry": {"type": "LineString", "coordinates": [[88.72, -12.5], [85.78, -13.67]]}, "properties": {"nationality": "Dutch", "year": 1850}}, {"type": "Feature", "geometry": {"type": "LineString", "coordinates": [[-45.74, 18.18], [-48.0, 17.73]]}, "properties": {"nationality": "Dutch", "year": 1778}}, {"type": "Feature", "geometry": {"type": "LineString", "coordinates": [[-25.52, 12.98], [-24.88, 12.52]]}, "properties": {"nationality": "Dutch", "year": 1846}}, {"type": "Feature", "geometry": {"type": "LineString", "coordinates": [[-18.23, 30.3], [-19.12, 27.97]]}, "properties": {"nationality": "Dutch", "year": 1846}}, {"type": "Feature", "geometry": {"type": "LineString", "coordinates": [[35.08, -33.03], [35.07, -33.03]]}, "properties": {"nationality": "Dutch", "year": 1769}}, {"type": "Feature", "geometry": {"type": "LineString", "coordinates": [[0.95, 3.13], [0.35, 2.9]]}, "properties": {"nationality": "Dutch", "year": 1753}}, {"type": "Feature", "geometry": {"type": "LineString", "coordinates": [[-24.09, 26.23], [-24.21, 23.85]]}, "properties": {"nationality": "Dutch", "year": 1753}}, {"type": "Feature", "geometry": {"type": "LineString", "coordinates": [[-43.18, 29.1], [-42.71, 30.45]]}, "properties": {"nationality": "Dutch", "year": 1766}}, {"type": "Feature", "geometry": {"type": "LineString", "coordinates": [[-11.77, 45.88], [-11.52, 45.4]]}, "properties": {"nationality": "Dutch", "year": 1845}}, {"type": "Feature", "geometry": {"type": "LineString", "coordinates": [[-56.2, 25.25], [-55.88, 26.7]]}, "properties": {"nationality": "Dutch", "year": 1799}}, {"type": "Feature", "geometry": {"type": "LineString", "coordinates": [[66.67, -26.83], [63.65, -27.15]]}, "properties": {"nationality": "Dutch", "year": 1831}}, {"type": "Feature", "geometry": {"type": "LineString", "coordinates": [[3.93, -25.85], [1.8, -24.7]]}, "properties": {"nationality": "Dutch", "year": 1830}}, {"type": "Feature", "geometry": {"type": "LineString", "coordinates": [[-27.52, -18.77], [-27.23, -20.57]]}, "properties": {"nationality": "Dutch", "year": 1841}}, {"type": "Feature", "geometry": {"type": "LineString", "coordinates": [[13.02, -34.0], [11.15, -36.2]]}, "properties": {"nationality": "Dutch", "year": 1838}}, {"type": "Feature", "geometry": {"type": "LineString", "coordinates": [[-7.27, 49.12], [-8.85, 48.58]]}, "properties": {"nationality": "Dutch", "year": 1847}}, {"type": "Feature", "geometry": {"type": "LineString", "coordinates": [[-8.88, -11.67], [-10.33, -10.32]]}, "properties": {"nationality": "Dutch", "year": 1794}}, {"type": "Feature", "geometry": {"type": "LineString", "coordinates": [[-54.02, 5.98], [-55.15, 5.83]]}, "properties": {"nationality": "Dutch", "year": 1819}}, {"type": "Feature", "geometry": {"type": "LineString", "coordinates": [[17.73, -35.9], [16.89, -35.91]]}, "properties": {"nationality": "Dutch", "year": 1840}}, {"type": "Feature", "geometry": {"type": "LineString", "coordinates": [[-59.2, 20.77], [-59.08, 21.07]]}, "properties": {"nationality": "Dutch", "year": 1753}}, {"type": "Feature", "geometry": {"type": "LineString", "coordinates": [[3.87, -26.0], [2.53, -24.88]]}, "properties": {"nationality": "Dutch", "year": 1842}}, {"type": "Feature", "geometry": {"type": "LineString", "coordinates": [[-20.0, 23.45], [-20.95, 20.93]]}, "properties": {"nationality": "Dutch", "year": 1767}}, {"type": "Feature", "geometry": {"type": "LineString", "coordinates": [[-74.55, 18.22], [-75.67, 19.55]]}, "properties": {"nationality": "Dutch", "year": 1830}}, {"type": "Feature", "geometry": {"type": "LineString", "coordinates": [[105.84, -7.56], [106.86, -6.1]]}, "properties": {"nationality": "Dutch", "year": 1822}}, {"type": "Feature", "geometry": {"type": "LineString", "coordinates": [[-59.08, 21.07], [-59.78, 22.18]]}, "properties": {"nationality": "Dutch", "year": 1753}}, {"type": "Feature", "geometry": {"type": "LineString", "coordinates": [[-33.0, 30.13], [-34.08, 32.1]]}, "properties": {"nationality": "Dutch", "year": 1849}}, {"type": "Feature", "geometry": {"type": "LineString", "coordinates": [[-11.08, 42.83], [-10.6, 41.9]]}, "properties": {"nationality": "Dutch", "year": 1832}}, {"type": "Feature", "geometry": {"type": "LineString", "coordinates": [[-33.87, 27.77], [-34.33, 27.95]]}, "properties": {"nationality": "Dutch", "year": 1850}}, {"type": "Feature", "geometry": {"type": "LineString", "coordinates": [[-32.3, -15.7], [-33.27, -18.08]]}, "properties": {"nationality": "Dutch", "year": 1818}}, {"type": "Feature", "geometry": {"type": "LineString", "coordinates": [[-38.43, 30.42], [-38.75, 32.47]]}, "properties": {"nationality": "Dutch", "year": 1839}}, {"type": "Feature", "geometry": {"type": "LineString", "coordinates": [[11.02, -35.87], [12.9, -35.33]]}, "properties": {"nationality": "Dutch", "year": 1847}}, {"type": "Feature", "geometry": {"type": "LineString", "coordinates": [[17.08, -35.4], [18.33, -35.23]]}, "properties": {"nationality": "Dutch", "year": 1791}}, {"type": "Feature", "geometry": {"type": "LineString", "coordinates": [[-38.82, 33.2], [-39.49, 33.71]]}, "properties": {"nationality": "Dutch", "year": 1826}}, {"type": "Feature", "geometry": {"type": "LineString", "coordinates": [[-6.08, 49.43], [-8.13, 48.45]]}, "properties": {"nationality": "Dutch", "year": 1793}}, {"type": "Feature", "geometry": {"type": "LineString", "coordinates": [[43.68, -29.18], [41.52, -29.52]]}, "properties": {"nationality": "Dutch", "year": 1843}}, {"type": "Feature", "geometry": {"type": "LineString", "coordinates": [[-18.0, 5.97], [-17.92, 5.5]]}, "properties": {"nationality": "Dutch", "year": 1788}}, {"type": "Feature", "geometry": {"type": "LineString", "coordinates": [[30.8, -33.37], [29.57, -32.87]]}, "properties": {"nationality": "Dutch", "year": 1845}}, {"type": "Feature", "geometry": {"type": "LineString", "coordinates": [[-56.55, 7.28], [-56.98, 10.08]]}, "properties": {"nationality": "Dutch", "year": 1839}}, {"type": "Feature", "geometry": {"type": "LineString", "coordinates": [[-20.77, 0.22], [-23.08, 1.35]]}, "properties": {"nationality": "Dutch", "year": 1833}}, {"type": "Feature", "geometry": {"type": "LineString", "coordinates": [[94.37, -16.13], [96.0, -14.53]]}, "properties": {"nationality": "Dutch", "year": 1846}}, {"type": "Feature", "geometry": {"type": "LineString", "coordinates": [[-44.42, 38.68], [-43.63, 39.55]]}, "properties": {"nationality": "Dutch", "year": 1779}}, {"type": "Feature", "geometry": {"type": "LineString", "coordinates": [[-53.85, 17.88], [-55.75, 17.55]]}, "properties": {"nationality": "Dutch", "year": 1778}}, {"type": "Feature", "geometry": {"type": "LineString", "coordinates": [[2.18, 68.32], [1.68, 69.92]]}, "properties": {"nationality": "Dutch", "year": 1786}}, {"type": "Feature", "geometry": {"type": "LineString", "coordinates": [[-34.48, -22.3], [-32.7, -21.88]]}, "properties": {"nationality": "Dutch", "year": 1828}}, {"type": "Feature", "geometry": {"type": "LineString", "coordinates": [[30.18, -38.38], [29.43, -37.98]]}, "properties": {"nationality": "Dutch", "year": 1839}}, {"type": "Feature", "geometry": {"type": "LineString", "coordinates": [[-45.6, 3.62], [-46.83, 3.17]]}, "properties": {"nationality": "Dutch", "year": 1752}}, {"type": "Feature", "geometry": {"type": "LineString", "coordinates": [[77.17, -21.9], [74.65, -22.93]]}, "properties": {"nationality": "Dutch", "year": 1843}}, {"type": "Feature", "geometry": {"type": "LineString", "coordinates": [[103.8, -7.32], [103.88, -6.42]]}, "properties": {"nationality": "Dutch", "year": 1843}}, {"type": "Feature", "geometry": {"type": "LineString", "coordinates": [[-24.18, 19.93], [-25.28, 17.63]]}, "properties": {"nationality": "Dutch", "year": 1820}}, {"type": "Feature", "geometry": {"type": "LineString", "coordinates": [[71.77, -22.45], [68.75, -23.08]]}, "properties": {"nationality": "Dutch", "year": 1838}}, {"type": "Feature", "geometry": {"type": "LineString", "coordinates": [[-41.78, 34.38], [-39.5, 35.23]]}, "properties": {"nationality": "Dutch", "year": 1786}}, {"type": "Feature", "geometry": {"type": "LineString", "coordinates": [[83.0, -38.13], [86.85, -36.45]]}, "properties": {"nationality": "Dutch", "year": 1842}}, {"type": "Feature", "geometry": {"type": "LineString", "coordinates": [[1.07, -20.52], [-1.67, -18.97]]}, "properties": {"nationality": "Dutch", "year": 1826}}, {"type": "Feature", "geometry": {"type": "LineString", "coordinates": [[1.72, -23.65], [-0.12, -21.92]]}, "properties": {"nationality": "Dutch", "year": 1835}}, {"type": "Feature", "geometry": {"type": "LineString", "coordinates": [[22.27, -34.53], [20.65, -34.83]]}, "properties": {"nationality": "Dutch", "year": 1849}}, {"type": "Feature", "geometry": {"type": "LineString", "coordinates": [[59.77, -26.68], [57.6, -26.85]]}, "properties": {"nationality": "Dutch", "year": 1835}}, {"type": "Feature", "geometry": {"type": "LineString", "coordinates": [[17.33, -33.63], [16.1, -34.35]]}, "properties": {"nationality": "Dutch", "year": 1765}}, {"type": "Feature", "geometry": {"type": "LineString", "coordinates": [[52.08, -39.58], [56.73, -39.1]]}, "properties": {"nationality": "Dutch", "year": 1844}}, {"type": "Feature", "geometry": {"type": "LineString", "coordinates": [[44.58, -40.47], [47.92, -40.42]]}, "properties": {"nationality": "Dutch", "year": 1830}}, {"type": "Feature", "geometry": {"type": "LineString", "coordinates": [[-9.03, 46.77], [-10.61, 45.5]]}, "properties": {"nationality": "Dutch", "year": 1761}}, {"type": "Feature", "geometry": {"type": "LineString", "coordinates": [[-13.47, -32.18], [-11.63, -32.68]]}, "properties": {"nationality": "Dutch", "year": 1840}}, {"type": "Feature", "geometry": {"type": "LineString", "coordinates": [[104.6, -9.7], [104.32, -10.52]]}, "properties": {"nationality": "Dutch", "year": 1756}}, {"type": "Feature", "geometry": {"type": "LineString", "coordinates": [[-25.62, 10.13], [-25.77, 11.33]]}, "properties": {"nationality": "Dutch", "year": 1820}}, {"type": "Feature", "geometry": {"type": "LineString", "coordinates": [[-30.27, 8.85], [-31.6, 9.57]]}, "properties": {"nationality": "Dutch", "year": 1755}}, {"type": "Feature", "geometry": {"type": "LineString", "coordinates": [[-18.28, -2.0], [-19.47, -0.27]]}, "properties": {"nationality": "Dutch", "year": 1789}}, {"type": "Feature", "geometry": {"type": "LineString", "coordinates": [[-18.7, -28.57], [-16.3, -29.97]]}, "properties": {"nationality": "Dutch", "year": 1790}}, {"type": "Feature", "geometry": {"type": "LineString", "coordinates": [[20.65, -35.35], [20.48, -35.35]]}, "properties": {"nationality": "Dutch", "year": 1831}}, {"type": "Feature", "geometry": {"type": "LineString", "coordinates": [[-11.02, -10.98], [-12.63, -9.48]]}, "properties": {"nationality": "Dutch", "year": 1834}}, {"type": "Feature", "geometry": {"type": "LineString", "coordinates": [[81.55, -38.27], [83.32, -37.35]]}, "properties": {"nationality": "Dutch", "year": 1841}}, {"type": "Feature", "geometry": {"type": "LineString", "coordinates": [[-23.33, 28.9], [-24.95, 27.52]]}, "properties": {"nationality": "Dutch", "year": 1842}}, {"type": "Feature", "geometry": {"type": "LineString", "coordinates": [[-19.95, 43.78], [-18.68, 45.07]]}, "properties": {"nationality": "Dutch", "year": 1838}}, {"type": "Feature", "geometry": {"type": "LineString", "coordinates": [[-34.08, 40.69], [-30.0, 42.24]]}, "properties": {"nationality": "Dutch", "year": 1816}}, {"type": "Feature", "geometry": {"type": "LineString", "coordinates": [[70.73, -23.37], [70.72, -23.33]]}, "properties": {"nationality": "Dutch", "year": 1847}}, {"type": "Feature", "geometry": {"type": "LineString", "coordinates": [[97.25, -5.55], [97.45, -5.72]]}, "properties": {"nationality": "Dutch", "year": 1783}}, {"type": "Feature", "geometry": {"type": "LineString", "coordinates": [[-16.68, 43.8], [-18.5, 43.18]]}, "properties": {"nationality": "Dutch", "year": 1782}}, {"type": "Feature", "geometry": {"type": "LineString", "coordinates": [[-15.85, 6.35], [-15.85, 6.35]]}, "properties": {"nationality": "Dutch", "year": 1788}}, {"type": "Feature", "geometry": {"type": "LineString", "coordinates": [[-19.57, 0.1], [-19.67, 0.42]]}, "properties": {"nationality": "Dutch", "year": 1774}}, {"type": "Feature", "geometry": {"type": "LineString", "coordinates": [[-33.03, 36.87], [-31.92, 37.75]]}, "properties": {"nationality": "Dutch", "year": 1780}}, {"type": "Feature", "geometry": {"type": "LineString", "coordinates": [[-3.92, 50.03], [-1.12, 50.45]]}, "properties": {"nationality": "Dutch", "year": 1842}}, {"type": "Feature", "geometry": {"type": "LineString", "coordinates": [[93.22, -33.3], [97.05, -31.07]]}, "properties": {"nationality": "Dutch", "year": 1850}}, {"type": "Feature", "geometry": {"type": "LineString", "coordinates": [[-47.83, 4.65], [-48.63, 4.65]]}, "properties": {"nationality": "Dutch", "year": 1751}}, {"type": "Feature", "geometry": {"type": "LineString", "coordinates": [[19.17, -35.05], [21.83, -35.5]]}, "properties": {"nationality": "Dutch", "year": 1786}}, {"type": "Feature", "geometry": {"type": "LineString", "coordinates": [[98.23, -25.28], [100.04, -22.8]]}, "properties": {"nationality": "Dutch", "year": 1846}}, {"type": "Feature", "geometry": {"type": "LineString", "coordinates": [[55.17, -28.07], [53.93, -28.48]]}, "properties": {"nationality": "Dutch", "year": 1827}}, {"type": "Feature", "geometry": {"type": "LineString", "coordinates": [[-31.49, 38.86], [-30.47, 39.1]]}, "properties": {"nationality": "Dutch", "year": 1819}}, {"type": "Feature", "geometry": {"type": "LineString", "coordinates": [[-21.6, 6.15], [-20.72, 4.23]]}, "properties": {"nationality": "Dutch", "year": 1838}}, {"type": "Feature", "geometry": {"type": "LineString", "coordinates": [[-12.9, 46.43], [-12.57, 48.47]]}, "properties": {"nationality": "Dutch", "year": 1829}}, {"type": "Feature", "geometry": {"type": "LineString", "coordinates": [[-42.4, 25.92], [-42.92, 26.85]]}, "properties": {"nationality": "Dutch", "year": 1753}}, {"type": "Feature", "geometry": {"type": "LineString", "coordinates": [[66.53, -37.92], [69.67, -37.88]]}, "properties": {"nationality": "Dutch", "year": 1832}}, {"type": "Feature", "geometry": {"type": "LineString", "coordinates": [[-56.72, 22.82], [-56.8, 25.32]]}, "properties": {"nationality": "Dutch", "year": 1843}}, {"type": "Feature", "geometry": {"type": "LineString", "coordinates": [[29.48, -40.53], [26.58, -40.27]]}, "properties": {"nationality": "Dutch", "year": 1849}}, {"type": "Feature", "geometry": {"type": "LineString", "coordinates": [[-12.15, -9.8], [-14.27, -8.45]]}, "properties": {"nationality": "Dutch", "year": 1836}}, {"type": "Feature", "geometry": {"type": "LineString", "coordinates": [[-33.72, 19.95], [-33.7, 21.6]]}, "properties": {"nationality": "Dutch", "year": 1845}}, {"type": "Feature", "geometry": {"type": "LineString", "coordinates": [[19.05, -35.25], [18.18, -35.0]]}, "properties": {"nationality": "Dutch", "year": 1839}}, {"type": "Feature", "geometry": {"type": "LineString", "coordinates": [[-8.2, 47.47], [-8.88, 45.75]]}, "properties": {"nationality": "Dutch", "year": 1847}}, {"type": "Feature", "geometry": {"type": "LineString", "coordinates": [[11.72, -38.8], [15.88, -39.03]]}, "properties": {"nationality": "Dutch", "year": 1849}}, {"type": "Feature", "geometry": {"type": "LineString", "coordinates": [[-24.62, 22.3], [-26.35, 19.1]]}, "properties": {"nationality": "Dutch", "year": 1843}}, {"type": "Feature", "geometry": {"type": "LineString", "coordinates": [[72.85, -22.03], [70.79, -22.76]]}, "properties": {"nationality": "Dutch", "year": 1830}}, {"type": "Feature", "geometry": {"type": "LineString", "coordinates": [[103.22, -8.27], [102.43, -8.6]]}, "properties": {"nationality": "Dutch", "year": 1759}}, {"type": "Feature", "geometry": {"type": "LineString", "coordinates": [[105.35, -6.3], [106.05, -5.75]]}, "properties": {"nationality": "Dutch", "year": 1843}}, {"type": "Feature", "geometry": {"type": "LineString", "coordinates": [[-26.02, -29.72], [-25.8, -30.72]]}, "properties": {"nationality": "Dutch", "year": 1822}}, {"type": "Feature", "geometry": {"type": "LineString", "coordinates": [[-35.97, -12.0], [-31.98, -11.0]]}, "properties": {"nationality": "Dutch", "year": 1845}}, {"type": "Feature", "geometry": {"type": "LineString", "coordinates": [[-8.33, 49.25], [-5.38, 49.73]]}, "properties": {"nationality": "Dutch", "year": 1832}}, {"type": "Feature", "geometry": {"type": "LineString", "coordinates": [[-40.28, 35.67], [-38.91, 35.35]]}, "properties": {"nationality": "Dutch", "year": 1753}}, {"type": "Feature", "geometry": {"type": "LineString", "coordinates": [[-20.2, 10.71], [-19.4, 10.34]]}, "properties": {"nationality": "Dutch", "year": 1827}}, {"type": "Feature", "geometry": {"type": "LineString", "coordinates": [[-25.88, 15.38], [-24.93, 13.7]]}, "properties": {"nationality": "Dutch", "year": 1848}}, {"type": "Feature", "geometry": {"type": "LineString", "coordinates": [[-15.02, 45.2], [-13.27, 45.67]]}, "properties": {"nationality": "Dutch", "year": 1849}}, {"type": "Feature", "geometry": {"type": "LineString", "coordinates": [[-56.2, 9.03], [-56.33, 10.58]]}, "properties": {"nationality": "Dutch", "year": 1799}}, {"type": "Feature", "geometry": {"type": "LineString", "coordinates": [[97.96, -9.03], [95.77, -9.1]]}, "properties": {"nationality": "Dutch", "year": 1785}}, {"type": "Feature", "geometry": {"type": "LineString", "coordinates": [[-22.63, 24.77], [-24.65, 23.7]]}, "properties": {"nationality": "Dutch", "year": 1817}}, {"type": "Feature", "geometry": {"type": "LineString", "coordinates": [[-28.32, -0.64], [-30.03, 0.0]]}, "properties": {"nationality": "Dutch", "year": 1757}}, {"type": "Feature", "geometry": {"type": "LineString", "coordinates": [[-21.07, 23.4], [-21.62, 20.85]]}, "properties": {"nationality": "Dutch", "year": 1791}}, {"type": "Feature", "geometry": {"type": "LineString", "coordinates": [[-35.77, 19.43], [-36.67, 20.13]]}, "properties": {"nationality": "Dutch", "year": 1845}}, {"type": "Feature", "geometry": {"type": "LineString", "coordinates": [[-68.63, 12.22], [-68.41, 13.45]]}, "properties": {"nationality": "Dutch", "year": 1832}}, {"type": "Feature", "geometry": {"type": "LineString", "coordinates": [[-29.1, -10.3], [-29.1, -10.25]]}, "properties": {"nationality": "Dutch", "year": 1838}}, {"type": "Feature", "geometry": {"type": "LineString", "coordinates": [[-28.8, -17.02], [-28.25, -17.53]]}, "properties": {"nationality": "Dutch", "year": 1792}}, {"type": "Feature", "geometry": {"type": "LineString", "coordinates": [[-11.25, 61.62], [-11.45, 61.57]]}, "properties": {"nationality": "Dutch", "year": 1796}}, {"type": "Feature", "geometry": {"type": "LineString", "coordinates": [[-41.55, 37.77], [-39.58, 38.83]]}, "properties": {"nationality": "Dutch", "year": 1776}}, {"type": "Feature", "geometry": {"type": "LineString", "coordinates": [[11.0, 79.7], [11.0, 79.7]]}, "properties": {"nationality": "Dutch", "year": 1770}}, {"type": "Feature", "geometry": {"type": "LineString", "coordinates": [[-36.58, 35.97], [-35.73, 37.63]]}, "properties": {"nationality": "Dutch", "year": 1844}}, {"type": "Feature", "geometry": {"type": "LineString", "coordinates": [[74.83, -32.42], [77.58, -32.13]]}, "properties": {"nationality": "Dutch", "year": 1842}}, {"type": "Feature", "geometry": {"type": "LineString", "coordinates": [[-22.12, 45.02], [-16.13, 47.75]]}, "properties": {"nationality": "Dutch", "year": 1839}}, {"type": "Feature", "geometry": {"type": "LineString", "coordinates": [[-24.6, 44.57], [-21.27, 45.18]]}, "properties": {"nationality": "Dutch", "year": 1829}}, {"type": "Feature", "geometry": {"type": "LineString", "coordinates": [[25.12, -38.63], [29.12, -39.17]]}, "properties": {"nationality": "Dutch", "year": 1848}}, {"type": "Feature", "geometry": {"type": "LineString", "coordinates": [[-1.58, 72.1], [-2.07, 71.37]]}, "properties": {"nationality": "Dutch", "year": 1789}}, {"type": "Feature", "geometry": {"type": "LineString", "coordinates": [[-16.4, 29.08], [-17.35, 28.47]]}, "properties": {"nationality": "Dutch", "year": 1817}}, {"type": "Feature", "geometry": {"type": "LineString", "coordinates": [[-29.13, 38.1], [-27.23, 40.25]]}, "properties": {"nationality": "Dutch", "year": 1838}}, {"type": "Feature", "geometry": {"type": "LineString", "coordinates": [[-14.55, 6.85], [-13.13, 6.22]]}, "properties": {"nationality": "Dutch", "year": 1819}}, {"type": "Feature", "geometry": {"type": "LineString", "coordinates": [[11.1, -28.07], [9.0, -26.35]]}, "properties": {"nationality": "Dutch", "year": 1841}}, {"type": "Feature", "geometry": {"type": "LineString", "coordinates": [[2.32, 51.48], [3.42, 52.38]]}, "properties": {"nationality": "Dutch", "year": 1845}}, {"type": "Feature", "geometry": {"type": "LineString", "coordinates": [[-7.4, -36.23], [-6.93, -36.67]]}, "properties": {"nationality": "Dutch", "year": 1848}}, {"type": "Feature", "geometry": {"type": "LineString", "coordinates": [[20.32, -34.78], [16.97, -34.72]]}, "properties": {"nationality": "Dutch", "year": 1835}}, {"type": "Feature", "geometry": {"type": "LineString", "coordinates": [[-65.48, 20.38], [-64.82, 18.98]]}, "properties": {"nationality": "Dutch", "year": 1836}}, {"type": "Feature", "geometry": {"type": "LineString", "coordinates": [[-29.17, -24.45], [-29.17, -24.45]]}, "properties": {"nationality": "Dutch", "year": 1837}}, {"type": "Feature", "geometry": {"type": "LineString", "coordinates": [[-32.7, 24.97], [-34.05, 24.3]]}, "properties": {"nationality": "Dutch", "year": 1761}}, {"type": "Feature", "geometry": {"type": "LineString", "coordinates": [[-23.22, 3.48], [-25.29, 3.71]]}, "properties": {"nationality": "Dutch", "year": 1819}}, {"type": "Feature", "geometry": {"type": "LineString", "coordinates": [[95.68, -14.43], [97.18, -12.58]]}, "properties": {"nationality": "Dutch", "year": 1834}}, {"type": "Feature", "geometry": {"type": "LineString", "coordinates": [[-22.87, 31.5], [-25.08, 31.13]]}, "properties": {"nationality": "Dutch", "year": 1825}}, {"type": "Feature", "geometry": {"type": "LineString", "coordinates": [[-17.15, 9.68], [-16.48, 9.07]]}, "properties": {"nationality": "Dutch", "year": 1759}}, {"type": "Feature", "geometry": {"type": "LineString", "coordinates": [[-9.07, 4.63], [-8.34, 4.15]]}, "properties": {"nationality": "Dutch", "year": 1824}}, {"type": "Feature", "geometry": {"type": "LineString", "coordinates": [[-26.93, -26.35], [-25.1, -27.68]]}, "properties": {"nationality": "Dutch", "year": 1816}}, {"type": "Feature", "geometry": {"type": "LineString", "coordinates": [[-17.1, 25.02], [-18.12, 23.7]]}, "properties": {"nationality": "Dutch", "year": 1850}}, {"type": "Feature", "geometry": {"type": "LineString", "coordinates": [[74.27, -24.77], [71.58, -25.27]]}, "properties": {"nationality": "Dutch", "year": 1848}}, {"type": "Feature", "geometry": {"type": "LineString", "coordinates": [[-34.02, 13.27], [-35.13, 14.47]]}, "properties": {"nationality": "Dutch", "year": 1750}}, {"type": "Feature", "geometry": {"type": "LineString", "coordinates": [[-51.52, 35.45], [-50.13, 36.13]]}, "properties": {"nationality": "Dutch", "year": 1751}}, {"type": "Feature", "geometry": {"type": "LineString", "coordinates": [[93.27, -31.47], [93.68, -29.77]]}, "properties": {"nationality": "Dutch", "year": 1837}}, {"type": "Feature", "geometry": {"type": "LineString", "coordinates": [[99.87, -5.0], [100.4, -5.28]]}, "properties": {"nationality": "Dutch", "year": 1783}}, {"type": "Feature", "geometry": {"type": "LineString", "coordinates": [[-37.07, 26.0], [-35.83, 27.25]]}, "properties": {"nationality": "Dutch", "year": 1846}}, {"type": "Feature", "geometry": {"type": "LineString", "coordinates": [[-16.42, 32.22], [-18.1, 29.75]]}, "properties": {"nationality": "Dutch", "year": 1844}}, {"type": "Feature", "geometry": {"type": "LineString", "coordinates": [[-14.98, 7.48], [-14.68, 7.33]]}, "properties": {"nationality": "Dutch", "year": 1768}}, {"type": "Feature", "geometry": {"type": "LineString", "coordinates": [[-16.42, -30.13], [-14.37, -31.93]]}, "properties": {"nationality": "Dutch", "year": 1820}}, {"type": "Feature", "geometry": {"type": "LineString", "coordinates": [[23.83, -35.0], [22.81, -34.92]]}, "properties": {"nationality": "Dutch", "year": 1836}}, {"type": "Feature", "geometry": {"type": "LineString", "coordinates": [[6.83, 1.62], [7.88, 1.4]]}, "properties": {"nationality": "Dutch", "year": 1771}}, {"type": "Feature", "geometry": {"type": "LineString", "coordinates": [[-3.85, -1.62], [-5.48, -1.57]]}, "properties": {"nationality": "Dutch", "year": 1751}}, {"type": "Feature", "geometry": {"type": "LineString", "coordinates": [[90.65, -13.48], [89.02, -14.5]]}, "properties": {"nationality": "Dutch", "year": 1769}}, {"type": "Feature", "geometry": {"type": "LineString", "coordinates": [[-24.8, 15.02], [-26.28, 16.82]]}, "properties": {"nationality": "Dutch", "year": 1836}}, {"type": "Feature", "geometry": {"type": "LineString", "coordinates": [[-20.96, 26.38], [-21.16, 25.63]]}, "properties": {"nationality": "Dutch", "year": 1763}}, {"type": "Feature", "geometry": {"type": "LineString", "coordinates": [[-37.7, 18.2], [-38.0, 18.85]]}, "properties": {"nationality": "Dutch", "year": 1842}}, {"type": "Feature", "geometry": {"type": "LineString", "coordinates": [[-12.07, 6.27], [-10.97, 5.88]]}, "properties": {"nationality": "Dutch", "year": 1829}}, {"type": "Feature", "geometry": {"type": "LineString", "coordinates": [[16.15, -33.88], [12.85, -31.65]]}, "properties": {"nationality": "Dutch", "year": 1840}}, {"type": "Feature", "geometry": {"type": "LineString", "coordinates": [[-5.5, 49.27], [-5.5, 48.82]]}, "properties": {"nationality": "Dutch", "year": 1764}}, {"type": "Feature", "geometry": {"type": "LineString", "coordinates": [[96.78, -32.83], [97.18, -30.73]]}, "properties": {"nationality": "Dutch", "year": 1847}}, {"type": "Feature", "geometry": {"type": "LineString", "coordinates": [[-25.53, 13.03], [-25.32, 11.43]]}, "properties": {"nationality": "Dutch", "year": 1849}}, {"type": "Feature", "geometry": {"type": "LineString", "coordinates": [[77.53, -18.92], [76.58, -19.05]]}, "properties": {"nationality": "Dutch", "year": 1789}}, {"type": "Feature", "geometry": {"type": "LineString", "coordinates": [[-40.53, 25.63], [-41.38, 26.83]]}, "properties": {"nationality": "Dutch", "year": 1847}}, {"type": "Feature", "geometry": {"type": "LineString", "coordinates": [[-25.84, -6.7], [-27.3, -8.77]]}, "properties": {"nationality": "Dutch", "year": 1846}}, {"type": "Feature", "geometry": {"type": "LineString", "coordinates": [[63.55, -28.28], [60.38, -27.85]]}, "properties": {"nationality": "Dutch", "year": 1826}}, {"type": "Feature", "geometry": {"type": "LineString", "coordinates": [[114.67, -13.05], [114.88, -13.58]]}, "properties": {"nationality": "Dutch", "year": 1837}}, {"type": "Feature", "geometry": {"type": "LineString", "coordinates": [[-34.15, 15.45], [-34.58, 15.97]]}, "properties": {"nationality": "Dutch", "year": 1846}}, {"type": "Feature", "geometry": {"type": "LineString", "coordinates": [[-22.82, 0.5], [-23.65, 3.25]]}, "properties": {"nationality": "Dutch", "year": 1848}}, {"type": "Feature", "geometry": {"type": "LineString", "coordinates": [[-20.18, 12.83], [-19.97, 11.73]]}, "properties": {"nationality": "Dutch", "year": 1755}}, {"type": "Feature", "geometry": {"type": "LineString", "coordinates": [[-29.41, 50.52], [-28.84, 51.32]]}, "properties": {"nationality": "Dutch", "year": 1753}}, {"type": "Feature", "geometry": {"type": "LineString", "coordinates": [[15.38, -35.65], [17.53, -34.97]]}, "properties": {"nationality": "Dutch", "year": 1791}}, {"type": "Feature", "geometry": {"type": "LineString", "coordinates": [[-85.05, 25.94], [-84.83, 24.26]]}, "properties": {"nationality": "Dutch", "year": 1827}}, {"type": "Feature", "geometry": {"type": "LineString", "coordinates": [[-20.72, 28.25], [-20.97, 26.21]]}, "properties": {"nationality": "Dutch", "year": 1839}}, {"type": "Feature", "geometry": {"type": "LineString", "coordinates": [[-46.7, 28.38], [-46.0, 28.48]]}, "properties": {"nationality": "Dutch", "year": 1778}}, {"type": "Feature", "geometry": {"type": "LineString", "coordinates": [[-38.2, 32.0], [-37.17, 33.08]]}, "properties": {"nationality": "Dutch", "year": 1826}}, {"type": "Feature", "geometry": {"type": "LineString", "coordinates": [[-64.95, -48.9], [-63.37, -51.4]]}, "properties": {"nationality": "Dutch", "year": 1850}}, {"type": "Feature", "geometry": {"type": "LineString", "coordinates": [[-42.48, 36.3], [-43.17, 36.97]]}, "properties": {"nationality": "Dutch", "year": 1778}}, {"type": "Feature", "geometry": {"type": "LineString", "coordinates": [[91.1, -35.6], [93.92, -33.7]]}, "properties": {"nationality": "Dutch", "year": 1850}}, {"type": "Feature", "geometry": {"type": "LineString", "coordinates": [[-12.22, 49.48], [-10.58, 50.12]]}, "properties": {"nationality": "Dutch", "year": 1778}}, {"type": "Feature", "geometry": {"type": "LineString", "coordinates": [[-1.68, 45.57], [-3.28, 46.68]]}, "properties": {"nationality": "Dutch", "year": 1785}}, {"type": "Feature", "geometry": {"type": "LineString", "coordinates": [[-16.53, 33.4], [-16.2, 33.37]]}, "properties": {"nationality": "Dutch", "year": 1847}}, {"type": "Feature", "geometry": {"type": "LineString", "coordinates": [[-20.92, 2.78], [-18.5, 2.82]]}, "properties": {"nationality": "Dutch", "year": 1838}}, {"type": "Feature", "geometry": {"type": "LineString", "coordinates": [[21.33, -35.05], [21.12, -35.77]]}, "properties": {"nationality": "Dutch", "year": 1850}}, {"type": "Feature", "geometry": {"type": "LineString", "coordinates": [[-23.63, 10.4], [-19.08, 6.12]]}, "properties": {"nationality": "Dutch", "year": 1818}}, {"type": "Feature", "geometry": {"type": "LineString", "coordinates": [[8.57, -33.35], [9.63, -34.1]]}, "properties": {"nationality": "Dutch", "year": 1841}}, {"type": "Feature", "geometry": {"type": "LineString", "coordinates": [[-15.9, -7.45], [-17.77, -5.23]]}, "properties": {"nationality": "Dutch", "year": 1842}}, {"type": "Feature", "geometry": {"type": "LineString", "coordinates": [[-23.78, 10.62], [-23.57, 10.75]]}, "properties": {"nationality": "Dutch", "year": 1836}}, {"type": "Feature", "geometry": {"type": "LineString", "coordinates": [[-41.4, 30.55], [-40.8, 31.28]]}, "properties": {"nationality": "Dutch", "year": 1836}}, {"type": "Feature", "geometry": {"type": "LineString", "coordinates": [[-26.87, -2.53], [-28.47, -5.35]]}, "properties": {"nationality": "Dutch", "year": 1835}}, {"type": "Feature", "geometry": {"type": "LineString", "coordinates": [[52.53, -26.53], [49.38, -27.53]]}, "properties": {"nationality": "Dutch", "year": 1833}}, {"type": "Feature", "geometry": {"type": "LineString", "coordinates": [[123.17, 26.43], [123.83, 27.3]]}, "properties": {"nationality": "Dutch", "year": 1833}}, {"type": "Feature", "geometry": {"type": "LineString", "coordinates": [[83.12, -16.9], [80.67, -17.8]]}, "properties": {"nationality": "Dutch", "year": 1842}}, {"type": "Feature", "geometry": {"type": "LineString", "coordinates": [[41.48, -39.75], [46.55, -40.42]]}, "properties": {"nationality": "Dutch", "year": 1834}}, {"type": "Feature", "geometry": {"type": "LineString", "coordinates": [[85.12, -16.42], [82.18, -18.07]]}, "properties": {"nationality": "Dutch", "year": 1845}}, {"type": "Feature", "geometry": {"type": "LineString", "coordinates": [[8.73, 1.18], [9.03, 1.0]]}, "properties": {"nationality": "Dutch", "year": 1840}}, {"type": "Feature", "geometry": {"type": "LineString", "coordinates": [[-10.6, 46.78], [-12.03, 43.87]]}, "properties": {"nationality": "Dutch", "year": 1847}}, {"type": "Feature", "geometry": {"type": "LineString", "coordinates": [[85.67, -18.68], [83.67, -19.42]]}, "properties": {"nationality": "Dutch", "year": 1790}}, {"type": "Feature", "geometry": {"type": "LineString", "coordinates": [[26.98, -43.23], [26.82, -42.48]]}, "properties": {"nationality": "Dutch", "year": 1838}}, {"type": "Feature", "geometry": {"type": "LineString", "coordinates": [[22.02, -36.33], [20.27, -35.83]]}, "properties": {"nationality": "Dutch", "year": 1845}}, {"type": "Feature", "geometry": {"type": "LineString", "coordinates": [[-27.83, -7.5], [-28.73, -10.1]]}, "properties": {"nationality": "Dutch", "year": 1850}}, {"type": "Feature", "geometry": {"type": "LineString", "coordinates": [[-39.9, 21.37], [-40.7, 23.03]]}, "properties": {"nationality": "Dutch", "year": 1820}}, {"type": "Feature", "geometry": {"type": "LineString", "coordinates": [[84.38, 17.98], [84.45, 17.98]]}, "properties": {"nationality": "Dutch", "year": 1753}}, {"type": "Feature", "geometry": {"type": "LineString", "coordinates": [[-14.58, 49.93], [-14.08, 49.1]]}, "properties": {"nationality": "Dutch", "year": 1820}}, {"type": "Feature", "geometry": {"type": "LineString", "coordinates": [[-58.18, 18.65], [-58.0, 20.13]]}, "properties": {"nationality": "Dutch", "year": 1839}}, {"type": "Feature", "geometry": {"type": "LineString", "coordinates": [[25.08, -37.95], [26.53, -36.57]]}, "properties": {"nationality": "Dutch", "year": 1788}}, {"type": "Feature", "geometry": {"type": "LineString", "coordinates": [[46.05, -38.23], [49.13, -38.08]]}, "properties": {"nationality": "Dutch", "year": 1838}}, {"type": "Feature", "geometry": {"type": "LineString", "coordinates": [[-0.05, 66.7], [-1.78, 67.3]]}, "properties": {"nationality": "Dutch", "year": 1785}}, {"type": "Feature", "geometry": {"type": "LineString", "coordinates": [[-27.48, -30.65], [-23.47, -30.0]]}, "properties": {"nationality": "Dutch", "year": 1846}}, {"type": "Feature", "geometry": {"type": "LineString", "coordinates": [[-8.27, -14.03], [-9.22, -13.2]]}, "properties": {"nationality": "Dutch", "year": 1843}}, {"type": "Feature", "geometry": {"type": "LineString", "coordinates": [[-26.35, 41.65], [-24.47, 42.0]]}, "properties": {"nationality": "Dutch", "year": 1762}}, {"type": "Feature", "geometry": {"type": "LineString", "coordinates": [[-28.78, -12.33], [-29.33, -14.3]]}, "properties": {"nationality": "Dutch", "year": 1850}}, {"type": "Feature", "geometry": {"type": "LineString", "coordinates": [[51.58, -40.08], [55.28, -40.07]]}, "properties": {"nationality": "Dutch", "year": 1847}}, {"type": "Feature", "geometry": {"type": "LineString", "coordinates": [[-3.38, 1.08], [-4.22, 1.15]]}, "properties": {"nationality": "Dutch", "year": 1787}}, {"type": "Feature", "geometry": {"type": "LineString", "coordinates": [[25.87, -38.03], [26.12, -38.03]]}, "properties": {"nationality": "Dutch", "year": 1839}}, {"type": "Feature", "geometry": {"type": "LineString", "coordinates": [[-12.05, 48.03], [-9.74, 48.9]]}, "properties": {"nationality": "Dutch", "year": 1786}}, {"type": "Feature", "geometry": {"type": "LineString", "coordinates": [[-25.37, 45.18], [-22.39, 46.23]]}, "properties": {"nationality": "Dutch", "year": 1850}}, {"type": "Feature", "geometry": {"type": "LineString", "coordinates": [[0.26, -22.92], [-1.56, -21.52]]}, "properties": {"nationality": "Dutch", "year": 1847}}, {"type": "Feature", "geometry": {"type": "LineString", "coordinates": [[-18.67, 3.27], [-18.58, 3.28]]}, "properties": {"nationality": "Dutch", "year": 1838}}, {"type": "Feature", "geometry": {"type": "LineString", "coordinates": [[98.25, -13.12], [95.03, -14.45]]}, "properties": {"nationality": "Dutch", "year": 1841}}, {"type": "Feature", "geometry": {"type": "LineString", "coordinates": [[36.28, -35.97], [37.73, -35.82]]}, "properties": {"nationality": "Dutch", "year": 1843}}, {"type": "Feature", "geometry": {"type": "LineString", "coordinates": [[-6.62, 48.42], [-6.1, 47.48]]}, "properties": {"nationality": "Dutch", "year": 1802}}, {"type": "Feature", "geometry": {"type": "LineString", "coordinates": [[0.12, -16.25], [-1.81, -14.97]]}, "properties": {"nationality": "Dutch", "year": 1753}}, {"type": "Feature", "geometry": {"type": "LineString", "coordinates": [[36.1, -32.93], [36.1, -32.93]]}, "properties": {"nationality": "Dutch", "year": 1750}}, {"type": "Feature", "geometry": {"type": "LineString", "coordinates": [[15.35, -34.52], [12.68, -32.32]]}, "properties": {"nationality": "Dutch", "year": 1850}}, {"type": "Feature", "geometry": {"type": "LineString", "coordinates": [[-9.23, -12.49], [-10.85, -11.27]]}, "properties": {"nationality": "Dutch", "year": 1845}}, {"type": "Feature", "geometry": {"type": "LineString", "coordinates": [[36.3, -31.1], [35.1, -30.6]]}, "properties": {"nationality": "Dutch", "year": 1842}}, {"type": "Feature", "geometry": {"type": "LineString", "coordinates": [[27.9, -34.2], [28.83, -33.88]]}, "properties": {"nationality": "Dutch", "year": 1772}}, {"type": "Feature", "geometry": {"type": "LineString", "coordinates": [[-33.43, 31.5], [-34.62, 31.18]]}, "properties": {"nationality": "Dutch", "year": 1825}}, {"type": "Feature", "geometry": {"type": "LineString", "coordinates": [[24.82, -38.02], [26.53, -38.42]]}, "properties": {"nationality": "Dutch", "year": 1847}}, {"type": "Feature", "geometry": {"type": "LineString", "coordinates": [[-22.6, 7.13], [-23.67, 10.07]]}, "properties": {"nationality": "Dutch", "year": 1826}}, {"type": "Feature", "geometry": {"type": "LineString", "coordinates": [[-25.87, -22.83], [-25.38, -23.93]]}, "properties": {"nationality": "Dutch", "year": 1767}}, {"type": "Feature", "geometry": {"type": "LineString", "coordinates": [[46.41, -28.08], [44.28, -28.5]]}, "properties": {"nationality": "Dutch", "year": 1786}}, {"type": "Feature", "geometry": {"type": "LineString", "coordinates": [[-17.15, 35.02], [-17.7, 33.0]]}, "properties": {"nationality": "Dutch", "year": 1790}}, {"type": "Feature", "geometry": {"type": "LineString", "coordinates": [[-28.32, -16.0], [-28.83, -17.87]]}, "properties": {"nationality": "Dutch", "year": 1847}}, {"type": "Feature", "geometry": {"type": "LineString", "coordinates": [[-9.1, -35.67], [-7.09, -35.52]]}, "properties": {"nationality": "Dutch", "year": 1791}}, {"type": "Feature", "geometry": {"type": "LineString", "coordinates": [[-13.87, 45.17], [-11.23, 47.09]]}, "properties": {"nationality": "Dutch", "year": 1841}}, {"type": "Feature", "geometry": {"type": "LineString", "coordinates": [[80.88, -15.93], [77.03, -17.33]]}, "properties": {"nationality": "Dutch", "year": 1847}}, {"type": "Feature", "geometry": {"type": "LineString", "coordinates": [[21.27, -35.43], [21.27, -35.38]]}, "properties": {"nationality": "Dutch", "year": 1842}}, {"type": "Feature", "geometry": {"type": "LineString", "coordinates": [[60.13, -38.38], [63.05, -38.4]]}, "properties": {"nationality": "Dutch", "year": 1840}}, {"type": "Feature", "geometry": {"type": "LineString", "coordinates": [[-30.92, 39.68], [-30.92, 39.68]]}, "properties": {"nationality": "Dutch", "year": 1839}}, {"type": "Feature", "geometry": {"type": "LineString", "coordinates": [[106.85, -0.5], [106.88, -2.1]]}, "properties": {"nationality": "Dutch", "year": 1832}}, {"type": "Feature", "geometry": {"type": "LineString", "coordinates": [[-10.58, 48.38], [-6.62, 48.95]]}, "properties": {"nationality": "Dutch", "year": 1845}}, {"type": "Feature", "geometry": {"type": "LineString", "coordinates": [[76.9, -16.43], [73.62, -17.6]]}, "properties": {"nationality": "Dutch", "year": 1843}}, {"type": "Feature", "geometry": {"type": "LineString", "coordinates": [[17.35, -34.95], [14.75, -32.95]]}, "properties": {"nationality": "Dutch", "year": 1847}}, {"type": "Feature", "geometry": {"type": "LineString", "coordinates": [[-20.98, 31.83], [-22.27, 30.1]]}, "properties": {"nationality": "Dutch", "year": 1815}}, {"type": "Feature", "geometry": {"type": "LineString", "coordinates": [[69.71, 9.22], [72.15, 9.12]]}, "properties": {"nationality": "Dutch", "year": 1771}}, {"type": "Feature", "geometry": {"type": "LineString", "coordinates": [[-17.57, 37.5], [-18.93, 34.75]]}, "properties": {"nationality": "Dutch", "year": 1840}}, {"type": "Feature", "geometry": {"type": "LineString", "coordinates": [[102.1, -26.28], [103.12, -24.95]]}, "properties": {"nationality": "Dutch", "year": 1847}}, {"type": "Feature", "geometry": {"type": "LineString", "coordinates": [[85.33, 19.08], [85.25, 18.52]]}, "properties": {"nationality": "Dutch", "year": 1753}}, {"type": "Feature", "geometry": {"type": "LineString", "coordinates": [[-2.65, -17.33], [-2.65, -17.33]]}, "properties": {"nationality": "Dutch", "year": 1750}}, {"type": "Feature", "geometry": {"type": "LineString", "coordinates": [[71.29, -22.36], [68.38, -23.68]]}, "properties": {"nationality": "Dutch", "year": 1841}}, {"type": "Feature", "geometry": {"type": "LineString", "coordinates": [[102.24, 2.17], [102.24, 2.17]]}, "properties": {"nationality": "Dutch", "year": 1784}}, {"type": "Feature", "geometry": {"type": "LineString", "coordinates": [[-29.35, -5.47], [-30.28, -7.43]]}, "properties": {"nationality": "Dutch", "year": 1837}}, {"type": "Feature", "geometry": {"type": "LineString", "coordinates": [[18.52, -35.15], [19.25, -35.25]]}, "properties": {"nationality": "Dutch", "year": 1850}}, {"type": "Feature", "geometry": {"type": "LineString", "coordinates": [[-68.9, 12.07], [-67.99, 13.75]]}, "properties": {"nationality": "Dutch", "year": 1841}}, {"type": "Feature", "geometry": {"type": "LineString", "coordinates": [[-23.28, 10.23], [-22.58, 9.73]]}, "properties": {"nationality": "Dutch", "year": 1841}}, {"type": "Feature", "geometry": {"type": "LineString", "coordinates": [[102.15, -18.97], [102.75, -17.08]]}, "properties": {"nationality": "Dutch", "year": 1839}}, {"type": "Feature", "geometry": {"type": "LineString", "coordinates": [[9.15, -33.52], [8.9, -33.75]]}, "properties": {"nationality": "Dutch", "year": 1849}}, {"type": "Feature", "geometry": {"type": "LineString", "coordinates": [[-28.0, 42.12], [-25.1, 43.4]]}, "properties": {"nationality": "Dutch", "year": 1847}}, {"type": "Feature", "geometry": {"type": "LineString", "coordinates": [[14.25, -31.67], [12.35, -30.15]]}, "properties": {"nationality": "Dutch", "year": 1839}}, {"type": "Feature", "geometry": {"type": "LineString", "coordinates": [[-45.93, 33.8], [-45.3, 35.12]]}, "properties": {"nationality": "Dutch", "year": 1845}}, {"type": "Feature", "geometry": {"type": "LineString", "coordinates": [[-20.27, -2.02], [-21.17, -3.88]]}, "properties": {"nationality": "Dutch", "year": 1847}}, {"type": "Feature", "geometry": {"type": "LineString", "coordinates": [[1.27, -35.52], [-0.71, -35.98]]}, "properties": {"nationality": "Dutch", "year": 1817}}, {"type": "Feature", "geometry": {"type": "LineString", "coordinates": [[0.23, 60.58], [1.22, 60.2]]}, "properties": {"nationality": "Dutch", "year": 1793}}, {"type": "Feature", "geometry": {"type": "LineString", "coordinates": [[-2.67, -34.53], [-1.43, -34.95]]}, "properties": {"nationality": "Dutch", "year": 1837}}, {"type": "Feature", "geometry": {"type": "LineString", "coordinates": [[-26.45, -6.35], [-27.9, -9.32]]}, "properties": {"nationality": "Dutch", "year": 1846}}, {"type": "Feature", "geometry": {"type": "LineString", "coordinates": [[-10.92, -10.47], [-12.35, -9.05]]}, "properties": {"nationality": "Dutch", "year": 1839}}, {"type": "Feature", "geometry": {"type": "LineString", "coordinates": [[19.1, -39.02], [23.48, -39.23]]}, "properties": {"nationality": "Dutch", "year": 1847}}, {"type": "Feature", "geometry": {"type": "LineString", "coordinates": [[44.07, -31.13], [43.0, -30.75]]}, "properties": {"nationality": "Dutch", "year": 1840}}, {"type": "Feature", "geometry": {"type": "LineString", "coordinates": [[11.29, -30.9], [9.13, -29.48]]}, "properties": {"nationality": "Dutch", "year": 1847}}, {"type": "Feature", "geometry": {"type": "LineString", "coordinates": [[14.05, -35.08], [15.65, -35.0]]}, "properties": {"nationality": "Dutch", "year": 1847}}, {"type": "Feature", "geometry": {"type": "LineString", "coordinates": [[-20.85, 45.87], [-19.62, 45.3]]}, "properties": {"nationality": "Dutch", "year": 1847}}, {"type": "Feature", "geometry": {"type": "LineString", "coordinates": [[7.68, -25.9], [5.07, -24.33]]}, "properties": {"nationality": "Dutch", "year": 1848}}, {"type": "Feature", "geometry": {"type": "LineString", "coordinates": [[-10.1, -32.62], [-6.67, -33.27]]}, "properties": {"nationality": "Dutch", "year": 1848}}, {"type": "Feature", "geometry": {"type": "LineString", "coordinates": [[-59.27, 29.43], [-57.44, 30.17]]}, "properties": {"nationality": "Dutch", "year": 1841}}, {"type": "Feature", "geometry": {"type": "LineString", "coordinates": [[-8.68, 47.6], [-11.13, 45.92]]}, "properties": {"nationality": "Dutch", "year": 1771}}, {"type": "Feature", "geometry": {"type": "LineString", "coordinates": [[-11.28, 47.55], [-9.42, 48.05]]}, "properties": {"nationality": "Dutch", "year": 1842}}, {"type": "Feature", "geometry": {"type": "LineString", "coordinates": [[10.73, -35.15], [11.48, -35.03]]}, "properties": {"nationality": "Dutch", "year": 1785}}, {"type": "Feature", "geometry": {"type": "LineString", "coordinates": [[-14.36, -7.38], [-15.18, -5.6]]}, "properties": {"nationality": "Dutch", "year": 1786}}, {"type": "Feature", "geometry": {"type": "LineString", "coordinates": [[-55.97, 13.15], [-58.24, 13.09]]}, "properties": {"nationality": "Dutch", "year": 1816}}, {"type": "Feature", "geometry": {"type": "LineString", "coordinates": [[-14.85, 39.67], [-15.22, 37.67]]}, "properties": {"nationality": "Dutch", "year": 1802}}, {"type": "Feature", "geometry": {"type": "LineString", "coordinates": [[-11.6, 61.35], [-11.43, 61.03]]}, "properties": {"nationality": "Dutch", "year": 1796}}, {"type": "Feature", "geometry": {"type": "LineString", "coordinates": [[39.73, -30.53], [38.5, -30.67]]}, "properties": {"nationality": "Dutch", "year": 1843}}, {"type": "Feature", "geometry": {"type": "LineString", "coordinates": [[64.65, -38.65], [67.6, -38.4]]}, "properties": {"nationality": "Dutch", "year": 1847}}, {"type": "Feature", "geometry": {"type": "LineString", "coordinates": [[83.12, -26.13], [84.62, -23.4]]}, "properties": {"nationality": "Dutch", "year": 1819}}, {"type": "Feature", "geometry": {"type": "LineString", "coordinates": [[-33.37, -19.9], [-32.55, -22.13]]}, "properties": {"nationality": "Dutch", "year": 1850}}, {"type": "Feature", "geometry": {"type": "LineString", "coordinates": [[93.42, -31.0], [94.93, -30.45]]}, "properties": {"nationality": "Dutch", "year": 1846}}, {"type": "Feature", "geometry": {"type": "LineString", "coordinates": [[-30.44, -2.67], [-30.99, -4.67]]}, "properties": {"nationality": "Dutch", "year": 1822}}, {"type": "Feature", "geometry": {"type": "LineString", "coordinates": [[-27.2, 18.38], [-27.0, 15.25]]}, "properties": {"nationality": "Dutch", "year": 1836}}, {"type": "Feature", "geometry": {"type": "LineString", "coordinates": [[-18.65, 30.45], [-18.66, 29.8]]}, "properties": {"nationality": "Dutch", "year": 1764}}, {"type": "Feature", "geometry": {"type": "LineString", "coordinates": [[-36.65, -18.38], [-37.37, -20.25]]}, "properties": {"nationality": "Dutch", "year": 1846}}, {"type": "Feature", "geometry": {"type": "LineString", "coordinates": [[-8.65, 4.55], [-7.0, 4.33]]}, "properties": {"nationality": "Dutch", "year": 1794}}, {"type": "Feature", "geometry": {"type": "LineString", "coordinates": [[-20.3, 3.07], [-21.4, 1.5]]}, "properties": {"nationality": "Dutch", "year": 1839}}, {"type": "Feature", "geometry": {"type": "LineString", "coordinates": [[-2.4, 50.17], [-6.72, 49.48]]}, "properties": {"nationality": "Dutch", "year": 1848}}, {"type": "Feature", "geometry": {"type": "LineString", "coordinates": [[-18.48, 31.27], [-20.48, 29.67]]}, "properties": {"nationality": "Dutch", "year": 1780}}, {"type": "Feature", "geometry": {"type": "LineString", "coordinates": [[-22.9, 5.12], [-23.77, 6.2]]}, "properties": {"nationality": "Dutch", "year": 1753}}, {"type": "Feature", "geometry": {"type": "LineString", "coordinates": [[6.62, 1.42], [6.85, 1.42]]}, "properties": {"nationality": "Dutch", "year": 1763}}, {"type": "Feature", "geometry": {"type": "LineString", "coordinates": [[-26.35, 16.17], [-26.45, 14.62]]}, "properties": {"nationality": "Dutch", "year": 1839}}, {"type": "Feature", "geometry": {"type": "LineString", "coordinates": [[4.6, 54.76], [3.92, 53.97]]}, "properties": {"nationality": "Dutch", "year": 1848}}, {"type": "Feature", "geometry": {"type": "LineString", "coordinates": [[-17.67, 8.6], [-16.93, 7.88]]}, "properties": {"nationality": "Dutch", "year": 1838}}, {"type": "Feature", "geometry": {"type": "LineString", "coordinates": [[-18.72, -31.08], [-17.87, -31.45]]}, "properties": {"nationality": "Dutch", "year": 1837}}, {"type": "Feature", "geometry": {"type": "LineString", "coordinates": [[91.58, -15.43], [89.13, -16.72]]}, "properties": {"nationality": "Dutch", "year": 1835}}, {"type": "Feature", "geometry": {"type": "LineString", "coordinates": [[-58.67, 34.5], [-56.63, 34.67]]}, "properties": {"nationality": "Dutch", "year": 1757}}, {"type": "Feature", "geometry": {"type": "LineString", "coordinates": [[33.37, -31.08], [33.93, -29.88]]}, "properties": {"nationality": "Dutch", "year": 1773}}, {"type": "Feature", "geometry": {"type": "LineString", "coordinates": [[-9.35, -32.92], [-6.07, -33.7]]}, "properties": {"nationality": "Dutch", "year": 1847}}, {"type": "Feature", "geometry": {"type": "LineString", "coordinates": [[54.65, -37.05], [57.68, -36.87]]}, "properties": {"nationality": "Dutch", "year": 1786}}, {"type": "Feature", "geometry": {"type": "LineString", "coordinates": [[-17.85, 6.45], [-17.75, 6.27]]}, "properties": {"nationality": "Dutch", "year": 1788}}, {"type": "Feature", "geometry": {"type": "LineString", "coordinates": [[-30.87, 10.98], [-32.0, 13.45]]}, "properties": {"nationality": "Dutch", "year": 1841}}, {"type": "Feature", "geometry": {"type": "LineString", "coordinates": [[-16.33, -32.67], [-15.15, -33.33]]}, "properties": {"nationality": "Dutch", "year": 1786}}, {"type": "Feature", "geometry": {"type": "LineString", "coordinates": [[-25.58, 19.2], [-25.52, 16.9]]}, "properties": {"nationality": "Dutch", "year": 1847}}, {"type": "Feature", "geometry": {"type": "LineString", "coordinates": [[30.95, -32.11], [30.05, -31.87]]}, "properties": {"nationality": "Dutch", "year": 1839}}, {"type": "Feature", "geometry": {"type": "LineString", "coordinates": [[67.42, -38.97], [71.75, -38.85]]}, "properties": {"nationality": "Dutch", "year": 1849}}, {"type": "Feature", "geometry": {"type": "LineString", "coordinates": [[46.25, -30.3], [43.92, -30.57]]}, "properties": {"nationality": "Dutch", "year": 1835}}, {"type": "Feature", "geometry": {"type": "LineString", "coordinates": [[-14.16, 34.43], [-14.31, 32.5]]}, "properties": {"nationality": "Dutch", "year": 1790}}, {"type": "Feature", "geometry": {"type": "LineString", "coordinates": [[97.93, -26.97], [97.93, -26.97]]}, "properties": {"nationality": "Dutch", "year": 1838}}, {"type": "Feature", "geometry": {"type": "LineString", "coordinates": [[0.36, 59.17], [-1.04, 58.25]]}, "properties": {"nationality": "Dutch", "year": 1846}}, {"type": "Feature", "geometry": {"type": "LineString", "coordinates": [[72.43, -39.68], [75.48, -38.82]]}, "properties": {"nationality": "Dutch", "year": 1829}}, {"type": "Feature", "geometry": {"type": "LineString", "coordinates": [[-22.28, 41.05], [-22.08, 42.63]]}, "properties": {"nationality": "Dutch", "year": 1840}}, {"type": "Feature", "geometry": {"type": "LineString", "coordinates": [[-25.3, 8.8], [-26.8, 10.25]]}, "properties": {"nationality": "Dutch", "year": 1786}}, {"type": "Feature", "geometry": {"type": "LineString", "coordinates": [[-12.83, 60.08], [-13.47, 59.12]]}, "properties": {"nationality": "Dutch", "year": 1796}}, {"type": "Feature", "geometry": {"type": "LineString", "coordinates": [[-7.5, -34.75], [-2.97, -34.3]]}, "properties": {"nationality": "Dutch", "year": 1837}}, {"type": "Feature", "geometry": {"type": "LineString", "coordinates": [[-15.75, 47.4], [-15.75, 47.4]]}, "properties": {"nationality": "Dutch", "year": 1841}}, {"type": "Feature", "geometry": {"type": "LineString", "coordinates": [[-9.47, 49.07], [-7.6, 49.7]]}, "properties": {"nationality": "Dutch", "year": 1754}}, {"type": "Feature", "geometry": {"type": "LineString", "coordinates": [[15.32, -33.83], [16.07, -33.73]]}, "properties": {"nationality": "Dutch", "year": 1796}}, {"type": "Feature", "geometry": {"type": "LineString", "coordinates": [[97.93, -26.97], [97.83, -26.35]]}, "properties": {"nationality": "Dutch", "year": 1838}}, {"type": "Feature", "geometry": {"type": "LineString", "coordinates": [[-42.22, -25.18], [-41.38, -26.85]]}, "properties": {"nationality": "Dutch", "year": 1819}}, {"type": "Feature", "geometry": {"type": "LineString", "coordinates": [[2.18, -18.65], [1.34, -18.07]]}, "properties": {"nationality": "Dutch", "year": 1819}}, {"type": "Feature", "geometry": {"type": "LineString", "coordinates": [[-18.9, 31.17], [-19.32, 30.42]]}, "properties": {"nationality": "Dutch", "year": 1779}}, {"type": "Feature", "geometry": {"type": "LineString", "coordinates": [[-6.12, -31.42], [-4.28, -32.13]]}, "properties": {"nationality": "Dutch", "year": 1796}}, {"type": "Feature", "geometry": {"type": "LineString", "coordinates": [[17.67, -33.17], [17.16, -33.02]]}, "properties": {"nationality": "Dutch", "year": 1764}}, {"type": "Feature", "geometry": {"type": "LineString", "coordinates": [[-12.52, 6.65], [-13.32, 7.0]]}, "properties": {"nationality": "Dutch", "year": 1775}}, {"type": "Feature", "geometry": {"type": "LineString", "coordinates": [[-26.03, 50.07], [-25.02, 50.0]]}, "properties": {"nationality": "Dutch", "year": 1793}}, {"type": "Feature", "geometry": {"type": "LineString", "coordinates": [[-25.37, 7.42], [-25.03, 6.42]]}, "properties": {"nationality": "Dutch", "year": 1836}}, {"type": "Feature", "geometry": {"type": "LineString", "coordinates": [[48.93, -27.68], [46.82, -28.27]]}, "properties": {"nationality": "Dutch", "year": 1836}}, {"type": "Feature", "geometry": {"type": "LineString", "coordinates": [[94.02, -27.04], [95.15, -24.07]]}, "properties": {"nationality": "Dutch", "year": 1825}}, {"type": "Feature", "geometry": {"type": "LineString", "coordinates": [[-47.59, 38.16], [-44.68, 39.18]]}, "properties": {"nationality": "Dutch", "year": 1839}}, {"type": "Feature", "geometry": {"type": "LineString", "coordinates": [[105.92, -9.57], [106.12, -5.8]]}, "properties": {"nationality": "Dutch", "year": 1846}}, {"type": "Feature", "geometry": {"type": "LineString", "coordinates": [[-14.83, -29.07], [-15.22, -30.63]]}, "properties": {"nationality": "Dutch", "year": 1834}}, {"type": "Feature", "geometry": {"type": "LineString", "coordinates": [[-49.17, 3.85], [-49.83, 4.64]]}, "properties": {"nationality": "Dutch", "year": 1759}}, {"type": "Feature", "geometry": {"type": "LineString", "coordinates": [[-16.2, -30.47], [-13.83, -31.7]]}, "properties": {"nationality": "Dutch", "year": 1845}}, {"type": "Feature", "geometry": {"type": "LineString", "coordinates": [[74.54, -37.75], [78.51, -37.45]]}, "properties": {"nationality": "Dutch", "year": 1840}}, {"type": "Feature", "geometry": {"type": "LineString", "coordinates": [[53.75, -38.05], [57.61, -38.1]]}, "properties": {"nationality": "Dutch", "year": 1815}}, {"type": "Feature", "geometry": {"type": "LineString", "coordinates": [[-24.9, 40.6], [-22.98, 39.9]]}, "properties": {"nationality": "Dutch", "year": 1834}}, {"type": "Feature", "geometry": {"type": "LineString", "coordinates": [[-36.38, -20.0], [-38.27, -21.93]]}, "properties": {"nationality": "Dutch", "year": 1847}}, {"type": "Feature", "geometry": {"type": "LineString", "coordinates": [[94.73, -16.9], [92.07, -17.67]]}, "properties": {"nationality": "Dutch", "year": 1843}}, {"type": "Feature", "geometry": {"type": "LineString", "coordinates": [[8.77, -27.1], [7.03, -25.42]]}, "properties": {"nationality": "Dutch", "year": 1839}}, {"type": "Feature", "geometry": {"type": "LineString", "coordinates": [[-19.5, 42.22], [-19.88, 39.93]]}, "properties": {"nationality": "Dutch", "year": 1830}}, {"type": "Feature", "geometry": {"type": "LineString", "coordinates": [[81.08, -35.73], [83.13, -34.97]]}, "properties": {"nationality": "Dutch", "year": 1788}}, {"type": "Feature", "geometry": {"type": "LineString", "coordinates": [[-18.3, 3.0], [-18.83, 3.32]]}, "properties": {"nationality": "Dutch", "year": 1817}}, {"type": "Feature", "geometry": {"type": "LineString", "coordinates": [[-75.47, 17.95], [-75.38, 18.03]]}, "properties": {"nationality": "Dutch", "year": 1816}}, {"type": "Feature", "geometry": {"type": "LineString", "coordinates": [[23.18, -35.3], [22.7, -35.33]]}, "properties": {"nationality": "Dutch", "year": 1849}}, {"type": "Feature", "geometry": {"type": "LineString", "coordinates": [[37.5, -29.88], [36.7, -29.57]]}, "properties": {"nationality": "Dutch", "year": 1785}}, {"type": "Feature", "geometry": {"type": "LineString", "coordinates": [[-2.81, -1.37], [-3.85, -1.62]]}, "properties": {"nationality": "Dutch", "year": 1751}}, {"type": "Feature", "geometry": {"type": "LineString", "coordinates": [[-68.7, 17.95], [-68.39, 18.17]]}, "properties": {"nationality": "Dutch", "year": 1829}}, {"type": "Feature", "geometry": {"type": "LineString", "coordinates": [[-20.98, 5.52], [-20.83, 5.9]]}, "properties": {"nationality": "Dutch", "year": 1838}}, {"type": "Feature", "geometry": {"type": "LineString", "coordinates": [[-11.02, 45.38], [-14.08, 42.98]]}, "properties": {"nationality": "Dutch", "year": 1837}}, {"type": "Feature", "geometry": {"type": "LineString", "coordinates": [[-12.15, 42.57], [-12.22, 42.55]]}, "properties": {"nationality": "Dutch", "year": 1769}}, {"type": "Feature", "geometry": {"type": "LineString", "coordinates": [[7.3, -28.82], [6.27, -26.93]]}, "properties": {"nationality": "Dutch", "year": 1835}}, {"type": "Feature", "geometry": {"type": "LineString", "coordinates": [[-17.32, 33.83], [-19.52, 31.87]]}, "properties": {"nationality": "Dutch", "year": 1793}}, {"type": "Feature", "geometry": {"type": "LineString", "coordinates": [[-9.62, 46.92], [-12.87, 44.62]]}, "properties": {"nationality": "Dutch", "year": 1791}}, {"type": "Feature", "geometry": {"type": "LineString", "coordinates": [[81.93, -37.33], [86.18, -38.83]]}, "properties": {"nationality": "Dutch", "year": 1849}}, {"type": "Feature", "geometry": {"type": "LineString", "coordinates": [[-38.87, -30.38], [-37.0, -31.75]]}, "properties": {"nationality": "Dutch", "year": 1803}}, {"type": "Feature", "geometry": {"type": "LineString", "coordinates": [[103.75, -7.03], [101.37, -7.97]]}, "properties": {"nationality": "Dutch", "year": 1827}}, {"type": "Feature", "geometry": {"type": "LineString", "coordinates": [[-16.0, 30.48], [-15.88, 28.57]]}, "properties": {"nationality": "Dutch", "year": 1802}}, {"type": "Feature", "geometry": {"type": "LineString", "coordinates": [[-6.83, -36.72], [-2.48, -36.53]]}, "properties": {"nationality": "Dutch", "year": 1839}}, {"type": "Feature", "geometry": {"type": "LineString", "coordinates": [[-64.63, 29.05], [-65.25, 29.85]]}, "properties": {"nationality": "Dutch", "year": 1779}}, {"type": "Feature", "geometry": {"type": "LineString", "coordinates": [[-8.4, 48.87], [-8.4, 48.87]]}, "properties": {"nationality": "Dutch", "year": 1842}}, {"type": "Feature", "geometry": {"type": "LineString", "coordinates": [[48.32, -1.83], [49.4, -0.73]]}, "properties": {"nationality": "Dutch", "year": 1764}}, {"type": "Feature", "geometry": {"type": "LineString", "coordinates": [[-20.28, -7.37], [-22.08, -6.28]]}, "properties": {"nationality": "Dutch", "year": 1848}}, {"type": "Feature", "geometry": {"type": "LineString", "coordinates": [[-69.47, 30.6], [-69.08, 32.47]]}, "properties": {"nationality": "Dutch", "year": 1783}}, {"type": "Feature", "geometry": {"type": "LineString", "coordinates": [[-18.4, 11.33], [-18.4, 10.6]]}, "properties": {"nationality": "Dutch", "year": 1770}}, {"type": "Feature", "geometry": {"type": "LineString", "coordinates": [[-30.12, 12.63], [-30.0, 12.73]]}, "properties": {"nationality": "Dutch", "year": 1839}}, {"type": "Feature", "geometry": {"type": "LineString", "coordinates": [[-13.57, -35.2], [-11.28, -35.83]]}, "properties": {"nationality": "Dutch", "year": 1844}}, {"type": "Feature", "geometry": {"type": "LineString", "coordinates": [[-9.25, 49.3], [-5.85, 49.97]]}, "properties": {"nationality": "Dutch", "year": 1785}}, {"type": "Feature", "geometry": {"type": "LineString", "coordinates": [[104.51, -17.08], [104.9, -13.67]]}, "properties": {"nationality": "Dutch", "year": 1838}}, {"type": "Feature", "geometry": {"type": "LineString", "coordinates": [[-30.87, 31.58], [-31.57, 33.17]]}, "properties": {"nationality": "Dutch", "year": 1838}}, {"type": "Feature", "geometry": {"type": "LineString", "coordinates": [[13.18, 74.58], [12.39, 74.5]]}, "properties": {"nationality": "Dutch", "year": 1770}}, {"type": "Feature", "geometry": {"type": "LineString", "coordinates": [[-35.67, 21.42], [-36.58, 23.48]]}, "properties": {"nationality": "Dutch", "year": 1846}}, {"type": "Feature", "geometry": {"type": "LineString", "coordinates": [[-17.15, 3.65], [-19.62, 3.37]]}, "properties": {"nationality": "Dutch", "year": 1788}}, {"type": "Feature", "geometry": {"type": "LineString", "coordinates": [[124.75, 29.33], [124.3, 29.83]]}, "properties": {"nationality": "Dutch", "year": 1848}}, {"type": "Feature", "geometry": {"type": "LineString", "coordinates": [[11.18, -34.4], [10.53, -36.27]]}, "properties": {"nationality": "Dutch", "year": 1843}}, {"type": "Feature", "geometry": {"type": "LineString", "coordinates": [[-17.9, 28.97], [-18.13, 28.28]]}, "properties": {"nationality": "Dutch", "year": 1774}}, {"type": "Feature", "geometry": {"type": "LineString", "coordinates": [[105.07, -6.57], [106.86, -6.1]]}, "properties": {"nationality": "Dutch", "year": 1816}}, {"type": "Feature", "geometry": {"type": "LineString", "coordinates": [[-31.17, 54.05], [-29.15, 55.38]]}, "properties": {"nationality": "Dutch", "year": 1799}}, {"type": "Feature", "geometry": {"type": "LineString", "coordinates": [[-34.99, 26.83], [-34.77, 28.15]]}, "properties": {"nationality": "Dutch", "year": 1789}}, {"type": "Feature", "geometry": {"type": "LineString", "coordinates": [[102.48, -10.9], [100.97, -11.67]]}, "properties": {"nationality": "Dutch", "year": 1792}}, {"type": "Feature", "geometry": {"type": "LineString", "coordinates": [[-8.32, 48.3], [-11.02, 47.18]]}, "properties": {"nationality": "Dutch", "year": 1837}}, {"type": "Feature", "geometry": {"type": "LineString", "coordinates": [[-43.65, 37.47], [-41.79, 37.85]]}, "properties": {"nationality": "Dutch", "year": 1762}}, {"type": "Feature", "geometry": {"type": "LineString", "coordinates": [[-19.35, 47.72], [-16.56, 48.26]]}, "properties": {"nationality": "Dutch", "year": 1830}}, {"type": "Feature", "geometry": {"type": "LineString", "coordinates": [[34.2, -31.2], [32.93, -31.97]]}, "properties": {"nationality": "Dutch", "year": 1772}}, {"type": "Feature", "geometry": {"type": "LineString", "coordinates": [[-21.3, -1.9], [-22.13, -3.65]]}, "properties": {"nationality": "Dutch", "year": 1832}}, {"type": "Feature", "geometry": {"type": "LineString", "coordinates": [[-27.67, -13.9], [-28.7, -15.62]]}, "properties": {"nationality": "Dutch", "year": 1847}}, {"type": "Feature", "geometry": {"type": "LineString", "coordinates": [[106.87, -5.75], [105.85, -6.02]]}, "properties": {"nationality": "Dutch", "year": 1848}}, {"type": "Feature", "geometry": {"type": "LineString", "coordinates": [[26.48, -35.6], [29.09, -35.68]]}, "properties": {"nationality": "Dutch", "year": 1827}}, {"type": "Feature", "geometry": {"type": "LineString", "coordinates": [[-39.63, 29.82], [-39.95, 31.2]]}, "properties": {"nationality": "Dutch", "year": 1759}}, {"type": "Feature", "geometry": {"type": "LineString", "coordinates": [[-25.65, 11.35], [-27.5, 12.72]]}, "properties": {"nationality": "Dutch", "year": 1838}}, {"type": "Feature", "geometry": {"type": "LineString", "coordinates": [[30.47, -32.3], [28.63, -32.93]]}, "properties": {"nationality": "Dutch", "year": 1839}}, {"type": "Feature", "geometry": {"type": "LineString", "coordinates": [[-49.94, 4.82], [-51.56, 5.03]]}, "properties": {"nationality": "Dutch", "year": 1819}}, {"type": "Feature", "geometry": {"type": "LineString", "coordinates": [[-38.4, -20.63], [-38.68, -21.38]]}, "properties": {"nationality": "Dutch", "year": 1838}}, {"type": "Feature", "geometry": {"type": "LineString", "coordinates": [[-28.77, 15.47], [-30.65, 17.58]]}, "properties": {"nationality": "Dutch", "year": 1840}}, {"type": "Feature", "geometry": {"type": "LineString", "coordinates": [[-3.22, -29.05], [-0.93, -30.05]]}, "properties": {"nationality": "Dutch", "year": 1849}}, {"type": "Feature", "geometry": {"type": "LineString", "coordinates": [[-18.55, 34.47], [-19.58, 32.0]]}, "properties": {"nationality": "Dutch", "year": 1850}}, {"type": "Feature", "geometry": {"type": "LineString", "coordinates": [[-48.28, 28.75], [-48.54, 30.04]]}, "properties": {"nationality": "Dutch", "year": 1821}}, {"type": "Feature", "geometry": {"type": "LineString", "coordinates": [[-28.5, 34.55], [-28.5, 34.55]]}, "properties": {"nationality": "Dutch", "year": 1836}}, {"type": "Feature", "geometry": {"type": "LineString", "coordinates": [[-0.63, 2.02], [-0.28, 1.8]]}, "properties": {"nationality": "Dutch", "year": 1767}}, {"type": "Feature", "geometry": {"type": "LineString", "coordinates": [[2.08, -0.53], [1.93, -0.63]]}, "properties": {"nationality": "Dutch", "year": 1773}}, {"type": "Feature", "geometry": {"type": "LineString", "coordinates": [[-21.25, -29.73], [-20.58, -31.65]]}, "properties": {"nationality": "Dutch", "year": 1837}}, {"type": "Feature", "geometry": {"type": "LineString", "coordinates": [[-4.07, -17.1], [-5.53, -15.83]]}, "properties": {"nationality": "Dutch", "year": 1849}}, {"type": "Feature", "geometry": {"type": "LineString", "coordinates": [[-40.22, 23.35], [-41.03, 24.73]]}, "properties": {"nationality": "Dutch", "year": 1845}}, {"type": "Feature", "geometry": {"type": "LineString", "coordinates": [[-10.02, -12.5], [-12.07, -10.83]]}, "properties": {"nationality": "Dutch", "year": 1839}}, {"type": "Feature", "geometry": {"type": "LineString", "coordinates": [[-35.63, 29.3], [-33.87, 29.51]]}, "properties": {"nationality": "Dutch", "year": 1841}}, {"type": "Feature", "geometry": {"type": "LineString", "coordinates": [[-11.37, 40.73], [-12.28, 37.47]]}, "properties": {"nationality": "Dutch", "year": 1841}}, {"type": "Feature", "geometry": {"type": "LineString", "coordinates": [[-54.4, 29.78], [-54.67, 30.25]]}, "properties": {"nationality": "Dutch", "year": 1771}}, {"type": "Feature", "geometry": {"type": "LineString", "coordinates": [[-21.15, -27.49], [-19.91, -29.21]]}, "properties": {"nationality": "Dutch", "year": 1802}}, {"type": "Feature", "geometry": {"type": "LineString", "coordinates": [[-22.3, 8.5], [-20.8, 6.43]]}, "properties": {"nationality": "Dutch", "year": 1847}}, {"type": "Feature", "geometry": {"type": "LineString", "coordinates": [[-15.83, 48.07], [-11.92, 48.6]]}, "properties": {"nationality": "Dutch", "year": 1831}}, {"type": "Feature", "geometry": {"type": "LineString", "coordinates": [[115.17, -11.63], [114.67, -13.05]]}, "properties": {"nationality": "Dutch", "year": 1837}}, {"type": "Feature", "geometry": {"type": "LineString", "coordinates": [[56.6, -37.55], [59.47, -37.1]]}, "properties": {"nationality": "Dutch", "year": 1751}}, {"type": "Feature", "geometry": {"type": "LineString", "coordinates": [[-66.93, 22.22], [-66.52, 23.05]]}, "properties": {"nationality": "Dutch", "year": 1761}}, {"type": "Feature", "geometry": {"type": "LineString", "coordinates": [[68.05, 11.12], [68.85, 10.77]]}, "properties": {"nationality": "Dutch", "year": 1756}}, {"type": "Feature", "geometry": {"type": "LineString", "coordinates": [[78.38, -35.24], [81.74, -33.85]]}, "properties": {"nationality": "Dutch", "year": 1825}}, {"type": "Feature", "geometry": {"type": "LineString", "coordinates": [[-18.28, 7.88], [-17.25, 7.88]]}, "properties": {"nationality": "Dutch", "year": 1751}}, {"type": "Feature", "geometry": {"type": "LineString", "coordinates": [[84.38, -5.4], [84.68, -4.38]]}, "properties": {"nationality": "Dutch", "year": 1789}}, {"type": "Feature", "geometry": {"type": "LineString", "coordinates": [[-84.38, -19.32], [-85.91, -20.05]]}, "properties": {"nationality": "Dutch", "year": 1827}}, {"type": "Feature", "geometry": {"type": "LineString", "coordinates": [[-19.7, 35.92], [-20.09, 35.08]]}, "properties": {"nationality": "Dutch", "year": 1758}}, {"type": "Feature", "geometry": {"type": "LineString", "coordinates": [[-25.73, -14.53], [-25.57, -16.5]]}, "properties": {"nationality": "Dutch", "year": 1796}}, {"type": "Feature", "geometry": {"type": "LineString", "coordinates": [[-55.05, 18.92], [-55.38, 20.12]]}, "properties": {"nationality": "Dutch", "year": 1759}}, {"type": "Feature", "geometry": {"type": "LineString", "coordinates": [[88.45, -36.28], [91.87, -34.6]]}, "properties": {"nationality": "Dutch", "year": 1845}}, {"type": "Feature", "geometry": {"type": "LineString", "coordinates": [[-26.67, -4.82], [-27.83, -7.5]]}, "properties": {"nationality": "Dutch", "year": 1850}}, {"type": "Feature", "geometry": {"type": "LineString", "coordinates": [[-10.88, -35.22], [-9.35, -35.52]]}, "properties": {"nationality": "Dutch", "year": 1833}}, {"type": "Feature", "geometry": {"type": "LineString", "coordinates": [[80.67, -17.57], [79.68, -18.87]]}, "properties": {"nationality": "Dutch", "year": 1848}}, {"type": "Feature", "geometry": {"type": "LineString", "coordinates": [[25.15, -38.35], [28.15, -38.22]]}, "properties": {"nationality": "Dutch", "year": 1838}}, {"type": "Feature", "geometry": {"type": "LineString", "coordinates": [[-23.02, 46.17], [-20.97, 46.82]]}, "properties": {"nationality": "Dutch", "year": 1763}}, {"type": "Feature", "geometry": {"type": "LineString", "coordinates": [[-25.52, 15.37], [-24.13, 12.65]]}, "properties": {"nationality": "Dutch", "year": 1847}}, {"type": "Feature", "geometry": {"type": "LineString", "coordinates": [[-20.0, 32.42], [-18.43, 32.7]]}, "properties": {"nationality": "Dutch", "year": 1839}}, {"type": "Feature", "geometry": {"type": "LineString", "coordinates": [[-20.42, -2.25], [-20.67, 0.08]]}, "properties": {"nationality": "Dutch", "year": 1834}}, {"type": "Feature", "geometry": {"type": "LineString", "coordinates": [[-23.15, 11.75], [-22.63, 11.07]]}, "properties": {"nationality": "Dutch", "year": 1751}}, {"type": "Feature", "geometry": {"type": "LineString", "coordinates": [[-28.97, -9.63], [-29.39, -11.98]]}, "properties": {"nationality": "Dutch", "year": 1841}}, {"type": "Feature", "geometry": {"type": "LineString", "coordinates": [[78.39, 5.15], [78.92, 5.67]]}, "properties": {"nationality": "Dutch", "year": 1785}}, {"type": "Feature", "geometry": {"type": "LineString", "coordinates": [[93.1, -26.3], [94.02, -23.53]]}, "properties": {"nationality": "Dutch", "year": 1848}}, {"type": "Feature", "geometry": {"type": "LineString", "coordinates": [[7.92, 71.73], [5.87, 71.22]]}, "properties": {"nationality": "Dutch", "year": 1788}}, {"type": "Feature", "geometry": {"type": "LineString", "coordinates": [[67.95, -38.25], [70.32, -38.05]]}, "properties": {"nationality": "Dutch", "year": 1839}}, {"type": "Feature", "geometry": {"type": "LineString", "coordinates": [[-11.9, 44.37], [-13.2, 43.63]]}, "properties": {"nationality": "Dutch", "year": 1753}}, {"type": "Feature", "geometry": {"type": "LineString", "coordinates": [[-15.07, -29.98], [-12.53, -30.88]]}, "properties": {"nationality": "Dutch", "year": 1789}}, {"type": "Feature", "geometry": {"type": "LineString", "coordinates": [[-60.4, 16.77], [-62.97, 17.5]]}, "properties": {"nationality": "Dutch", "year": 1780}}, {"type": "Feature", "geometry": {"type": "LineString", "coordinates": [[-22.37, 8.67], [-22.8, 8.88]]}, "properties": {"nationality": "Dutch", "year": 1849}}, {"type": "Feature", "geometry": {"type": "LineString", "coordinates": [[-32.0, 24.17], [-32.07, 24.77]]}, "properties": {"nationality": "Dutch", "year": 1754}}, {"type": "Feature", "geometry": {"type": "LineString", "coordinates": [[-38.8, 39.33], [-35.66, 38.78]]}, "properties": {"nationality": "Dutch", "year": 1783}}, {"type": "Feature", "geometry": {"type": "LineString", "coordinates": [[-1.27, 3.5], [-2.25, 3.42]]}, "properties": {"nationality": "Dutch", "year": 1757}}, {"type": "Feature", "geometry": {"type": "LineString", "coordinates": [[-7.13, 48.22], [-5.43, 48.47]]}, "properties": {"nationality": "Dutch", "year": 1821}}, {"type": "Feature", "geometry": {"type": "LineString", "coordinates": [[104.42, -13.03], [104.98, -11.68]]}, "properties": {"nationality": "Dutch", "year": 1841}}, {"type": "Feature", "geometry": {"type": "LineString", "coordinates": [[-0.88, 2.87], [-1.52, 2.42]]}, "properties": {"nationality": "Dutch", "year": 1778}}, {"type": "Feature", "geometry": {"type": "LineString", "coordinates": [[-42.07, 3.7], [-44.17, 2.8]]}, "properties": {"nationality": "Dutch", "year": 1796}}, {"type": "Feature", "geometry": {"type": "LineString", "coordinates": [[-9.37, -12.78], [-9.63, -12.78]]}, "properties": {"nationality": "Dutch", "year": 1831}}, {"type": "Feature", "geometry": {"type": "LineString", "coordinates": [[-18.12, 37.82], [-17.97, 35.33]]}, "properties": {"nationality": "Dutch", "year": 1843}}, {"type": "Feature", "geometry": {"type": "LineString", "coordinates": [[-31.98, 17.42], [-33.6, 19.77]]}, "properties": {"nationality": "Dutch", "year": 1848}}, {"type": "Feature", "geometry": {"type": "LineString", "coordinates": [[64.32, -24.98], [61.85, -25.92]]}, "properties": {"nationality": "Dutch", "year": 1769}}, {"type": "Feature", "geometry": {"type": "LineString", "coordinates": [[101.52, -8.65], [98.8, -10.55]]}, "properties": {"nationality": "Dutch", "year": 1846}}, {"type": "Feature", "geometry": {"type": "LineString", "coordinates": [[-10.63, 42.22], [-11.77, 41.37]]}, "properties": {"nationality": "Dutch", "year": 1820}}, {"type": "Feature", "geometry": {"type": "LineString", "coordinates": [[10.82, -27.7], [8.72, -25.88]]}, "properties": {"nationality": "Dutch", "year": 1840}}, {"type": "Feature", "geometry": {"type": "LineString", "coordinates": [[-31.98, -10.42], [-32.8, -12.87]]}, "properties": {"nationality": "Dutch", "year": 1850}}, {"type": "Feature", "geometry": {"type": "LineString", "coordinates": [[39.33, -29.57], [37.72, -30.83]]}, "properties": {"nationality": "Dutch", "year": 1850}}, {"type": "Feature", "geometry": {"type": "LineString", "coordinates": [[74.87, -37.27], [77.07, -36.6]]}, "properties": {"nationality": "Dutch", "year": 1754}}, {"type": "Feature", "geometry": {"type": "LineString", "coordinates": [[-34.92, 18.07], [-35.85, 16.78]]}, "properties": {"nationality": "Dutch", "year": 1756}}, {"type": "Feature", "geometry": {"type": "LineString", "coordinates": [[-17.18, 52.9], [-15.39, 54.67]]}, "properties": {"nationality": "Dutch", "year": 1803}}, {"type": "Feature", "geometry": {"type": "LineString", "coordinates": [[103.13, -8.22], [101.36, -9.55]]}, "properties": {"nationality": "Dutch", "year": 1819}}, {"type": "Feature", "geometry": {"type": "LineString", "coordinates": [[35.27, -32.38], [34.35, -32.68]]}, "properties": {"nationality": "Dutch", "year": 1838}}, {"type": "Feature", "geometry": {"type": "LineString", "coordinates": [[-19.67, -29.9], [-18.82, -29.95]]}, "properties": {"nationality": "Dutch", "year": 1791}}, {"type": "Feature", "geometry": {"type": "LineString", "coordinates": [[16.35, -32.28], [14.63, -30.83]]}, "properties": {"nationality": "Dutch", "year": 1773}}, {"type": "Feature", "geometry": {"type": "LineString", "coordinates": [[73.38, -21.02], [72.0, -21.2]]}, "properties": {"nationality": "Dutch", "year": 1834}}, {"type": "Feature", "geometry": {"type": "LineString", "coordinates": [[-35.78, 35.25], [-34.88, 36.05]]}, "properties": {"nationality": "Dutch", "year": 1837}}, {"type": "Feature", "geometry": {"type": "LineString", "coordinates": [[-17.78, 6.68], [-17.02, 6.52]]}, "properties": {"nationality": "Dutch", "year": 1787}}, {"type": "Feature", "geometry": {"type": "LineString", "coordinates": [[1.33, -15.58], [-0.43, -14.42]]}, "properties": {"nationality": "Dutch", "year": 1795}}, {"type": "Feature", "geometry": {"type": "LineString", "coordinates": [[-80.93, 24.42], [-79.93, 25.45]]}, "properties": {"nationality": "Dutch", "year": 1830}}, {"type": "Feature", "geometry": {"type": "LineString", "coordinates": [[-0.6, 60.73], [4.08, 51.81]]}, "properties": {"nationality": "Dutch", "year": 1756}}, {"type": "Feature", "geometry": {"type": "LineString", "coordinates": [[-16.67, 35.37], [-18.23, 30.3]]}, "properties": {"nationality": "Dutch", "year": 1846}}, {"type": "Feature", "geometry": {"type": "LineString", "coordinates": [[-18.2, -3.82], [-18.83, -3.18]]}, "properties": {"nationality": "Dutch", "year": 1849}}, {"type": "Feature", "geometry": {"type": "LineString", "coordinates": [[-36.85, 37.75], [-36.7, 37.92]]}, "properties": {"nationality": "Dutch", "year": 1848}}, {"type": "Feature", "geometry": {"type": "LineString", "coordinates": [[103.84, -12.62], [104.32, -9.92]]}, "properties": {"nationality": "Dutch", "year": 1846}}, {"type": "Feature", "geometry": {"type": "LineString", "coordinates": [[46.87, -29.92], [44.85, -30.38]]}, "properties": {"nationality": "Dutch", "year": 1836}}, {"type": "Feature", "geometry": {"type": "LineString", "coordinates": [[103.0, -5.43], [106.72, -6.03]]}, "properties": {"nationality": "Dutch", "year": 1757}}, {"type": "Feature", "geometry": {"type": "LineString", "coordinates": [[-13.48, 44.33], [-15.87, 41.7]]}, "properties": {"nationality": "Dutch", "year": 1845}}, {"type": "Feature", "geometry": {"type": "LineString", "coordinates": [[45.67, -36.38], [46.42, -36.95]]}, "properties": {"nationality": "Dutch", "year": 1845}}, {"type": "Feature", "geometry": {"type": "LineString", "coordinates": [[84.95, -15.95], [83.6, -16.53]]}, "properties": {"nationality": "Dutch", "year": 1789}}, {"type": "Feature", "geometry": {"type": "LineString", "coordinates": [[-14.37, -31.93], [-11.55, -33.52]]}, "properties": {"nationality": "Dutch", "year": 1820}}, {"type": "Feature", "geometry": {"type": "LineString", "coordinates": [[-20.8, 7.75], [-20.8, 7.78]]}, "properties": {"nationality": "Dutch", "year": 1841}}, {"type": "Feature", "geometry": {"type": "LineString", "coordinates": [[-25.97, 6.7], [-26.88, 7.98]]}, "properties": {"nationality": "Dutch", "year": 1850}}, {"type": "Feature", "geometry": {"type": "LineString", "coordinates": [[-24.95, -24.73], [-22.8, -24.58]]}, "properties": {"nationality": "Dutch", "year": 1847}}, {"type": "Feature", "geometry": {"type": "LineString", "coordinates": [[11.17, -29.75], [10.4, -29.27]]}, "properties": {"nationality": "Dutch", "year": 1819}}, {"type": "Feature", "geometry": {"type": "LineString", "coordinates": [[-22.53, -30.43], [-21.62, -32.28]]}, "properties": {"nationality": "Dutch", "year": 1835}}, {"type": "Feature", "geometry": {"type": "LineString", "coordinates": [[100.83, -10.15], [97.23, -10.63]]}, "properties": {"nationality": "Dutch", "year": 1843}}, {"type": "Feature", "geometry": {"type": "LineString", "coordinates": [[-55.2, 11.17], [-54.62, 10.58]]}, "properties": {"nationality": "Dutch", "year": 1836}}, {"type": "Feature", "geometry": {"type": "LineString", "coordinates": [[-25.07, 44.77], [-21.83, 45.82]]}, "properties": {"nationality": "Dutch", "year": 1833}}, {"type": "Feature", "geometry": {"type": "LineString", "coordinates": [[-26.01, -6.39], [-26.14, -8.68]]}, "properties": {"nationality": "Dutch", "year": 1831}}, {"type": "Feature", "geometry": {"type": "LineString", "coordinates": [[-87.92, -12.75], [-89.8, -11.9]]}, "properties": {"nationality": "Dutch", "year": 1827}}, {"type": "Feature", "geometry": {"type": "LineString", "coordinates": [[20.5, -39.67], [22.05, -39.15]]}, "properties": {"nationality": "Dutch", "year": 1843}}, {"type": "Feature", "geometry": {"type": "LineString", "coordinates": [[-23.32, 10.0], [-22.03, 8.43]]}, "properties": {"nationality": "Dutch", "year": 1825}}, {"type": "Feature", "geometry": {"type": "LineString", "coordinates": [[-22.0, 1.14], [-22.59, 1.74]]}, "properties": {"nationality": "Dutch", "year": 1846}}, {"type": "Feature", "geometry": {"type": "LineString", "coordinates": [[-14.8, 45.08], [-14.8, 45.08]]}, "properties": {"nationality": "Dutch", "year": 1836}}, {"type": "Feature", "geometry": {"type": "LineString", "coordinates": [[-22.4, 28.73], [-24.32, 27.65]]}, "properties": {"nationality": "Dutch", "year": 1762}}, {"type": "Feature", "geometry": {"type": "LineString", "coordinates": [[103.03, -20.33], [104.05, -17.18]]}, "properties": {"nationality": "Dutch", "year": 1832}}, {"type": "Feature", "geometry": {"type": "LineString", "coordinates": [[80.96, -26.68], [77.62, -27.22]]}, "properties": {"nationality": "Dutch", "year": 1826}}, {"type": "Feature", "geometry": {"type": "LineString", "coordinates": [[-19.45, 41.42], [-20.05, 40.23]]}, "properties": {"nationality": "Dutch", "year": 1750}}, {"type": "Feature", "geometry": {"type": "LineString", "coordinates": [[5.52, -22.77], [3.85, -21.27]]}, "properties": {"nationality": "Dutch", "year": 1786}}, {"type": "Feature", "geometry": {"type": "LineString", "coordinates": [[-18.08, 4.05], [-17.63, 2.88]]}, "properties": {"nationality": "Dutch", "year": 1773}}, {"type": "Feature", "geometry": {"type": "LineString", "coordinates": [[-1.25, -18.17], [-3.53, -16.82]]}, "properties": {"nationality": "Dutch", "year": 1836}}, {"type": "Feature", "geometry": {"type": "LineString", "coordinates": [[-17.35, 35.33], [-17.78, 32.55]]}, "properties": {"nationality": "Dutch", "year": 1832}}, {"type": "Feature", "geometry": {"type": "LineString", "coordinates": [[-57.08, 21.42], [-57.77, 22.33]]}, "properties": {"nationality": "Dutch", "year": 1754}}, {"type": "Feature", "geometry": {"type": "LineString", "coordinates": [[18.1, -39.6], [22.67, -39.23]]}, "properties": {"nationality": "Dutch", "year": 1841}}, {"type": "Feature", "geometry": {"type": "LineString", "coordinates": [[3.48, -22.8], [2.02, -21.75]]}, "properties": {"nationality": "Dutch", "year": 1842}}, {"type": "Feature", "geometry": {"type": "LineString", "coordinates": [[-20.48, 26.45], [-20.48, 24.48]]}, "properties": {"nationality": "Dutch", "year": 1756}}, {"type": "Feature", "geometry": {"type": "LineString", "coordinates": [[26.97, -37.77], [27.53, -37.3]]}, "properties": {"nationality": "Dutch", "year": 1788}}, {"type": "Feature", "geometry": {"type": "LineString", "coordinates": [[14.08, -37.0], [16.28, -38.68]]}, "properties": {"nationality": "Dutch", "year": 1838}}, {"type": "Feature", "geometry": {"type": "LineString", "coordinates": [[89.99, -22.83], [90.46, -21.37]]}, "properties": {"nationality": "Dutch", "year": 1787}}, {"type": "Feature", "geometry": {"type": "LineString", "coordinates": [[-18.32, 36.38], [-19.18, 36.38]]}, "properties": {"nationality": "Dutch", "year": 1764}}, {"type": "Feature", "geometry": {"type": "LineString", "coordinates": [[-22.6, -2.17], [-23.48, -0.05]]}, "properties": {"nationality": "Dutch", "year": 1840}}, {"type": "Feature", "geometry": {"type": "LineString", "coordinates": [[5.72, 76.38], [5.53, 75.92]]}, "properties": {"nationality": "Dutch", "year": 1798}}, {"type": "Feature", "geometry": {"type": "LineString", "coordinates": [[-18.27, -2.6], [-18.87, -1.0]]}, "properties": {"nationality": "Dutch", "year": 1848}}, {"type": "Feature", "geometry": {"type": "LineString", "coordinates": [[-37.36, 33.53], [-34.77, 34.98]]}, "properties": {"nationality": "Dutch", "year": 1789}}, {"type": "Feature", "geometry": {"type": "LineString", "coordinates": [[88.63, -26.05], [89.34, -24.43]]}, "properties": {"nationality": "Dutch", "year": 1787}}, {"type": "Feature", "geometry": {"type": "LineString", "coordinates": [[-20.13, -0.17], [-20.78, 2.43]]}, "properties": {"nationality": "Dutch", "year": 1839}}, {"type": "Feature", "geometry": {"type": "LineString", "coordinates": [[31.32, -32.92], [29.19, -33.7]]}, "properties": {"nationality": "Dutch", "year": 1824}}, {"type": "Feature", "geometry": {"type": "LineString", "coordinates": [[21.67, -35.17], [21.67, -35.17]]}, "properties": {"nationality": "Dutch", "year": 1850}}, {"type": "Feature", "geometry": {"type": "LineString", "coordinates": [[-19.95, 2.72], [-19.85, 2.92]]}, "properties": {"nationality": "Dutch", "year": 1796}}, {"type": "Feature", "geometry": {"type": "LineString", "coordinates": [[58.79, -39.47], [61.65, -39.52]]}, "properties": {"nationality": "Dutch", "year": 1825}}, {"type": "Feature", "geometry": {"type": "LineString", "coordinates": [[-40.1, -28.87], [-40.62, -28.73]]}, "properties": {"nationality": "Dutch", "year": 1826}}, {"type": "Feature", "geometry": {"type": "LineString", "coordinates": [[-23.07, 6.83], [-23.82, 7.42]]}, "properties": {"nationality": "Dutch", "year": 1839}}, {"type": "Feature", "geometry": {"type": "LineString", "coordinates": [[-21.47, 7.02], [-20.37, 5.48]]}, "properties": {"nationality": "Dutch", "year": 1839}}, {"type": "Feature", "geometry": {"type": "LineString", "coordinates": [[-11.45, 48.7], [-8.9, 49.37]]}, "properties": {"nationality": "Dutch", "year": 1844}}, {"type": "Feature", "geometry": {"type": "LineString", "coordinates": [[3.41, 55.2], [2.66, 57.57]]}, "properties": {"nationality": "Dutch", "year": 1837}}, {"type": "Feature", "geometry": {"type": "LineString", "coordinates": [[-15.2, 7.25], [-14.45, 7.12]]}, "properties": {"nationality": "Dutch", "year": 1827}}, {"type": "Feature", "geometry": {"type": "LineString", "coordinates": [[-21.45, -5.7], [-21.95, -7.25]]}, "properties": {"nationality": "Dutch", "year": 1802}}, {"type": "Feature", "geometry": {"type": "LineString", "coordinates": [[101.55, -9.48], [100.67, -10.63]]}, "properties": {"nationality": "Dutch", "year": 1790}}, {"type": "Feature", "geometry": {"type": "LineString", "coordinates": [[-18.9, 38.0], [-19.7, 35.6]]}, "properties": {"nationality": "Dutch", "year": 1834}}, {"type": "Feature", "geometry": {"type": "LineString", "coordinates": [[-21.43, 22.8], [-22.77, 22.8]]}, "properties": {"nationality": "Dutch", "year": 1828}}, {"type": "Feature", "geometry": {"type": "LineString", "coordinates": [[-31.9, -1.33], [-33.83, -0.81]]}, "properties": {"nationality": "Dutch", "year": 1767}}, {"type": "Feature", "geometry": {"type": "LineString", "coordinates": [[-97.97, -9.13], [-100.23, -8.7]]}, "properties": {"nationality": "Dutch", "year": 1827}}, {"type": "Feature", "geometry": {"type": "LineString", "coordinates": [[-15.17, 36.07], [-16.03, 34.1]]}, "properties": {"nationality": "Dutch", "year": 1833}}, {"type": "Feature", "geometry": {"type": "LineString", "coordinates": [[-14.1, 60.33], [-14.33, 60.47]]}, "properties": {"nationality": "Dutch", "year": 1786}}, {"type": "Feature", "geometry": {"type": "LineString", "coordinates": [[140.59, -0.53], [140.42, -0.09]]}, "properties": {"nationality": "Dutch", "year": 1825}}, {"type": "Feature", "geometry": {"type": "LineString", "coordinates": [[4.2, -24.72], [2.33, -23.25]]}, "properties": {"nationality": "Dutch", "year": 1848}}, {"type": "Feature", "geometry": {"type": "LineString", "coordinates": [[87.33, -2.82], [87.62, -2.38]]}, "properties": {"nationality": "Dutch", "year": 1786}}, {"type": "Feature", "geometry": {"type": "LineString", "coordinates": [[-0.57, 50.47], [-1.1, 50.27]]}, "properties": {"nationality": "Dutch", "year": 1848}}, {"type": "Feature", "geometry": {"type": "LineString", "coordinates": [[-37.93, 18.32], [-38.32, 20.27]]}, "properties": {"nationality": "Dutch", "year": 1849}}, {"type": "Feature", "geometry": {"type": "LineString", "coordinates": [[21.37, -34.97], [21.42, -35.8]]}, "properties": {"nationality": "Dutch", "year": 1850}}, {"type": "Feature", "geometry": {"type": "LineString", "coordinates": [[-31.83, 41.82], [-28.4, 42.97]]}, "properties": {"nationality": "Dutch", "year": 1837}}, {"type": "Feature", "geometry": {"type": "LineString", "coordinates": [[-62.97, 17.5], [-62.97, 17.5]]}, "properties": {"nationality": "Dutch", "year": 1762}}, {"type": "Feature", "geometry": {"type": "LineString", "coordinates": [[106.86, -6.1], [106.86, -6.1]]}, "properties": {"nationality": "Dutch", "year": 1783}}, {"type": "Feature", "geometry": {"type": "LineString", "coordinates": [[-9.05, -15.48], [-10.53, -14.15]]}, "properties": {"nationality": "Dutch", "year": 1809}}, {"type": "Feature", "geometry": {"type": "LineString", "coordinates": [[-32.2, 37.47], [-32.3, 38.78]]}, "properties": {"nationality": "Dutch", "year": 1838}}, {"type": "Feature", "geometry": {"type": "LineString", "coordinates": [[11.3, -38.0], [16.53, -38.53]]}, "properties": {"nationality": "Dutch", "year": 1835}}, {"type": "Feature", "geometry": {"type": "LineString", "coordinates": [[44.4, -38.08], [45.27, -37.63]]}, "properties": {"nationality": "Dutch", "year": 1832}}, {"type": "Feature", "geometry": {"type": "LineString", "coordinates": [[97.28, -13.22], [94.73, -14.3]]}, "properties": {"nationality": "Dutch", "year": 1835}}, {"type": "Feature", "geometry": {"type": "LineString", "coordinates": [[-35.92, 19.88], [-38.52, 22.12]]}, "properties": {"nationality": "Dutch", "year": 1842}}, {"type": "Feature", "geometry": {"type": "LineString", "coordinates": [[9.62, -39.01], [13.75, -38.92]]}, "properties": {"nationality": "Dutch", "year": 1847}}, {"type": "Feature", "geometry": {"type": "LineString", "coordinates": [[66.3, -21.18], [65.05, -21.57]]}, "properties": {"nationality": "Dutch", "year": 1832}}, {"type": "Feature", "geometry": {"type": "LineString", "coordinates": [[78.87, -37.02], [83.0, -37.35]]}, "properties": {"nationality": "Dutch", "year": 1849}}, {"type": "Feature", "geometry": {"type": "LineString", "coordinates": [[-21.66, 7.23], [-21.14, 5.75]]}, "properties": {"nationality": "Dutch", "year": 1838}}, {"type": "Feature", "geometry": {"type": "LineString", "coordinates": [[95.55, -14.73], [92.53, -15.45]]}, "properties": {"nationality": "Dutch", "year": 1848}}, {"type": "Feature", "geometry": {"type": "LineString", "coordinates": [[-9.0, 48.52], [-8.23, 48.9]]}, "properties": {"nationality": "Dutch", "year": 1849}}, {"type": "Feature", "geometry": {"type": "LineString", "coordinates": [[-16.23, 2.88], [-17.23, 1.73]]}, "properties": {"nationality": "Dutch", "year": 1789}}, {"type": "Feature", "geometry": {"type": "LineString", "coordinates": [[63.55, -38.1], [63.55, -38.08]]}, "properties": {"nationality": "Dutch", "year": 1839}}, {"type": "Feature", "geometry": {"type": "LineString", "coordinates": [[41.07, -39.33], [45.58, -39.05]]}, "properties": {"nationality": "Dutch", "year": 1847}}, {"type": "Feature", "geometry": {"type": "LineString", "coordinates": [[107.22, -5.65], [107.35, -5.63]]}, "properties": {"nationality": "Dutch", "year": 1838}}, {"type": "Feature", "geometry": {"type": "LineString", "coordinates": [[-58.82, 43.97], [-58.97, 43.02]]}, "properties": {"nationality": "Dutch", "year": 1825}}, {"type": "Feature", "geometry": {"type": "LineString", "coordinates": [[-17.6, 5.63], [-16.57, 5.27]]}, "properties": {"nationality": "Dutch", "year": 1848}}, {"type": "Feature", "geometry": {"type": "LineString", "coordinates": [[-11.27, 41.88], [-11.32, 41.45]]}, "properties": {"nationality": "Dutch", "year": 1816}}, {"type": "Feature", "geometry": {"type": "LineString", "coordinates": [[51.8, -24.32], [51.13, -25.55]]}, "properties": {"nationality": "Dutch", "year": 1792}}, {"type": "Feature", "geometry": {"type": "LineString", "coordinates": [[-36.37, 24.94], [-36.79, 26.54]]}, "properties": {"nationality": "Dutch", "year": 1819}}, {"type": "Feature", "geometry": {"type": "LineString", "coordinates": [[-16.83, 40.08], [-16.32, 40.77]]}, "properties": {"nationality": "Dutch", "year": 1849}}, {"type": "Feature", "geometry": {"type": "LineString", "coordinates": [[-11.2, 46.58], [-12.3, 45.75]]}, "properties": {"nationality": "Dutch", "year": 1778}}, {"type": "Feature", "geometry": {"type": "LineString", "coordinates": [[-7.38, 49.37], [-5.66, 49.5]]}, "properties": {"nationality": "Dutch", "year": 1774}}, {"type": "Feature", "geometry": {"type": "LineString", "coordinates": [[-54.15, 35.47], [-51.08, 36.25]]}, "properties": {"nationality": "Dutch", "year": 1842}}, {"type": "Feature", "geometry": {"type": "LineString", "coordinates": [[-58.5, 28.43], [-57.78, 28.92]]}, "properties": {"nationality": "Dutch", "year": 1757}}, {"type": "Feature", "geometry": {"type": "LineString", "coordinates": [[-24.93, 19.17], [-25.88, 16.7]]}, "properties": {"nationality": "Dutch", "year": 1832}}, {"type": "Feature", "geometry": {"type": "LineString", "coordinates": [[-0.52, 50.16], [-1.59, 50.06]]}, "properties": {"nationality": "Dutch", "year": 1836}}, {"type": "Feature", "geometry": {"type": "LineString", "coordinates": [[39.52, -18.15], [40.65, -17.17]]}, "properties": {"nationality": "Dutch", "year": 1773}}, {"type": "Feature", "geometry": {"type": "LineString", "coordinates": [[-23.45, 9.55], [-25.12, 10.8]]}, "properties": {"nationality": "Dutch", "year": 1830}}, {"type": "Feature", "geometry": {"type": "LineString", "coordinates": [[-32.35, 17.7], [-33.93, 19.73]]}, "properties": {"nationality": "Dutch", "year": 1837}}, {"type": "Feature", "geometry": {"type": "LineString", "coordinates": [[-20.72, 20.0], [-20.7, 16.83]]}, "properties": {"nationality": "Dutch", "year": 1841}}, {"type": "Feature", "geometry": {"type": "LineString", "coordinates": [[-6.12, -37.02], [-2.42, -37.87]]}, "properties": {"nationality": "Dutch", "year": 1835}}, {"type": "Feature", "geometry": {"type": "LineString", "coordinates": [[-8.67, 48.25], [-5.63, 48.52]]}, "properties": {"nationality": "Dutch", "year": 1802}}, {"type": "Feature", "geometry": {"type": "LineString", "coordinates": [[-29.45, 38.6], [-27.47, 38.6]]}, "properties": {"nationality": "Dutch", "year": 1789}}, {"type": "Feature", "geometry": {"type": "LineString", "coordinates": [[-9.16, 47.73], [-9.34, 47.52]]}, "properties": {"nationality": "Dutch", "year": 1769}}, {"type": "Feature", "geometry": {"type": "LineString", "coordinates": [[-23.68, 11.47], [-24.15, 11.9]]}, "properties": {"nationality": "Dutch", "year": 1840}}, {"type": "Feature", "geometry": {"type": "LineString", "coordinates": [[-59.2, 18.35], [-59.67, 19.15]]}, "properties": {"nationality": "Dutch", "year": 1768}}, {"type": "Feature", "geometry": {"type": "LineString", "coordinates": [[40.05, -36.1], [43.56, -38.15]]}, "properties": {"nationality": "Dutch", "year": 1820}}, {"type": "Feature", "geometry": {"type": "LineString", "coordinates": [[14.78, -37.1], [17.98, -37.68]]}, "properties": {"nationality": "Dutch", "year": 1825}}, {"type": "Feature", "geometry": {"type": "LineString", "coordinates": [[-14.23, -9.0], [-15.47, -7.0]]}, "properties": {"nationality": "Dutch", "year": 1818}}, {"type": "Feature", "geometry": {"type": "LineString", "coordinates": [[-28.8, 42.32], [-28.73, 42.25]]}, "properties": {"nationality": "Dutch", "year": 1843}}, {"type": "Feature", "geometry": {"type": "LineString", "coordinates": [[51.6, -27.18], [48.55, -28.02]]}, "properties": {"nationality": "Dutch", "year": 1840}}, {"type": "Feature", "geometry": {"type": "LineString", "coordinates": [[-14.3, -35.72], [-12.05, -36.47]]}, "properties": {"nationality": "Dutch", "year": 1848}}, {"type": "Feature", "geometry": {"type": "LineString", "coordinates": [[77.38, -33.0], [78.22, -31.52]]}, "properties": {"nationality": "Dutch", "year": 1831}}, {"type": "Feature", "geometry": {"type": "LineString", "coordinates": [[-22.82, 5.3], [-22.77, 5.93]]}, "properties": {"nationality": "Dutch", "year": 1836}}, {"type": "Feature", "geometry": {"type": "LineString", "coordinates": [[-5.47, -16.42], [-5.47, -16.37]]}, "properties": {"nationality": "Dutch", "year": 1842}}, {"type": "Feature", "geometry": {"type": "LineString", "coordinates": [[26.08, -36.83], [28.15, -37.1]]}, "properties": {"nationality": "Dutch", "year": 1844}}, {"type": "Feature", "geometry": {"type": "LineString", "coordinates": [[79.23, -36.07], [82.85, -36.65]]}, "properties": {"nationality": "Dutch", "year": 1837}}, {"type": "Feature", "geometry": {"type": "LineString", "coordinates": [[-13.47, 44.33], [-15.0, 43.07]]}, "properties": {"nationality": "Dutch", "year": 1771}}, {"type": "Feature", "geometry": {"type": "LineString", "coordinates": [[-22.13, 0.83], [-22.2, 0.15]]}, "properties": {"nationality": "Dutch", "year": 1788}}, {"type": "Feature", "geometry": {"type": "LineString", "coordinates": [[-37.4, 22.33], [-37.8, 23.0]]}, "properties": {"nationality": "Dutch", "year": 1826}}, {"type": "Feature", "geometry": {"type": "LineString", "coordinates": [[-18.8, 5.02], [-17.18, 4.27]]}, "properties": {"nationality": "Dutch", "year": 1838}}, {"type": "Feature", "geometry": {"type": "LineString", "coordinates": [[-58.97, 29.08], [-55.98, 30.47]]}, "properties": {"nationality": "Dutch", "year": 1827}}, {"type": "Feature", "geometry": {"type": "LineString", "coordinates": [[-35.35, -21.23], [-34.9, -22.9]]}, "properties": {"nationality": "Dutch", "year": 1849}}, {"type": "Feature", "geometry": {"type": "LineString", "coordinates": [[72.38, -24.25], [69.12, -24.45]]}, "properties": {"nationality": "Dutch", "year": 1849}}, {"type": "Feature", "geometry": {"type": "LineString", "coordinates": [[-27.87, -24.43], [-27.47, -25.42]]}, "properties": {"nationality": "Dutch", "year": 1785}}, {"type": "Feature", "geometry": {"type": "LineString", "coordinates": [[110.7, 12.9], [112.17, 13.81]]}, "properties": {"nationality": "Dutch", "year": 1849}}, {"type": "Feature", "geometry": {"type": "LineString", "coordinates": [[-17.88, -6.22], [-19.2, -4.87]]}, "properties": {"nationality": "Dutch", "year": 1831}}, {"type": "Feature", "geometry": {"type": "LineString", "coordinates": [[-31.43, 23.83], [-33.02, 22.7]]}, "properties": {"nationality": "Dutch", "year": 1752}}, {"type": "Feature", "geometry": {"type": "LineString", "coordinates": [[3.07, 4.55], [3.07, 4.4]]}, "properties": {"nationality": "Dutch", "year": 1779}}, {"type": "Feature", "geometry": {"type": "LineString", "coordinates": [[-33.9, 37.45], [-33.58, 38.38]]}, "properties": {"nationality": "Dutch", "year": 1850}}, {"type": "Feature", "geometry": {"type": "LineString", "coordinates": [[-36.52, 37.68], [-33.67, 38.9]]}, "properties": {"nationality": "Dutch", "year": 1846}}, {"type": "Feature", "geometry": {"type": "LineString", "coordinates": [[85.75, -34.6], [88.07, -33.33]]}, "properties": {"nationality": "Dutch", "year": 1842}}, {"type": "Feature", "geometry": {"type": "LineString", "coordinates": [[-28.85, 39.75], [-27.98, 40.3]]}, "properties": {"nationality": "Dutch", "year": 1789}}, {"type": "Feature", "geometry": {"type": "LineString", "coordinates": [[-36.68, 23.4], [-37.03, 24.77]]}, "properties": {"nationality": "Dutch", "year": 1761}}, {"type": "Feature", "geometry": {"type": "LineString", "coordinates": [[84.95, -9.12], [83.13, -9.27]]}, "properties": {"nationality": "Dutch", "year": 1785}}, {"type": "Feature", "geometry": {"type": "LineString", "coordinates": [[69.2, -37.72], [72.6, -36.92]]}, "properties": {"nationality": "Dutch", "year": 1846}}, {"type": "Feature", "geometry": {"type": "LineString", "coordinates": [[-0.18, 68.58], [1.02, 68.75]]}, "properties": {"nationality": "Dutch", "year": 1785}}, {"type": "Feature", "geometry": {"type": "LineString", "coordinates": [[14.9, -39.55], [20.15, -39.75]]}, "properties": {"nationality": "Dutch", "year": 1842}}, {"type": "Feature", "geometry": {"type": "LineString", "coordinates": [[-27.17, -25.6], [-25.8, -27.23]]}, "properties": {"nationality": "Dutch", "year": 1774}}, {"type": "Feature", "geometry": {"type": "LineString", "coordinates": [[95.35, -30.1], [97.0, -27.48]]}, "properties": {"nationality": "Dutch", "year": 1844}}, {"type": "Feature", "geometry": {"type": "LineString", "coordinates": [[49.33, -27.7], [46.12, -28.17]]}, "properties": {"nationality": "Dutch", "year": 1850}}, {"type": "Feature", "geometry": {"type": "LineString", "coordinates": [[63.33, -38.73], [67.15, -37.95]]}, "properties": {"nationality": "Dutch", "year": 1820}}, {"type": "Feature", "geometry": {"type": "LineString", "coordinates": [[4.77, -35.65], [8.38, -36.32]]}, "properties": {"nationality": "Dutch", "year": 1841}}, {"type": "Feature", "geometry": {"type": "LineString", "coordinates": [[-22.87, -32.03], [-19.28, -33.08]]}, "properties": {"nationality": "Dutch", "year": 1842}}, {"type": "Feature", "geometry": {"type": "LineString", "coordinates": [[103.1, -6.3], [102.43, -5.92]]}, "properties": {"nationality": "Dutch", "year": 1840}}, {"type": "Feature", "geometry": {"type": "LineString", "coordinates": [[-23.83, -24.48], [-24.06, -25.4]]}, "properties": {"nationality": "Dutch", "year": 1791}}, {"type": "Feature", "geometry": {"type": "LineString", "coordinates": [[-13.33, 48.0], [-9.73, 48.73]]}, "properties": {"nationality": "Dutch", "year": 1829}}, {"type": "Feature", "geometry": {"type": "LineString", "coordinates": [[-18.39, 29.24], [-19.35, 27.14]]}, "properties": {"nationality": "Dutch", "year": 1841}}, {"type": "Feature", "geometry": {"type": "LineString", "coordinates": [[-17.28, 9.02], [-16.92, 8.87]]}, "properties": {"nationality": "Dutch", "year": 1768}}, {"type": "Feature", "geometry": {"type": "LineString", "coordinates": [[-47.97, 9.87], [-50.32, 8.33]]}, "properties": {"nationality": "Dutch", "year": 1837}}, {"type": "Feature", "geometry": {"type": "LineString", "coordinates": [[3.57, -1.05], [2.85, -1.3]]}, "properties": {"nationality": "Dutch", "year": 1841}}, {"type": "Feature", "geometry": {"type": "LineString", "coordinates": [[44.77, -28.98], [42.13, -29.7]]}, "properties": {"nationality": "Dutch", "year": 1836}}, {"type": "Feature", "geometry": {"type": "LineString", "coordinates": [[-61.62, 27.95], [-60.08, 29.63]]}, "properties": {"nationality": "Dutch", "year": 1803}}, {"type": "Feature", "geometry": {"type": "LineString", "coordinates": [[0.23, 50.58], [-3.9, 50.07]]}, "properties": {"nationality": "Dutch", "year": 1831}}, {"type": "Feature", "geometry": {"type": "LineString", "coordinates": [[91.8, -9.62], [91.65, -8.37]]}, "properties": {"nationality": "Dutch", "year": 1833}}, {"type": "Feature", "geometry": {"type": "LineString", "coordinates": [[-22.22, 4.28], [-21.73, 4.93]]}, "properties": {"nationality": "Dutch", "year": 1845}}, {"type": "Feature", "geometry": {"type": "LineString", "coordinates": [[58.58, -24.88], [55.85, -26.02]]}, "properties": {"nationality": "Dutch", "year": 1847}}, {"type": "Feature", "geometry": {"type": "LineString", "coordinates": [[-15.22, 47.58], [-12.0, 46.93]]}, "properties": {"nationality": "Dutch", "year": 1835}}, {"type": "Feature", "geometry": {"type": "LineString", "coordinates": [[-23.98, 3.22], [-24.47, 3.03]]}, "properties": {"nationality": "Dutch", "year": 1784}}, {"type": "Feature", "geometry": {"type": "LineString", "coordinates": [[-26.12, 24.53], [-28.05, 22.9]]}, "properties": {"nationality": "Dutch", "year": 1826}}, {"type": "Feature", "geometry": {"type": "LineString", "coordinates": [[-23.27, 9.2], [-22.82, 8.58]]}, "properties": {"nationality": "Dutch", "year": 1846}}, {"type": "Feature", "geometry": {"type": "LineString", "coordinates": [[84.18, -30.8], [85.63, -28.67]]}, "properties": {"nationality": "Dutch", "year": 1833}}, {"type": "Feature", "geometry": {"type": "LineString", "coordinates": [[-19.58, 6.02], [-19.37, 5.64]]}, "properties": {"nationality": "Dutch", "year": 1817}}, {"type": "Feature", "geometry": {"type": "LineString", "coordinates": [[2.27, -23.03], [0.83, -21.82]]}, "properties": {"nationality": "Dutch", "year": 1843}}, {"type": "Feature", "geometry": {"type": "LineString", "coordinates": [[-38.65, 25.25], [-38.02, 25.95]]}, "properties": {"nationality": "Dutch", "year": 1818}}, {"type": "Feature", "geometry": {"type": "LineString", "coordinates": [[-20.8, 3.98], [-20.8, 3.98]]}, "properties": {"nationality": "Dutch", "year": 1837}}, {"type": "Feature", "geometry": {"type": "LineString", "coordinates": [[-5.4, -33.15], [-1.18, -34.6]]}, "properties": {"nationality": "Dutch", "year": 1843}}, {"type": "Feature", "geometry": {"type": "LineString", "coordinates": [[-32.97, -23.05], [-32.6, -24.07]]}, "properties": {"nationality": "Dutch", "year": 1783}}, {"type": "Feature", "geometry": {"type": "LineString", "coordinates": [[-18.68, -33.22], [-15.37, -33.09]]}, "properties": {"nationality": "Dutch", "year": 1846}}, {"type": "Feature", "geometry": {"type": "LineString", "coordinates": [[-12.13, 46.43], [-10.75, 46.53]]}, "properties": {"nationality": "Dutch", "year": 1843}}, {"type": "Feature", "geometry": {"type": "LineString", "coordinates": [[-24.38, 6.77], [-24.32, 7.6]]}, "properties": {"nationality": "Dutch", "year": 1843}}, {"type": "Feature", "geometry": {"type": "LineString", "coordinates": [[-32.29, 20.15], [-33.49, 18.17]]}, "properties": {"nationality": "Dutch", "year": 1829}}, {"type": "Feature", "geometry": {"type": "LineString", "coordinates": [[-23.87, -30.5], [-22.79, -30.47]]}, "properties": {"nationality": "Dutch", "year": 1820}}, {"type": "Feature", "geometry": {"type": "LineString", "coordinates": [[-56.53, 10.42], [-57.48, 11.43]]}, "properties": {"nationality": "Dutch", "year": 1768}}, {"type": "Feature", "geometry": {"type": "LineString", "coordinates": [[-54.28, 31.36], [-52.1, 32.16]]}, "properties": {"nationality": "Dutch", "year": 1833}}, {"type": "Feature", "geometry": {"type": "LineString", "coordinates": [[-0.65, -21.77], [-2.22, -20.33]]}, "properties": {"nationality": "Dutch", "year": 1849}}, {"type": "Feature", "geometry": {"type": "LineString", "coordinates": [[-28.94, 35.61], [-27.51, 37.47]]}, "properties": {"nationality": "Dutch", "year": 1839}}, {"type": "Feature", "geometry": {"type": "LineString", "coordinates": [[83.02, -24.15], [82.03, -24.55]]}, "properties": {"nationality": "Dutch", "year": 1849}}, {"type": "Feature", "geometry": {"type": "LineString", "coordinates": [[-14.8, 57.3], [-14.03, 57.69]]}, "properties": {"nationality": "Dutch", "year": 1803}}, {"type": "Feature", "geometry": {"type": "LineString", "coordinates": [[-33.75, -0.92], [-34.75, -0.78]]}, "properties": {"nationality": "Dutch", "year": 1762}}, {"type": "Feature", "geometry": {"type": "LineString", "coordinates": [[2.88, -22.95], [0.95, -21.0]]}, "properties": {"nationality": "Dutch", "year": 1834}}, {"type": "Feature", "geometry": {"type": "LineString", "coordinates": [[54.92, -27.68], [51.82, -28.45]]}, "properties": {"nationality": "Dutch", "year": 1839}}, {"type": "Feature", "geometry": {"type": "LineString", "coordinates": [[-33.45, 35.82], [-33.9, 36.65]]}, "properties": {"nationality": "Dutch", "year": 1842}}, {"type": "Feature", "geometry": {"type": "LineString", "coordinates": [[26.2, -33.9], [25.15, -34.6]]}, "properties": {"nationality": "Dutch", "year": 1848}}, {"type": "Feature", "geometry": {"type": "LineString", "coordinates": [[44.52, -6.9], [45.12, -5.13]]}, "properties": {"nationality": "Dutch", "year": 1764}}, {"type": "Feature", "geometry": {"type": "LineString", "coordinates": [[-11.48, 43.83], [-14.0, 41.22]]}, "properties": {"nationality": "Dutch", "year": 1825}}, {"type": "Feature", "geometry": {"type": "LineString", "coordinates": [[-25.25, 24.42], [-26.28, 24.17]]}, "properties": {"nationality": "Dutch", "year": 1780}}, {"type": "Feature", "geometry": {"type": "LineString", "coordinates": [[2.31, -22.03], [-0.05, -20.58]]}, "properties": {"nationality": "Dutch", "year": 1842}}, {"type": "Feature", "geometry": {"type": "LineString", "coordinates": [[40.02, -29.92], [38.83, -30.1]]}, "properties": {"nationality": "Dutch", "year": 1849}}, {"type": "Feature", "geometry": {"type": "LineString", "coordinates": [[-17.98, 30.77], [-18.73, 28.98]]}, "properties": {"nationality": "Dutch", "year": 1827}}, {"type": "Feature", "geometry": {"type": "LineString", "coordinates": [[-29.6, -9.65], [-30.05, -12.18]]}, "properties": {"nationality": "Dutch", "year": 1839}}, {"type": "Feature", "geometry": {"type": "LineString", "coordinates": [[105.05, -9.13], [106.22, -9.58]]}, "properties": {"nationality": "Dutch", "year": 1846}}, {"type": "Feature", "geometry": {"type": "LineString", "coordinates": [[85.92, -36.53], [89.35, -36.25]]}, "properties": {"nationality": "Dutch", "year": 1839}}, {"type": "Feature", "geometry": {"type": "LineString", "coordinates": [[-19.25, -2.52], [-19.63, -0.65]]}, "properties": {"nationality": "Dutch", "year": 1843}}, {"type": "Feature", "geometry": {"type": "LineString", "coordinates": [[-6.5, 49.17], [-5.55, 49.8]]}, "properties": {"nationality": "Dutch", "year": 1837}}, {"type": "Feature", "geometry": {"type": "LineString", "coordinates": [[114.87, -9.08], [114.98, -9.52]]}, "properties": {"nationality": "Dutch", "year": 1849}}, {"type": "Feature", "geometry": {"type": "LineString", "coordinates": [[-19.28, 24.57], [-19.73, 22.4]]}, "properties": {"nationality": "Dutch", "year": 1788}}, {"type": "Feature", "geometry": {"type": "LineString", "coordinates": [[82.35, -6.02], [82.43, -5.48]]}, "properties": {"nationality": "Dutch", "year": 1767}}, {"type": "Feature", "geometry": {"type": "LineString", "coordinates": [[103.05, -5.75], [103.78, -5.48]]}, "properties": {"nationality": "Dutch", "year": 1833}}, {"type": "Feature", "geometry": {"type": "LineString", "coordinates": [[-18.57, 6.13], [-18.53, 5.48]]}, "properties": {"nationality": "Dutch", "year": 1818}}, {"type": "Feature", "geometry": {"type": "LineString", "coordinates": [[-12.94, 3.37], [-12.7, 3.13]]}, "properties": {"nationality": "Dutch", "year": 1802}}, {"type": "Feature", "geometry": {"type": "LineString", "coordinates": [[-13.31, 37.75], [-14.1, 36.83]]}, "properties": {"nationality": "Dutch", "year": 1783}}, {"type": "Feature", "geometry": {"type": "LineString", "coordinates": [[-14.5, -8.58], [-15.9, -6.53]]}, "properties": {"nationality": "Dutch", "year": 1846}}, {"type": "Feature", "geometry": {"type": "LineString", "coordinates": [[-23.43, 26.12], [-22.98, 22.52]]}, "properties": {"nationality": "Dutch", "year": 1839}}, {"type": "Feature", "geometry": {"type": "LineString", "coordinates": [[81.5, -16.07], [79.92, -17.25]]}, "properties": {"nationality": "Dutch", "year": 1756}}, {"type": "Feature", "geometry": {"type": "LineString", "coordinates": [[106.86, -6.1], [106.86, -6.1]]}, "properties": {"nationality": "Dutch", "year": 1784}}, {"type": "Feature", "geometry": {"type": "LineString", "coordinates": [[-1.85, -18.2], [-5.07, -16.22]]}, "properties": {"nationality": "Dutch", "year": 1850}}, {"type": "Feature", "geometry": {"type": "LineString", "coordinates": [[-26.32, -18.28], [-25.6, -19.7]]}, "properties": {"nationality": "Dutch", "year": 1794}}, {"type": "Feature", "geometry": {"type": "LineString", "coordinates": [[-41.82, 27.03], [-43.17, 27.75]]}, "properties": {"nationality": "Dutch", "year": 1819}}, {"type": "Feature", "geometry": {"type": "LineString", "coordinates": [[67.03, -37.03], [69.75, -35.33]]}, "properties": {"nationality": "Dutch", "year": 1819}}, {"type": "Feature", "geometry": {"type": "LineString", "coordinates": [[-29.82, 43.9], [-26.72, 45.37]]}, "properties": {"nationality": "Dutch", "year": 1765}}, {"type": "Feature", "geometry": {"type": "LineString", "coordinates": [[-72.03, 29.4], [-72.65, 30.93]]}, "properties": {"nationality": "Dutch", "year": 1850}}, {"type": "Feature", "geometry": {"type": "LineString", "coordinates": [[102.33, -11.2], [102.95, -8.8]]}, "properties": {"nationality": "Dutch", "year": 1848}}, {"type": "Feature", "geometry": {"type": "LineString", "coordinates": [[-8.15, -35.43], [-4.05, -34.98]]}, "properties": {"nationality": "Dutch", "year": 1834}}, {"type": "Feature", "geometry": {"type": "LineString", "coordinates": [[59.18, -37.85], [62.52, -38.28]]}, "properties": {"nationality": "Dutch", "year": 1845}}, {"type": "Feature", "geometry": {"type": "LineString", "coordinates": [[75.02, 9.17], [75.86, 9.02]]}, "properties": {"nationality": "Dutch", "year": 1786}}, {"type": "Feature", "geometry": {"type": "LineString", "coordinates": [[-48.63, 4.65], [-49.13, 4.97]]}, "properties": {"nationality": "Dutch", "year": 1751}}, {"type": "Feature", "geometry": {"type": "LineString", "coordinates": [[67.72, -21.2], [66.52, -21.75]]}, "properties": {"nationality": "Dutch", "year": 1820}}, {"type": "Feature", "geometry": {"type": "LineString", "coordinates": [[4.0, -0.87], [3.12, -1.18]]}, "properties": {"nationality": "Dutch", "year": 1756}}, {"type": "Feature", "geometry": {"type": "LineString", "coordinates": [[-22.4, 0.78], [-23.3, 3.15]]}, "properties": {"nationality": "Dutch", "year": 1843}}, {"type": "Feature", "geometry": {"type": "LineString", "coordinates": [[13.17, -34.32], [15.88, -34.17]]}, "properties": {"nationality": "Dutch", "year": 1755}}, {"type": "Feature", "geometry": {"type": "LineString", "coordinates": [[-8.53, -33.82], [-6.62, -33.12]]}, "properties": {"nationality": "Dutch", "year": 1847}}, {"type": "Feature", "geometry": {"type": "LineString", "coordinates": [[88.03, -22.33], [85.0, -23.33]]}, "properties": {"nationality": "Dutch", "year": 1849}}, {"type": "Feature", "geometry": {"type": "LineString", "coordinates": [[1.42, -23.67], [-0.88, -21.23]]}, "properties": {"nationality": "Dutch", "year": 1841}}, {"type": "Feature", "geometry": {"type": "LineString", "coordinates": [[-36.0, -16.95], [-33.78, -18.95]]}, "properties": {"nationality": "Dutch", "year": 1833}}, {"type": "Feature", "geometry": {"type": "LineString", "coordinates": [[-21.52, 15.13], [-21.05, 12.63]]}, "properties": {"nationality": "Dutch", "year": 1766}}, {"type": "Feature", "geometry": {"type": "LineString", "coordinates": [[-15.52, 40.87], [-17.28, 38.5]]}, "properties": {"nationality": "Dutch", "year": 1843}}, {"type": "Feature", "geometry": {"type": "LineString", "coordinates": [[-22.58, -1.15], [-23.28, -2.53]]}, "properties": {"nationality": "Dutch", "year": 1788}}, {"type": "Feature", "geometry": {"type": "LineString", "coordinates": [[-1.88, -19.38], [-4.0, -16.88]]}, "properties": {"nationality": "Dutch", "year": 1839}}, {"type": "Feature", "geometry": {"type": "LineString", "coordinates": [[-2.62, -35.12], [-2.4, -35.58]]}, "properties": {"nationality": "Dutch", "year": 1783}}, {"type": "Feature", "geometry": {"type": "LineString", "coordinates": [[116.02, -7.97], [116.98, -8.13]]}, "properties": {"nationality": "Dutch", "year": 1834}}, {"type": "Feature", "geometry": {"type": "LineString", "coordinates": [[92.47, -33.95], [95.32, -32.18]]}, "properties": {"nationality": "Dutch", "year": 1838}}, {"type": "Feature", "geometry": {"type": "LineString", "coordinates": [[9.58, -12.23], [8.63, -13.17]]}, "properties": {"nationality": "Dutch", "year": 1848}}, {"type": "Feature", "geometry": {"type": "LineString", "coordinates": [[12.59, -28.83], [10.83, -27.32]]}, "properties": {"nationality": "Dutch", "year": 1790}}, {"type": "Feature", "geometry": {"type": "LineString", "coordinates": [[-22.55, 14.2], [-22.33, 12.35]]}, "properties": {"nationality": "Dutch", "year": 1849}}, {"type": "Feature", "geometry": {"type": "LineString", "coordinates": [[-24.35, 5.58], [-26.58, 6.6]]}, "properties": {"nationality": "Dutch", "year": 1850}}, {"type": "Feature", "geometry": {"type": "LineString", "coordinates": [[-10.98, -35.33], [-9.1, -35.67]]}, "properties": {"nationality": "Dutch", "year": 1791}}, {"type": "Feature", "geometry": {"type": "LineString", "coordinates": [[-38.63, 39.83], [-37.83, 40.1]]}, "properties": {"nationality": "Dutch", "year": 1754}}, {"type": "Feature", "geometry": {"type": "LineString", "coordinates": [[92.3, -32.47], [94.32, -30.48]]}, "properties": {"nationality": "Dutch", "year": 1840}}, {"type": "Feature", "geometry": {"type": "LineString", "coordinates": [[58.45, -25.88], [56.07, -26.82]]}, "properties": {"nationality": "Dutch", "year": 1842}}, {"type": "Feature", "geometry": {"type": "LineString", "coordinates": [[-21.63, 6.82], [-21.08, 5.28]]}, "properties": {"nationality": "Dutch", "year": 1849}}, {"type": "Feature", "geometry": {"type": "LineString", "coordinates": [[-13.27, 41.73], [-13.53, 39.55]]}, "properties": {"nationality": "Dutch", "year": 1815}}, {"type": "Feature", "geometry": {"type": "LineString", "coordinates": [[-0.32, 50.22], [-1.17, 50.17]]}, "properties": {"nationality": "Dutch", "year": 1847}}, {"type": "Feature", "geometry": {"type": "LineString", "coordinates": [[-18.73, 37.85], [-19.13, 37.72]]}, "properties": {"nationality": "Dutch", "year": 1763}}, {"type": "Feature", "geometry": {"type": "LineString", "coordinates": [[103.28, -9.85], [100.83, -10.15]]}, "properties": {"nationality": "Dutch", "year": 1843}}, {"type": "Feature", "geometry": {"type": "LineString", "coordinates": [[-54.67, 30.25], [-52.28, 31.2]]}, "properties": {"nationality": "Dutch", "year": 1786}}, {"type": "Feature", "geometry": {"type": "LineString", "coordinates": [[-68.33, 33.63], [-69.82, 35.03]]}, "properties": {"nationality": "Dutch", "year": 1825}}, {"type": "Feature", "geometry": {"type": "LineString", "coordinates": [[-24.13, 24.45], [-25.05, 21.78]]}, "properties": {"nationality": "Dutch", "year": 1846}}, {"type": "Feature", "geometry": {"type": "LineString", "coordinates": [[12.73, -29.15], [11.3, -27.95]]}, "properties": {"nationality": "Dutch", "year": 1758}}, {"type": "Feature", "geometry": {"type": "LineString", "coordinates": [[-16.8, 38.25], [-15.97, 37.02]]}, "properties": {"nationality": "Dutch", "year": 1839}}, {"type": "Feature", "geometry": {"type": "LineString", "coordinates": [[-21.93, -1.63], [-22.93, 0.23]]}, "properties": {"nationality": "Dutch", "year": 1849}}, {"type": "Feature", "geometry": {"type": "LineString", "coordinates": [[-64.33, -52.77], [-63.47, -54.63]]}, "properties": {"nationality": "Dutch", "year": 1823}}, {"type": "Feature", "geometry": {"type": "LineString", "coordinates": [[-14.06, 8.53], [-13.4, 8.03]]}, "properties": {"nationality": "Dutch", "year": 1758}}, {"type": "Feature", "geometry": {"type": "LineString", "coordinates": [[-32.5, 28.78], [-31.62, 29.73]]}, "properties": {"nationality": "Dutch", "year": 1786}}, {"type": "Feature", "geometry": {"type": "LineString", "coordinates": [[70.9, -38.67], [75.43, -38.28]]}, "properties": {"nationality": "Dutch", "year": 1849}}, {"type": "Feature", "geometry": {"type": "LineString", "coordinates": [[-8.93, 49.25], [-5.58, 49.25]]}, "properties": {"nationality": "Dutch", "year": 1757}}, {"type": "Feature", "geometry": {"type": "LineString", "coordinates": [[107.13, 4.25], [106.88, 3.55]]}, "properties": {"nationality": "Dutch", "year": 1835}}, {"type": "Feature", "geometry": {"type": "LineString", "coordinates": [[3.4, -21.15], [3.77, -20.25]]}, "properties": {"nationality": "Dutch", "year": 1838}}, {"type": "Feature", "geometry": {"type": "LineString", "coordinates": [[-16.13, 35.17], [-16.2, 34.32]]}, "properties": {"nationality": "Dutch", "year": 1849}}, {"type": "Feature", "geometry": {"type": "LineString", "coordinates": [[3.82, 61.77], [5.3, 60.4]]}, "properties": {"nationality": "Dutch", "year": 1799}}, {"type": "Feature", "geometry": {"type": "LineString", "coordinates": [[103.3, -5.18], [102.81, -4.78]]}, "properties": {"nationality": "Dutch", "year": 1840}}, {"type": "Feature", "geometry": {"type": "LineString", "coordinates": [[99.1, -7.0], [99.57, -6.6]]}, "properties": {"nationality": "Dutch", "year": 1793}}, {"type": "Feature", "geometry": {"type": "LineString", "coordinates": [[31.48, -31.25], [31.82, -31.5]]}, "properties": {"nationality": "Dutch", "year": 1839}}, {"type": "Feature", "geometry": {"type": "LineString", "coordinates": [[-45.3, 13.97], [-47.5, 16.1]]}, "properties": {"nationality": "Dutch", "year": 1809}}, {"type": "Feature", "geometry": {"type": "LineString", "coordinates": [[-8.0, 49.0], [-8.0, 49.0]]}, "properties": {"nationality": "Dutch", "year": 1850}}, {"type": "Feature", "geometry": {"type": "LineString", "coordinates": [[-17.74, 10.28], [-16.5, 8.73]]}, "properties": {"nationality": "Dutch", "year": 1802}}, {"type": "Feature", "geometry": {"type": "LineString", "coordinates": [[46.48, -35.02], [49.65, -34.88]]}, "properties": {"nationality": "Dutch", "year": 1842}}, {"type": "Feature", "geometry": {"type": "LineString", "coordinates": [[-42.82, 34.42], [-41.15, 35.2]]}, "properties": {"nationality": "Dutch", "year": 1771}}, {"type": "Feature", "geometry": {"type": "LineString", "coordinates": [[-24.57, 12.33], [-22.63, 10.1]]}, "properties": {"nationality": "Dutch", "year": 1841}}, {"type": "Feature", "geometry": {"type": "LineString", "coordinates": [[-10.28, -15.57], [-11.03, -17.78]]}, "properties": {"nationality": "Dutch", "year": 1837}}, {"type": "Feature", "geometry": {"type": "LineString", "coordinates": [[-37.27, 41.0], [-34.9, 42.18]]}, "properties": {"nationality": "Dutch", "year": 1778}}, {"type": "Feature", "geometry": {"type": "LineString", "coordinates": [[12.25, -36.97], [17.08, -37.5]]}, "properties": {"nationality": "Dutch", "year": 1846}}, {"type": "Feature", "geometry": {"type": "LineString", "coordinates": [[-20.97, 23.8], [-22.33, 22.62]]}, "properties": {"nationality": "Dutch", "year": 1820}}, {"type": "Feature", "geometry": {"type": "LineString", "coordinates": [[83.77, -20.83], [80.88, -21.82]]}, "properties": {"nationality": "Dutch", "year": 1842}}, {"type": "Feature", "geometry": {"type": "LineString", "coordinates": [[-18.97, 5.7], [-20.35, 3.58]]}, "properties": {"nationality": "Dutch", "year": 1847}}, {"type": "Feature", "geometry": {"type": "LineString", "coordinates": [[114.85, -12.67], [115.05, -13.52]]}, "properties": {"nationality": "Dutch", "year": 1849}}, {"type": "Feature", "geometry": {"type": "LineString", "coordinates": [[-24.33, 6.06], [-24.5, 6.73]]}, "properties": {"nationality": "Dutch", "year": 1842}}, {"type": "Feature", "geometry": {"type": "LineString", "coordinates": [[25.55, -34.72], [23.2, -35.03]]}, "properties": {"nationality": "Dutch", "year": 1845}}, {"type": "Feature", "geometry": {"type": "LineString", "coordinates": [[103.33, -9.78], [103.18, -10.63]]}, "properties": {"nationality": "Dutch", "year": 1842}}, {"type": "Feature", "geometry": {"type": "LineString", "coordinates": [[-15.52, -7.13], [-17.3, -5.48]]}, "properties": {"nationality": "Dutch", "year": 1847}}, {"type": "Feature", "geometry": {"type": "LineString", "coordinates": [[-27.89, 5.9], [-27.88, 5.97]]}, "properties": {"nationality": "Dutch", "year": 1836}}, {"type": "Feature", "geometry": {"type": "LineString", "coordinates": [[107.48, -2.02], [106.62, -3.92]]}, "properties": {"nationality": "Dutch", "year": 1835}}, {"type": "Feature", "geometry": {"type": "LineString", "coordinates": [[-26.4, 5.4], [-27.92, 7.43]]}, "properties": {"nationality": "Dutch", "year": 1838}}, {"type": "Feature", "geometry": {"type": "LineString", "coordinates": [[-59.32, 17.28], [-59.2, 18.35]]}, "properties": {"nationality": "Dutch", "year": 1768}}, {"type": "Feature", "geometry": {"type": "LineString", "coordinates": [[-36.78, 21.15], [-37.4, 22.33]]}, "properties": {"nationality": "Dutch", "year": 1826}}, {"type": "Feature", "geometry": {"type": "LineString", "coordinates": [[89.62, -30.35], [92.08, -29.3]]}, "properties": {"nationality": "Dutch", "year": 1845}}, {"type": "Feature", "geometry": {"type": "LineString", "coordinates": [[-5.92, 49.88], [-6.96, 49.37]]}, "properties": {"nationality": "Dutch", "year": 1773}}, {"type": "Feature", "geometry": {"type": "LineString", "coordinates": [[-15.9, 33.12], [-16.68, 31.55]]}, "properties": {"nationality": "Dutch", "year": 1802}}, {"type": "Feature", "geometry": {"type": "LineString", "coordinates": [[12.17, -29.1], [9.32, -26.97]]}, "properties": {"nationality": "Dutch", "year": 1848}}, {"type": "Feature", "geometry": {"type": "LineString", "coordinates": [[44.12, -29.22], [41.17, -30.22]]}, "properties": {"nationality": "Dutch", "year": 1850}}, {"type": "Feature", "geometry": {"type": "LineString", "coordinates": [[41.45, -30.62], [39.03, -31.87]]}, "properties": {"nationality": "Dutch", "year": 1756}}, {"type": "Feature", "geometry": {"type": "LineString", "coordinates": [[-15.96, 37.33], [-16.05, 36.9]]}, "properties": {"nationality": "Dutch", "year": 1845}}, {"type": "Feature", "geometry": {"type": "LineString", "coordinates": [[-37.83, 28.8], [-37.95, 29.92]]}, "properties": {"nationality": "Dutch", "year": 1761}}, {"type": "Feature", "geometry": {"type": "LineString", "coordinates": [[65.72, -22.22], [63.27, -22.85]]}, "properties": {"nationality": "Dutch", "year": 1838}}, {"type": "Feature", "geometry": {"type": "LineString", "coordinates": [[-19.77, 31.93], [-20.62, 30.22]]}, "properties": {"nationality": "Dutch", "year": 1847}}, {"type": "Feature", "geometry": {"type": "LineString", "coordinates": [[-10.38, 46.3], [-11.2, 44.83]]}, "properties": {"nationality": "Dutch", "year": 1835}}, {"type": "Feature", "geometry": {"type": "LineString", "coordinates": [[31.95, -31.32], [30.0, -32.55]]}, "properties": {"nationality": "Dutch", "year": 1850}}, {"type": "Feature", "geometry": {"type": "LineString", "coordinates": [[34.58, -38.07], [36.83, -37.95]]}, "properties": {"nationality": "Dutch", "year": 1846}}, {"type": "Feature", "geometry": {"type": "LineString", "coordinates": [[-50.9, 37.73], [-47.13, 37.85]]}, "properties": {"nationality": "Dutch", "year": 1834}}, {"type": "Feature", "geometry": {"type": "LineString", "coordinates": [[-17.82, 47.22], [-13.67, 48.25]]}, "properties": {"nationality": "Dutch", "year": 1848}}, {"type": "Feature", "geometry": {"type": "LineString", "coordinates": [[-57.48, 34.3], [-53.45, 34.8]]}, "properties": {"nationality": "Dutch", "year": 1786}}, {"type": "Feature", "geometry": {"type": "LineString", "coordinates": [[99.58, -20.3], [99.95, -17.15]]}, "properties": {"nationality": "Dutch", "year": 1842}}, {"type": "Feature", "geometry": {"type": "LineString", "coordinates": [[-29.92, 6.83], [-30.24, 6.92]]}, "properties": {"nationality": "Dutch", "year": 1759}}, {"type": "Feature", "geometry": {"type": "LineString", "coordinates": [[-7.55, 47.78], [-9.4, 47.84]]}, "properties": {"nationality": "Dutch", "year": 1838}}, {"type": "Feature", "geometry": {"type": "LineString", "coordinates": [[-22.52, 46.67], [-19.0, 47.43]]}, "properties": {"nationality": "Dutch", "year": 1842}}, {"type": "Feature", "geometry": {"type": "LineString", "coordinates": [[-31.05, 26.18], [-30.81, 24.95]]}, "properties": {"nationality": "Dutch", "year": 1825}}, {"type": "Feature", "geometry": {"type": "LineString", "coordinates": [[-14.7, 33.97], [-16.0, 32.77]]}, "properties": {"nationality": "Dutch", "year": 1823}}, {"type": "Feature", "geometry": {"type": "LineString", "coordinates": [[-71.43, -17.98], [-73.18, -17.08]]}, "properties": {"nationality": "Dutch", "year": 1827}}, {"type": "Feature", "geometry": {"type": "LineString", "coordinates": [[17.75, -34.35], [18.66, -34.15]]}, "properties": {"nationality": "Dutch", "year": 1816}}, {"type": "Feature", "geometry": {"type": "LineString", "coordinates": [[-54.0, 7.23], [-54.48, 8.4]]}, "properties": {"nationality": "Dutch", "year": 1768}}, {"type": "Feature", "geometry": {"type": "LineString", "coordinates": [[-11.17, 42.7], [-11.57, 42.2]]}, "properties": {"nationality": "Dutch", "year": 1850}}, {"type": "Feature", "geometry": {"type": "LineString", "coordinates": [[-73.23, 38.3], [-73.25, 38.55]]}, "properties": {"nationality": "Dutch", "year": 1815}}, {"type": "Feature", "geometry": {"type": "LineString", "coordinates": [[32.66, -37.13], [35.11, -36.62]]}, "properties": {"nationality": "Dutch", "year": 1786}}, {"type": "Feature", "geometry": {"type": "LineString", "coordinates": [[88.83, -34.03], [91.82, -32.62]]}, "properties": {"nationality": "Dutch", "year": 1848}}, {"type": "Feature", "geometry": {"type": "LineString", "coordinates": [[106.32, -5.9], [106.86, -6.1]]}, "properties": {"nationality": "Dutch", "year": 1834}}, {"type": "Feature", "geometry": {"type": "LineString", "coordinates": [[92.08, -34.58], [94.0, -33.1]]}, "properties": {"nationality": "Dutch", "year": 1840}}, {"type": "Feature", "geometry": {"type": "LineString", "coordinates": [[-7.48, 47.8], [-8.77, 46.43]]}, "properties": {"nationality": "Dutch", "year": 1841}}, {"type": "Feature", "geometry": {"type": "LineString", "coordinates": [[-31.45, 12.45], [-33.43, 15.07]]}, "properties": {"nationality": "Dutch", "year": 1839}}, {"type": "Feature", "geometry": {"type": "LineString", "coordinates": [[-23.72, 37.6], [-21.0, 39.87]]}, "properties": {"nationality": "Dutch", "year": 1849}}, {"type": "Feature", "geometry": {"type": "LineString", "coordinates": [[-29.9, -14.0], [-31.35, -16.22]]}, "properties": {"nationality": "Dutch", "year": 1842}}, {"type": "Feature", "geometry": {"type": "LineString", "coordinates": [[-18.45, -4.15], [-19.77, -2.27]]}, "properties": {"nationality": "Dutch", "year": 1833}}, {"type": "Feature", "geometry": {"type": "LineString", "coordinates": [[-7.45, 48.33], [-7.33, 49.48]]}, "properties": {"nationality": "Dutch", "year": 1841}}, {"type": "Feature", "geometry": {"type": "LineString", "coordinates": [[-8.48, -13.37], [-10.49, -11.44]]}, "properties": {"nationality": "Dutch", "year": 1826}}, {"type": "Feature", "geometry": {"type": "LineString", "coordinates": [[-87.27, 16.3], [-87.03, 16.08]]}, "properties": {"nationality": "Dutch", "year": 1828}}, {"type": "Feature", "geometry": {"type": "LineString", "coordinates": [[-15.35, 49.2], [-12.07, 50.63]]}, "properties": {"nationality": "Dutch", "year": 1793}}, {"type": "Feature", "geometry": {"type": "LineString", "coordinates": [[83.47, -19.02], [84.35, -18.03]]}, "properties": {"nationality": "Dutch", "year": 1831}}, {"type": "Feature", "geometry": {"type": "LineString", "coordinates": [[-58.3, 28.53], [-59.52, 30.6]]}, "properties": {"nationality": "Dutch", "year": 1845}}, {"type": "Feature", "geometry": {"type": "LineString", "coordinates": [[-14.07, -34.07], [-11.55, -35.42]]}, "properties": {"nationality": "Dutch", "year": 1842}}, {"type": "Feature", "geometry": {"type": "LineString", "coordinates": [[61.62, -26.13], [60.4, -26.48]]}, "properties": {"nationality": "Dutch", "year": 1850}}, {"type": "Feature", "geometry": {"type": "LineString", "coordinates": [[-0.33, 4.52], [0.08, 4.32]]}, "properties": {"nationality": "Dutch", "year": 1773}}, {"type": "Feature", "geometry": {"type": "LineString", "coordinates": [[76.4, -18.32], [74.22, -19.18]]}, "properties": {"nationality": "Dutch", "year": 1786}}, {"type": "Feature", "geometry": {"type": "LineString", "coordinates": [[-27.48, 3.22], [-27.48, 3.22]]}, "properties": {"nationality": "Dutch", "year": 1750}}, {"type": "Feature", "geometry": {"type": "LineString", "coordinates": [[-20.13, 19.33], [-20.48, 17.6]]}, "properties": {"nationality": "Dutch", "year": 1760}}, {"type": "Feature", "geometry": {"type": "LineString", "coordinates": [[69.9, -40.17], [74.23, -41.17]]}, "properties": {"nationality": "Dutch", "year": 1840}}, {"type": "Feature", "geometry": {"type": "LineString", "coordinates": [[41.5, -37.77], [45.82, -38.33]]}, "properties": {"nationality": "Dutch", "year": 1836}}, {"type": "Feature", "geometry": {"type": "LineString", "coordinates": [[-60.77, 10.82], [-63.89, 11.87]]}, "properties": {"nationality": "Dutch", "year": 1829}}, {"type": "Feature", "geometry": {"type": "LineString", "coordinates": [[-1.17, -20.78], [-2.08, -19.85]]}, "properties": {"nationality": "Dutch", "year": 1848}}, {"type": "Feature", "geometry": {"type": "LineString", "coordinates": [[106.75, -5.88], [105.3, -6.5]]}, "properties": {"nationality": "Dutch", "year": 1846}}, {"type": "Feature", "geometry": {"type": "LineString", "coordinates": [[-54.43, 9.42], [-54.97, 10.78]]}, "properties": {"nationality": "Dutch", "year": 1771}}, {"type": "Feature", "geometry": {"type": "LineString", "coordinates": [[-26.05, 16.47], [-24.85, 13.45]]}, "properties": {"nationality": "Dutch", "year": 1840}}, {"type": "Feature", "geometry": {"type": "LineString", "coordinates": [[-24.42, -25.4], [-24.5, -25.55]]}, "properties": {"nationality": "Dutch", "year": 1843}}, {"type": "Feature", "geometry": {"type": "LineString", "coordinates": [[17.5, -32.95], [15.97, -31.87]]}, "properties": {"nationality": "Dutch", "year": 1759}}, {"type": "Feature", "geometry": {"type": "LineString", "coordinates": [[-30.85, 43.65], [-28.43, 44.77]]}, "properties": {"nationality": "Dutch", "year": 1842}}, {"type": "Feature", "geometry": {"type": "LineString", "coordinates": [[85.83, -15.08], [83.12, -16.17]]}, "properties": {"nationality": "Dutch", "year": 1788}}, {"type": "Feature", "geometry": {"type": "LineString", "coordinates": [[18.2, -34.33], [18.38, -34.78]]}, "properties": {"nationality": "Dutch", "year": 1784}}, {"type": "Feature", "geometry": {"type": "LineString", "coordinates": [[-10.35, -35.47], [-7.23, -35.38]]}, "properties": {"nationality": "Dutch", "year": 1842}}, {"type": "Feature", "geometry": {"type": "LineString", "coordinates": [[-6.83, 48.2], [-8.83, 46.15]]}, "properties": {"nationality": "Dutch", "year": 1850}}, {"type": "Feature", "geometry": {"type": "LineString", "coordinates": [[-9.33, -12.72], [-10.95, -11.13]]}, "properties": {"nationality": "Dutch", "year": 1845}}, {"type": "Feature", "geometry": {"type": "LineString", "coordinates": [[-39.93, 0.97], [-41.12, 1.07]]}, "properties": {"nationality": "Dutch", "year": 1771}}, {"type": "Feature", "geometry": {"type": "LineString", "coordinates": [[-23.67, 9.27], [-23.15, 8.08]]}, "properties": {"nationality": "Dutch", "year": 1794}}, {"type": "Feature", "geometry": {"type": "LineString", "coordinates": [[17.07, -35.82], [17.03, -37.09]]}, "properties": {"nationality": "Dutch", "year": 1845}}, {"type": "Feature", "geometry": {"type": "LineString", "coordinates": [[65.32, -20.83], [62.4, -21.38]]}, "properties": {"nationality": "Dutch", "year": 1846}}, {"type": "Feature", "geometry": {"type": "LineString", "coordinates": [[4.59, -34.83], [7.63, -34.63]]}, "properties": {"nationality": "Dutch", "year": 1788}}, {"type": "Feature", "geometry": {"type": "LineString", "coordinates": [[83.67, -37.32], [87.28, -36.98]]}, "properties": {"nationality": "Dutch", "year": 1850}}, {"type": "Feature", "geometry": {"type": "LineString", "coordinates": [[-42.25, 13.78], [-43.92, 12.28]]}, "properties": {"nationality": "Dutch", "year": 1838}}, {"type": "Feature", "geometry": {"type": "LineString", "coordinates": [[-28.42, -24.3], [-25.37, -27.55]]}, "properties": {"nationality": "Dutch", "year": 1844}}, {"type": "Feature", "geometry": {"type": "LineString", "coordinates": [[-55.43, 33.85], [-52.52, 34.83]]}, "properties": {"nationality": "Dutch", "year": 1763}}, {"type": "Feature", "geometry": {"type": "LineString", "coordinates": [[1.59, 51.51], [-0.63, 50.6]]}, "properties": {"nationality": "Dutch", "year": 1825}}, {"type": "Feature", "geometry": {"type": "LineString", "coordinates": [[41.17, -29.85], [39.1, -30.45]]}, "properties": {"nationality": "Dutch", "year": 1758}}, {"type": "Feature", "geometry": {"type": "LineString", "coordinates": [[-42.48, 32.52], [-41.32, 34.55]]}, "properties": {"nationality": "Dutch", "year": 1849}}, {"type": "Feature", "geometry": {"type": "LineString", "coordinates": [[-14.38, 28.87], [-16.13, 28.42]]}, "properties": {"nationality": "Dutch", "year": 1838}}, {"type": "Feature", "geometry": {"type": "LineString", "coordinates": [[-16.77, 45.5], [-14.87, 47.0]]}, "properties": {"nationality": "Dutch", "year": 1842}}, {"type": "Feature", "geometry": {"type": "LineString", "coordinates": [[-3.1, 50.27], [-3.25, 50.05]]}, "properties": {"nationality": "Dutch", "year": 1841}}, {"type": "Feature", "geometry": {"type": "LineString", "coordinates": [[-65.68, 11.62], [-67.88, 11.67]]}, "properties": {"nationality": "Dutch", "year": 1834}}, {"type": "Feature", "geometry": {"type": "LineString", "coordinates": [[46.4, -37.38], [48.93, -37.48]]}, "properties": {"nationality": "Dutch", "year": 1847}}, {"type": "Feature", "geometry": {"type": "LineString", "coordinates": [[-40.58, 2.97], [-42.98, 2.92]]}, "properties": {"nationality": "Dutch", "year": 1759}}, {"type": "Feature", "geometry": {"type": "LineString", "coordinates": [[82.58, -8.3], [82.58, -8.47]]}, "properties": {"nationality": "Dutch", "year": 1787}}, {"type": "Feature", "geometry": {"type": "LineString", "coordinates": [[36.37, -30.91], [36.33, -30.9]]}, "properties": {"nationality": "Dutch", "year": 1839}}, {"type": "Feature", "geometry": {"type": "LineString", "coordinates": [[113.63, 13.33], [110.83, 12.43]]}, "properties": {"nationality": "Dutch", "year": 1824}}, {"type": "Feature", "geometry": {"type": "LineString", "coordinates": [[-13.78, 39.12], [-16.08, 36.77]]}, "properties": {"nationality": "Dutch", "year": 1846}}, {"type": "Feature", "geometry": {"type": "LineString", "coordinates": [[45.18, -31.37], [42.38, -31.53]]}, "properties": {"nationality": "Dutch", "year": 1839}}, {"type": "Feature", "geometry": {"type": "LineString", "coordinates": [[-23.83, -29.82], [-23.49, -31.03]]}, "properties": {"nationality": "Dutch", "year": 1793}}, {"type": "Feature", "geometry": {"type": "LineString", "coordinates": [[0.75, -36.13], [4.52, -36.32]]}, "properties": {"nationality": "Dutch", "year": 1845}}, {"type": "Feature", "geometry": {"type": "LineString", "coordinates": [[32.22, -31.15], [31.22, -31.83]]}, "properties": {"nationality": "Dutch", "year": 1843}}, {"type": "Feature", "geometry": {"type": "LineString", "coordinates": [[-30.02, 13.88], [-32.03, 16.33]]}, "properties": {"nationality": "Dutch", "year": 1842}}, {"type": "Feature", "geometry": {"type": "LineString", "coordinates": [[3.68, -5.1], [3.65, -5.7]]}, "properties": {"nationality": "Dutch", "year": 1838}}, {"type": "Feature", "geometry": {"type": "LineString", "coordinates": [[-53.57, 19.75], [-52.48, 20.85]]}, "properties": {"nationality": "Dutch", "year": 1754}}, {"type": "Feature", "geometry": {"type": "LineString", "coordinates": [[-14.0, 4.77], [-15.67, 4.47]]}, "properties": {"nationality": "Dutch", "year": 1841}}, {"type": "Feature", "geometry": {"type": "LineString", "coordinates": [[-30.45, 11.85], [-31.32, 13.18]]}, "properties": {"nationality": "Dutch", "year": 1758}}, {"type": "Feature", "geometry": {"type": "LineString", "coordinates": [[-23.23, 13.98], [-23.88, 11.87]]}, "properties": {"nationality": "Dutch", "year": 1849}}, {"type": "Feature", "geometry": {"type": "LineString", "coordinates": [[-4.67, 48.88], [-5.18, 49.32]]}, "properties": {"nationality": "Dutch", "year": 1802}}, {"type": "Feature", "geometry": {"type": "LineString", "coordinates": [[18.11, -36.34], [18.1, -36.3]]}, "properties": {"nationality": "Dutch", "year": 1841}}, {"type": "Feature", "geometry": {"type": "LineString", "coordinates": [[-19.27, 3.33], [-19.95, 2.72]]}, "properties": {"nationality": "Dutch", "year": 1796}}, {"type": "Feature", "geometry": {"type": "LineString", "coordinates": [[-52.62, -34.8], [-51.67, -34.15]]}, "properties": {"nationality": "Dutch", "year": 1823}}, {"type": "Feature", "geometry": {"type": "LineString", "coordinates": [[-19.88, 17.33], [-19.78, 14.48]]}, "properties": {"nationality": "Dutch", "year": 1838}}, {"type": "Feature", "geometry": {"type": "LineString", "coordinates": [[-18.23, 29.22], [-18.87, 27.59]]}, "properties": {"nationality": "Dutch", "year": 1819}}, {"type": "Feature", "geometry": {"type": "LineString", "coordinates": [[77.08, -19.62], [75.12, -20.55]]}, "properties": {"nationality": "Dutch", "year": 1839}}, {"type": "Feature", "geometry": {"type": "LineString", "coordinates": [[-20.52, 45.88], [-16.55, 47.15]]}, "properties": {"nationality": "Dutch", "year": 1843}}, {"type": "Feature", "geometry": {"type": "LineString", "coordinates": [[-0.15, -36.03], [1.58, -36.23]]}, "properties": {"nationality": "Dutch", "year": 1841}}, {"type": "Feature", "geometry": {"type": "LineString", "coordinates": [[-64.9, 12.92], [-66.32, 10.75]]}, "properties": {"nationality": "Dutch", "year": 1849}}, {"type": "Feature", "geometry": {"type": "LineString", "coordinates": [[-2.9, -19.28], [-5.02, -17.87]]}, "properties": {"nationality": "Dutch", "year": 1848}}, {"type": "Feature", "geometry": {"type": "LineString", "coordinates": [[43.43, -38.97], [47.47, -39.12]]}, "properties": {"nationality": "Dutch", "year": 1841}}, {"type": "Feature", "geometry": {"type": "LineString", "coordinates": [[23.83, -35.0], [23.83, -35.0]]}, "properties": {"nationality": "Dutch", "year": 1836}}, {"type": "Feature", "geometry": {"type": "LineString", "coordinates": [[-62.32, 22.48], [-61.88, 23.67]]}, "properties": {"nationality": "Dutch", "year": 1778}}, {"type": "Feature", "geometry": {"type": "LineString", "coordinates": [[-47.53, 8.18], [-49.33, 6.52]]}, "properties": {"nationality": "Dutch", "year": 1827}}, {"type": "Feature", "geometry": {"type": "LineString", "coordinates": [[-34.93, 14.9], [-35.73, 15.93]]}, "properties": {"nationality": "Dutch", "year": 1753}}, {"type": "Feature", "geometry": {"type": "LineString", "coordinates": [[11.95, -31.05], [9.45, -29.28]]}, "properties": {"nationality": "Dutch", "year": 1846}}, {"type": "Feature", "geometry": {"type": "LineString", "coordinates": [[-71.8, 17.08], [-71.44, 17.37]]}, "properties": {"nationality": "Dutch", "year": 1828}}, {"type": "Feature", "geometry": {"type": "LineString", "coordinates": [[16.35, -35.3], [12.73, -33.68]]}, "properties": {"nationality": "Dutch", "year": 1834}}, {"type": "Feature", "geometry": {"type": "LineString", "coordinates": [[20.8, -35.17], [19.1, -35.53]]}, "properties": {"nationality": "Dutch", "year": 1834}}, {"type": "Feature", "geometry": {"type": "LineString", "coordinates": [[80.02, -15.8], [76.77, -16.83]]}, "properties": {"nationality": "Dutch", "year": 1850}}, {"type": "Feature", "geometry": {"type": "LineString", "coordinates": [[-11.35, 44.62], [-11.08, 43.47]]}, "properties": {"nationality": "Dutch", "year": 1848}}, {"type": "Feature", "geometry": {"type": "LineString", "coordinates": [[39.8, -32.35], [37.8, -32.77]]}, "properties": {"nationality": "Dutch", "year": 1842}}, {"type": "Feature", "geometry": {"type": "LineString", "coordinates": [[-1.68, 50.27], [-2.3, 50.33]]}, "properties": {"nationality": "Dutch", "year": 1839}}, {"type": "Feature", "geometry": {"type": "LineString", "coordinates": [[-0.92, -0.72], [-1.75, -0.82]]}, "properties": {"nationality": "Dutch", "year": 1765}}, {"type": "Feature", "geometry": {"type": "LineString", "coordinates": [[-9.34, 47.52], [-10.74, 46.1]]}, "properties": {"nationality": "Dutch", "year": 1769}}, {"type": "Feature", "geometry": {"type": "LineString", "coordinates": [[-39.92, 30.95], [-40.08, 31.28]]}, "properties": {"nationality": "Dutch", "year": 1819}}, {"type": "Feature", "geometry": {"type": "LineString", "coordinates": [[-47.45, 16.25], [-47.97, 16.25]]}, "properties": {"nationality": "Dutch", "year": 1802}}, {"type": "Feature", "geometry": {"type": "LineString", "coordinates": [[-11.9, -30.77], [-9.43, -31.5]]}, "properties": {"nationality": "Dutch", "year": 1796}}, {"type": "Feature", "geometry": {"type": "LineString", "coordinates": [[33.53, -32.13], [31.95, -31.83]]}, "properties": {"nationality": "Dutch", "year": 1845}}, {"type": "Feature", "geometry": {"type": "LineString", "coordinates": [[-3.18, 4.13], [-2.8, 3.88]]}, "properties": {"nationality": "Dutch", "year": 1769}}, {"type": "Feature", "geometry": {"type": "LineString", "coordinates": [[11.66, -34.45], [13.08, -34.38]]}, "properties": {"nationality": "Dutch", "year": 1785}}, {"type": "Feature", "geometry": {"type": "LineString", "coordinates": [[-4.88, -37.95], [-2.75, -38.37]]}, "properties": {"nationality": "Dutch", "year": 1836}}, {"type": "Feature", "geometry": {"type": "LineString", "coordinates": [[92.21, -14.13], [89.57, -15.03]]}, "properties": {"nationality": "Dutch", "year": 1840}}, {"type": "Feature", "geometry": {"type": "LineString", "coordinates": [[-40.78, 2.25], [-42.82, 2.65]]}, "properties": {"nationality": "Dutch", "year": 1770}}, {"type": "Feature", "geometry": {"type": "LineString", "coordinates": [[-21.85, 8.32], [-21.57, 6.23]]}, "properties": {"nationality": "Dutch", "year": 1847}}, {"type": "Feature", "geometry": {"type": "LineString", "coordinates": [[65.55, -23.77], [63.47, -24.6]]}, "properties": {"nationality": "Dutch", "year": 1849}}, {"type": "Feature", "geometry": {"type": "LineString", "coordinates": [[104.83, -12.52], [104.85, -9.33]]}, "properties": {"nationality": "Dutch", "year": 1849}}, {"type": "Feature", "geometry": {"type": "LineString", "coordinates": [[105.12, -20.52], [105.43, -16.93]]}, "properties": {"nationality": "Dutch", "year": 1844}}, {"type": "Feature", "geometry": {"type": "LineString", "coordinates": [[-2.86, -34.98], [-1.49, -34.85]]}, "properties": {"nationality": "Dutch", "year": 1790}}, {"type": "Feature", "geometry": {"type": "LineString", "coordinates": [[-37.25, 40.68], [-37.55, 41.07]]}, "properties": {"nationality": "Dutch", "year": 1782}}, {"type": "Feature", "geometry": {"type": "LineString", "coordinates": [[95.3, -13.32], [93.8, -14.32]]}, "properties": {"nationality": "Dutch", "year": 1792}}, {"type": "Feature", "geometry": {"type": "LineString", "coordinates": [[-21.37, 26.67], [-20.57, 24.92]]}, "properties": {"nationality": "Dutch", "year": 1775}}, {"type": "Feature", "geometry": {"type": "LineString", "coordinates": [[-13.0, 46.15], [-11.23, 47.32]]}, "properties": {"nationality": "Dutch", "year": 1802}}, {"type": "Feature", "geometry": {"type": "LineString", "coordinates": [[-12.32, 48.03], [-7.52, 49.0]]}, "properties": {"nationality": "Dutch", "year": 1846}}, {"type": "Feature", "geometry": {"type": "LineString", "coordinates": [[0.85, -21.4], [-0.78, -19.97]]}, "properties": {"nationality": "Dutch", "year": 1850}}, {"type": "Feature", "geometry": {"type": "LineString", "coordinates": [[10.35, -28.1], [7.8, -26.22]]}, "properties": {"nationality": "Dutch", "year": 1828}}, {"type": "Feature", "geometry": {"type": "LineString", "coordinates": [[-47.87, 37.15], [-44.8, 37.12]]}, "properties": {"nationality": "Dutch", "year": 1849}}, {"type": "Feature", "geometry": {"type": "LineString", "coordinates": [[-10.43, 46.72], [-10.78, 45.05]]}, "properties": {"nationality": "Dutch", "year": 1848}}, {"type": "Feature", "geometry": {"type": "LineString", "coordinates": [[-11.37, -11.66], [-13.02, -10.36]]}, "properties": {"nationality": "Dutch", "year": 1846}}, {"type": "Feature", "geometry": {"type": "LineString", "coordinates": [[93.96, -6.75], [96.4, -5.55]]}, "properties": {"nationality": "Dutch", "year": 1789}}, {"type": "Feature", "geometry": {"type": "LineString", "coordinates": [[-3.3, 49.92], [-3.85, 49.83]]}, "properties": {"nationality": "Dutch", "year": 1840}}, {"type": "Feature", "geometry": {"type": "LineString", "coordinates": [[103.3, -14.42], [101.57, -15.05]]}, "properties": {"nationality": "Dutch", "year": 1756}}, {"type": "Feature", "geometry": {"type": "LineString", "coordinates": [[-20.87, 11.25], [-20.57, 10.42]]}, "properties": {"nationality": "Dutch", "year": 1796}}, {"type": "Feature", "geometry": {"type": "LineString", "coordinates": [[-24.43, 43.07], [-24.25, 43.85]]}, "properties": {"nationality": "Dutch", "year": 1850}}, {"type": "Feature", "geometry": {"type": "LineString", "coordinates": [[55.83, 4.27], [58.07, 5.45]]}, "properties": {"nationality": "Dutch", "year": 1785}}, {"type": "Feature", "geometry": {"type": "LineString", "coordinates": [[-12.7, -9.45], [-14.13, -7.95]]}, "properties": {"nationality": "Dutch", "year": 1839}}, {"type": "Feature", "geometry": {"type": "LineString", "coordinates": [[-31.42, -26.08], [-29.22, -27.73]]}, "properties": {"nationality": "Dutch", "year": 1840}}, {"type": "Feature", "geometry": {"type": "LineString", "coordinates": [[-27.53, 16.32], [-29.0, 18.95]]}, "properties": {"nationality": "Dutch", "year": 1839}}, {"type": "Feature", "geometry": {"type": "LineString", "coordinates": [[-14.95, 37.6], [-17.24, 34.47]]}, "properties": {"nationality": "Dutch", "year": 1836}}, {"type": "Feature", "geometry": {"type": "LineString", "coordinates": [[16.02, -34.7], [15.25, -35.63]]}, "properties": {"nationality": "Dutch", "year": 1838}}, {"type": "Feature", "geometry": {"type": "LineString", "coordinates": [[122.33, -7.88], [122.95, -7.62]]}, "properties": {"nationality": "Dutch", "year": 1834}}, {"type": "Feature", "geometry": {"type": "LineString", "coordinates": [[-6.57, -33.9], [-3.85, -33.77]]}, "properties": {"nationality": "Dutch", "year": 1816}}, {"type": "Feature", "geometry": {"type": "LineString", "coordinates": [[-25.33, 20.97], [-25.23, 18.77]]}, "properties": {"nationality": "Dutch", "year": 1844}}, {"type": "Feature", "geometry": {"type": "LineString", "coordinates": [[85.56, -32.34], [85.5, -32.32]]}, "properties": {"nationality": "Dutch", "year": 1836}}, {"type": "Feature", "geometry": {"type": "LineString", "coordinates": [[16.52, -38.3], [20.82, -38.65]]}, "properties": {"nationality": "Dutch", "year": 1848}}, {"type": "Feature", "geometry": {"type": "LineString", "coordinates": [[-22.57, -27.18], [-21.0, -27.58]]}, "properties": {"nationality": "Dutch", "year": 1783}}, {"type": "Feature", "geometry": {"type": "LineString", "coordinates": [[-6.8, -1.47], [-8.07, -2.0]]}, "properties": {"nationality": "Dutch", "year": 1767}}, {"type": "Feature", "geometry": {"type": "LineString", "coordinates": [[-26.58, 13.28], [-25.33, 10.87]]}, "properties": {"nationality": "Dutch", "year": 1819}}, {"type": "Feature", "geometry": {"type": "LineString", "coordinates": [[-13.08, 42.38], [-14.78, 40.52]]}, "properties": {"nationality": "Dutch", "year": 1793}}, {"type": "Feature", "geometry": {"type": "LineString", "coordinates": [[-7.55, -32.82], [-6.12, -33.13]]}, "properties": {"nationality": "Dutch", "year": 1758}}, {"type": "Feature", "geometry": {"type": "LineString", "coordinates": [[108.92, 9.45], [106.7, 7.05]]}, "properties": {"nationality": "Dutch", "year": 1825}}, {"type": "Feature", "geometry": {"type": "LineString", "coordinates": [[12.26, -34.72], [14.43, -34.6]]}, "properties": {"nationality": "Dutch", "year": 1788}}, {"type": "Feature", "geometry": {"type": "LineString", "coordinates": [[-5.08, -17.43], [-6.83, -15.1]]}, "properties": {"nationality": "Dutch", "year": 1833}}, {"type": "Feature", "geometry": {"type": "LineString", "coordinates": [[36.18, -32.9], [35.7, -33.25]]}, "properties": {"nationality": "Dutch", "year": 1842}}, {"type": "Feature", "geometry": {"type": "LineString", "coordinates": [[27.87, -39.6], [32.82, -39.02]]}, "properties": {"nationality": "Dutch", "year": 1846}}, {"type": "Feature", "geometry": {"type": "LineString", "coordinates": [[102.8, -7.3], [101.58, -8.08]]}, "properties": {"nationality": "Dutch", "year": 1839}}, {"type": "Feature", "geometry": {"type": "LineString", "coordinates": [[34.37, -31.75], [33.13, -31.87]]}, "properties": {"nationality": "Dutch", "year": 1838}}, {"type": "Feature", "geometry": {"type": "LineString", "coordinates": [[-7.38, 46.17], [-5.15, 46.72]]}, "properties": {"nationality": "Dutch", "year": 1785}}, {"type": "Feature", "geometry": {"type": "LineString", "coordinates": [[28.52, -33.82], [26.72, -34.93]]}, "properties": {"nationality": "Dutch", "year": 1831}}, {"type": "Feature", "geometry": {"type": "LineString", "coordinates": [[72.87, 8.85], [79.86, 6.91]]}, "properties": {"nationality": "Dutch", "year": 1760}}, {"type": "Feature", "geometry": {"type": "LineString", "coordinates": [[-6.48, 48.45], [-10.63, 46.62]]}, "properties": {"nationality": "Dutch", "year": 1844}}, {"type": "Feature", "geometry": {"type": "LineString", "coordinates": [[93.48, -10.55], [94.23, -8.9]]}, "properties": {"nationality": "Dutch", "year": 1783}}, {"type": "Feature", "geometry": {"type": "LineString", "coordinates": [[-13.01, -32.91], [-12.97, -32.8]]}, "properties": {"nationality": "Dutch", "year": 1833}}, {"type": "Feature", "geometry": {"type": "LineString", "coordinates": [[-0.18, 65.33], [-0.18, 66.92]]}, "properties": {"nationality": "Dutch", "year": 1794}}, {"type": "Feature", "geometry": {"type": "LineString", "coordinates": [[-23.12, 6.15], [-23.12, 6.73]]}, "properties": {"nationality": "Dutch", "year": 1830}}, {"type": "Feature", "geometry": {"type": "LineString", "coordinates": [[69.58, -35.94], [69.58, -36.07]]}, "properties": {"nationality": "Dutch", "year": 1840}}, {"type": "Feature", "geometry": {"type": "LineString", "coordinates": [[6.35, 76.0], [5.22, 74.57]]}, "properties": {"nationality": "Dutch", "year": 1789}}, {"type": "Feature", "geometry": {"type": "LineString", "coordinates": [[79.1, -37.03], [83.68, -36.95]]}, "properties": {"nationality": "Dutch", "year": 1827}}, {"type": "Feature", "geometry": {"type": "LineString", "coordinates": [[-16.27, 33.88], [-18.22, 31.58]]}, "properties": {"nationality": "Dutch", "year": 1849}}, {"type": "Feature", "geometry": {"type": "LineString", "coordinates": [[2.45, 1.55], [2.58, 1.3]]}, "properties": {"nationality": "Dutch", "year": 1753}}, {"type": "Feature", "geometry": {"type": "LineString", "coordinates": [[6.13, -0.62], [4.47, -0.77]]}, "properties": {"nationality": "Dutch", "year": 1787}}, {"type": "Feature", "geometry": {"type": "LineString", "coordinates": [[-16.77, 8.05], [-17.1, 8.33]]}, "properties": {"nationality": "Dutch", "year": 1786}}, {"type": "Feature", "geometry": {"type": "LineString", "coordinates": [[35.43, -31.92], [33.1, -32.71]]}, "properties": {"nationality": "Dutch", "year": 1836}}, {"type": "Feature", "geometry": {"type": "LineString", "coordinates": [[105.13, 4.15], [105.95, 6.1]]}, "properties": {"nationality": "Dutch", "year": 1833}}, {"type": "Feature", "geometry": {"type": "LineString", "coordinates": [[-22.83, 4.8], [-24.48, 5.88]]}, "properties": {"nationality": "Dutch", "year": 1802}}, {"type": "Feature", "geometry": {"type": "LineString", "coordinates": [[-35.53, 11.41], [-36.88, 13.62]]}, "properties": {"nationality": "Dutch", "year": 1850}}, {"type": "Feature", "geometry": {"type": "LineString", "coordinates": [[-36.48, 24.72], [-37.52, 26.5]]}, "properties": {"nationality": "Dutch", "year": 1835}}, {"type": "Feature", "geometry": {"type": "LineString", "coordinates": [[3.62, -3.82], [3.83, -4.07]]}, "properties": {"nationality": "Dutch", "year": 1756}}, {"type": "Feature", "geometry": {"type": "LineString", "coordinates": [[-19.63, -29.43], [-16.2, -30.47]]}, "properties": {"nationality": "Dutch", "year": 1845}}, {"type": "Feature", "geometry": {"type": "LineString", "coordinates": [[-4.92, -32.63], [-5.27, -33.55]]}, "properties": {"nationality": "Dutch", "year": 1838}}, {"type": "Feature", "geometry": {"type": "LineString", "coordinates": [[-27.75, -25.03], [-28.5, -26.17]]}, "properties": {"nationality": "Dutch", "year": 1792}}, {"type": "Feature", "geometry": {"type": "LineString", "coordinates": [[104.33, -5.98], [101.33, -8.28]]}, "properties": {"nationality": "Dutch", "year": 1845}}, {"type": "Feature", "geometry": {"type": "LineString", "coordinates": [[78.9, -34.47], [79.72, -34.37]]}, "properties": {"nationality": "Dutch", "year": 1849}}, {"type": "Feature", "geometry": {"type": "LineString", "coordinates": [[105.08, -12.98], [105.03, -10.03]]}, "properties": {"nationality": "Dutch", "year": 1834}}, {"type": "Feature", "geometry": {"type": "LineString", "coordinates": [[-11.54, 48.17], [-8.97, 48.53]]}, "properties": {"nationality": "Dutch", "year": 1836}}, {"type": "Feature", "geometry": {"type": "LineString", "coordinates": [[91.83, -15.82], [89.57, -16.95]]}, "properties": {"nationality": "Dutch", "year": 1848}}, {"type": "Feature", "geometry": {"type": "LineString", "coordinates": [[-13.73, 56.63], [-13.73, 55.33]]}, "properties": {"nationality": "Dutch", "year": 1796}}, {"type": "Feature", "geometry": {"type": "LineString", "coordinates": [[89.32, -15.7], [87.27, -16.8]]}, "properties": {"nationality": "Dutch", "year": 1772}}, {"type": "Feature", "geometry": {"type": "LineString", "coordinates": [[-2.57, -36.08], [-2.57, -35.08]]}, "properties": {"nationality": "Dutch", "year": 1838}}, {"type": "Feature", "geometry": {"type": "LineString", "coordinates": [[-68.02, 37.13], [-63.63, 37.12]]}, "properties": {"nationality": "Dutch", "year": 1783}}, {"type": "Feature", "geometry": {"type": "LineString", "coordinates": [[0.38, 0.25], [-1.53, -0.07]]}, "properties": {"nationality": "Dutch", "year": 1850}}, {"type": "Feature", "geometry": {"type": "LineString", "coordinates": [[105.1, -6.62], [106.86, -6.1]]}, "properties": {"nationality": "Dutch", "year": 1835}}, {"type": "Feature", "geometry": {"type": "LineString", "coordinates": [[-2.58, 1.08], [-2.27, 1.1]]}, "properties": {"nationality": "Dutch", "year": 1764}}, {"type": "Feature", "geometry": {"type": "LineString", "coordinates": [[70.39, -40.0], [75.0, -38.98]]}, "properties": {"nationality": "Dutch", "year": 1849}}, {"type": "Feature", "geometry": {"type": "LineString", "coordinates": [[103.97, -17.4], [103.82, -15.12]]}, "properties": {"nationality": "Dutch", "year": 1841}}, {"type": "Feature", "geometry": {"type": "LineString", "coordinates": [[83.2, -21.85], [80.83, -21.73]]}, "properties": {"nationality": "Dutch", "year": 1837}}, {"type": "Feature", "geometry": {"type": "LineString", "coordinates": [[73.53, -19.02], [68.03, -19.82]]}, "properties": {"nationality": "Dutch", "year": 1843}}, {"type": "Feature", "geometry": {"type": "LineString", "coordinates": [[-53.5, 11.69], [-55.46, 11.41]]}, "properties": {"nationality": "Dutch", "year": 1826}}, {"type": "Feature", "geometry": {"type": "LineString", "coordinates": [[-20.53, 46.37], [-20.53, 46.36]]}, "properties": {"nationality": "Dutch", "year": 1842}}, {"type": "Feature", "geometry": {"type": "LineString", "coordinates": [[-49.67, 32.18], [-49.78, 33.2]]}, "properties": {"nationality": "Dutch", "year": 1755}}, {"type": "Feature", "geometry": {"type": "LineString", "coordinates": [[15.73, -33.27], [13.07, -31.87]]}, "properties": {"nationality": "Dutch", "year": 1845}}, {"type": "Feature", "geometry": {"type": "LineString", "coordinates": [[-55.18, 32.42], [-53.32, 33.92]]}, "properties": {"nationality": "Dutch", "year": 1779}}, {"type": "Feature", "geometry": {"type": "LineString", "coordinates": [[-17.72, 35.35], [-18.1, 33.37]]}, "properties": {"nationality": "Dutch", "year": 1847}}, {"type": "Feature", "geometry": {"type": "LineString", "coordinates": [[-9.83, 49.25], [-6.67, 49.43]]}, "properties": {"nationality": "Dutch", "year": 1843}}, {"type": "Feature", "geometry": {"type": "LineString", "coordinates": [[-34.61, 34.57], [-33.62, 35.42]]}, "properties": {"nationality": "Dutch", "year": 1836}}, {"type": "Feature", "geometry": {"type": "LineString", "coordinates": [[24.52, -34.52], [21.95, -34.87]]}, "properties": {"nationality": "Dutch", "year": 1843}}, {"type": "Feature", "geometry": {"type": "LineString", "coordinates": [[12.81, -28.73], [11.29, -27.15]]}, "properties": {"nationality": "Dutch", "year": 1753}}, {"type": "Feature", "geometry": {"type": "LineString", "coordinates": [[0.63, 55.62], [1.18, 54.12]]}, "properties": {"nationality": "Dutch", "year": 1788}}, {"type": "Feature", "geometry": {"type": "LineString", "coordinates": [[25.56, -35.72], [24.81, -35.24]]}, "properties": {"nationality": "Dutch", "year": 1780}}, {"type": "Feature", "geometry": {"type": "LineString", "coordinates": [[32.4, -37.6], [32.9, -37.67]]}, "properties": {"nationality": "Dutch", "year": 1761}}, {"type": "Feature", "geometry": {"type": "LineString", "coordinates": [[36.52, -34.15], [34.9, -33.98]]}, "properties": {"nationality": "Dutch", "year": 1845}}, {"type": "Feature", "geometry": {"type": "LineString", "coordinates": [[-23.6, 12.6], [-23.0, 11.78]]}, "properties": {"nationality": "Dutch", "year": 1769}}, {"type": "Feature", "geometry": {"type": "LineString", "coordinates": [[-22.04, 44.12], [-18.61, 45.87]]}, "properties": {"nationality": "Dutch", "year": 1787}}, {"type": "Feature", "geometry": {"type": "LineString", "coordinates": [[-52.98, -35.13], [-53.87, -35.47]]}, "properties": {"nationality": "Dutch", "year": 1827}}, {"type": "Feature", "geometry": {"type": "LineString", "coordinates": [[33.23, -34.1], [31.38, -34.8]]}, "properties": {"nationality": "Dutch", "year": 1780}}, {"type": "Feature", "geometry": {"type": "LineString", "coordinates": [[-40.57, 37.27], [-40.57, 37.27]]}, "properties": {"nationality": "Dutch", "year": 1842}}, {"type": "Feature", "geometry": {"type": "LineString", "coordinates": [[-67.28, 22.72], [-66.75, 24.42]]}, "properties": {"nationality": "Dutch", "year": 1819}}, {"type": "Feature", "geometry": {"type": "LineString", "coordinates": [[88.24, 3.51], [87.61, 3.86]]}, "properties": {"nationality": "Dutch", "year": 1784}}, {"type": "Feature", "geometry": {"type": "LineString", "coordinates": [[112.7, -7.23], [112.7, -7.23]]}, "properties": {"nationality": "Dutch", "year": 1816}}, {"type": "Feature", "geometry": {"type": "LineString", "coordinates": [[5.32, -22.88], [3.78, -21.73]]}, "properties": {"nationality": "Dutch", "year": 1794}}, {"type": "Feature", "geometry": {"type": "LineString", "coordinates": [[108.25, -14.1], [108.7, -12.42]]}, "properties": {"nationality": "Dutch", "year": 1758}}, {"type": "Feature", "geometry": {"type": "LineString", "coordinates": [[-2.36, -35.71], [-2.32, -35.62]]}, "properties": {"nationality": "Dutch", "year": 1838}}, {"type": "Feature", "geometry": {"type": "LineString", "coordinates": [[-23.35, 9.53], [-21.95, 9.2]]}, "properties": {"nationality": "Dutch", "year": 1846}}, {"type": "Feature", "geometry": {"type": "LineString", "coordinates": [[-29.53, 17.02], [-31.5, 15.89]]}, "properties": {"nationality": "Dutch", "year": 1802}}, {"type": "Feature", "geometry": {"type": "LineString", "coordinates": [[-34.3, 13.1], [-34.92, 15.1]]}, "properties": {"nationality": "Dutch", "year": 1752}}, {"type": "Feature", "geometry": {"type": "LineString", "coordinates": [[68.87, -37.73], [70.53, -37.62]]}, "properties": {"nationality": "Dutch", "year": 1846}}, {"type": "Feature", "geometry": {"type": "LineString", "coordinates": [[-26.2, 22.33], [-24.32, 19.27]]}, "properties": {"nationality": "Dutch", "year": 1820}}, {"type": "Feature", "geometry": {"type": "LineString", "coordinates": [[-30.38, 41.22], [-26.92, 42.7]]}, "properties": {"nationality": "Dutch", "year": 1829}}, {"type": "Feature", "geometry": {"type": "LineString", "coordinates": [[57.33, -23.83], [54.65, -24.87]]}, "properties": {"nationality": "Dutch", "year": 1850}}, {"type": "Feature", "geometry": {"type": "LineString", "coordinates": [[16.85, -32.42], [15.5, -31.27]]}, "properties": {"nationality": "Dutch", "year": 1802}}, {"type": "Feature", "geometry": {"type": "LineString", "coordinates": [[-20.67, -0.2], [-21.72, 1.98]]}, "properties": {"nationality": "Dutch", "year": 1846}}, {"type": "Feature", "geometry": {"type": "LineString", "coordinates": [[-15.14, 39.13], [-15.18, 37.88]]}, "properties": {"nationality": "Dutch", "year": 1791}}, {"type": "Feature", "geometry": {"type": "LineString", "coordinates": [[48.18, -38.82], [52.2, -39.28]]}, "properties": {"nationality": "Dutch", "year": 1839}}, {"type": "Feature", "geometry": {"type": "LineString", "coordinates": [[-5.48, 49.42], [-4.75, 49.83]]}, "properties": {"nationality": "Dutch", "year": 1831}}, {"type": "Feature", "geometry": {"type": "LineString", "coordinates": [[23.2, -35.03], [20.15, -35.22]]}, "properties": {"nationality": "Dutch", "year": 1845}}, {"type": "Feature", "geometry": {"type": "LineString", "coordinates": [[83.48, -9.57], [82.12, -9.58]]}, "properties": {"nationality": "Dutch", "year": 1755}}, {"type": "Feature", "geometry": {"type": "LineString", "coordinates": [[-23.98, -3.5], [-25.83, -8.33]]}, "properties": {"nationality": "Dutch", "year": 1837}}, {"type": "Feature", "geometry": {"type": "LineString", "coordinates": [[-46.6, 3.75], [-48.81, 3.95]]}, "properties": {"nationality": "Dutch", "year": 1779}}, {"type": "Feature", "geometry": {"type": "LineString", "coordinates": [[-30.8, 63.17], [-29.65, 62.42]]}, "properties": {"nationality": "Dutch", "year": 1786}}, {"type": "Feature", "geometry": {"type": "LineString", "coordinates": [[-0.27, 50.06], [1.03, 50.57]]}, "properties": {"nationality": "Dutch", "year": 1830}}, {"type": "Feature", "geometry": {"type": "LineString", "coordinates": [[-111.74, 4.1], [-112.31, 3.4]]}, "properties": {"nationality": "Dutch", "year": 1849}}, {"type": "Feature", "geometry": {"type": "LineString", "coordinates": [[-10.0, -32.57], [-8.06, -32.42]]}, "properties": {"nationality": "Dutch", "year": 1844}}, {"type": "Feature", "geometry": {"type": "LineString", "coordinates": [[13.32, -30.72], [11.85, -28.98]]}, "properties": {"nationality": "Dutch", "year": 1842}}, {"type": "Feature", "geometry": {"type": "LineString", "coordinates": [[-26.05, 10.2], [-28.33, 11.05]]}, "properties": {"nationality": "Dutch", "year": 1843}}, {"type": "Feature", "geometry": {"type": "LineString", "coordinates": [[-36.23, -0.8], [-38.16, -0.9]]}, "properties": {"nationality": "Dutch", "year": 1762}}, {"type": "Feature", "geometry": {"type": "LineString", "coordinates": [[27.3, -36.7], [31.73, -36.7]]}, "properties": {"nationality": "Dutch", "year": 1827}}, {"type": "Feature", "geometry": {"type": "LineString", "coordinates": [[22.67, -34.72], [21.15, -35.17]]}, "properties": {"nationality": "Dutch", "year": 1824}}, {"type": "Feature", "geometry": {"type": "LineString", "coordinates": [[-11.48, 5.68], [-10.49, 5.67]]}, "properties": {"nationality": "Dutch", "year": 1838}}, {"type": "Feature", "geometry": {"type": "LineString", "coordinates": [[1.67, 68.07], [1.67, 66.1]]}, "properties": {"nationality": "Dutch", "year": 1793}}, {"type": "Feature", "geometry": {"type": "LineString", "coordinates": [[8.6, -27.43], [7.03, -25.92]]}, "properties": {"nationality": "Dutch", "year": 1845}}, {"type": "Feature", "geometry": {"type": "LineString", "coordinates": [[-6.9, -14.42], [-7.98, -12.68]]}, "properties": {"nationality": "Dutch", "year": 1836}}, {"type": "Feature", "geometry": {"type": "LineString", "coordinates": [[84.18, -36.62], [85.18, -36.42]]}, "properties": {"nationality": "Dutch", "year": 1840}}, {"type": "Feature", "geometry": {"type": "LineString", "coordinates": [[-27.7, -3.5], [-28.03, -4.43]]}, "properties": {"nationality": "Dutch", "year": 1758}}, {"type": "Feature", "geometry": {"type": "LineString", "coordinates": [[-1.52, 1.42], [-2.53, 1.1]]}, "properties": {"nationality": "Dutch", "year": 1787}}, {"type": "Feature", "geometry": {"type": "LineString", "coordinates": [[-18.23, 5.6], [-18.4, 5.9]]}, "properties": {"nationality": "Dutch", "year": 1788}}, {"type": "Feature", "geometry": {"type": "LineString", "coordinates": [[-13.84, 40.67], [-14.0, 39.23]]}, "properties": {"nationality": "Dutch", "year": 1838}}, {"type": "Feature", "geometry": {"type": "LineString", "coordinates": [[-19.12, 47.75], [-14.27, 48.82]]}, "properties": {"nationality": "Dutch", "year": 1848}}, {"type": "Feature", "geometry": {"type": "LineString", "coordinates": [[103.77, -8.78], [104.18, -8.25]]}, "properties": {"nationality": "Dutch", "year": 1849}}, {"type": "Feature", "geometry": {"type": "LineString", "coordinates": [[12.62, -28.18], [12.22, -27.73]]}, "properties": {"nationality": "Dutch", "year": 1831}}, {"type": "Feature", "geometry": {"type": "LineString", "coordinates": [[-7.78, 47.37], [-9.92, 45.48]]}, "properties": {"nationality": "Dutch", "year": 1820}}, {"type": "Feature", "geometry": {"type": "LineString", "coordinates": [[166.93, -5.68], [164.3, -5.22]]}, "properties": {"nationality": "Dutch", "year": 1825}}, {"type": "Feature", "geometry": {"type": "LineString", "coordinates": [[-14.53, -1.25], [-14.53, 0.8]]}, "properties": {"nationality": "Dutch", "year": 1792}}, {"type": "Feature", "geometry": {"type": "LineString", "coordinates": [[72.15, 9.12], [74.11, 8.95]]}, "properties": {"nationality": "Dutch", "year": 1771}}, {"type": "Feature", "geometry": {"type": "LineString", "coordinates": [[93.42, -35.38], [97.57, -33.7]]}, "properties": {"nationality": "Dutch", "year": 1850}}, {"type": "Feature", "geometry": {"type": "LineString", "coordinates": [[-21.33, 29.63], [-21.65, 29.47]]}, "properties": {"nationality": "Dutch", "year": 1754}}, {"type": "Feature", "geometry": {"type": "LineString", "coordinates": [[-56.82, -35.97], [-56.85, -35.78]]}, "properties": {"nationality": "Dutch", "year": 1827}}, {"type": "Feature", "geometry": {"type": "LineString", "coordinates": [[-6.76, 48.66], [-6.68, 48.63]]}, "properties": {"nationality": "Dutch", "year": 1836}}, {"type": "Feature", "geometry": {"type": "LineString", "coordinates": [[-24.7, -11.52], [-25.39, -14.15]]}, "properties": {"nationality": "Dutch", "year": 1834}}, {"type": "Feature", "geometry": {"type": "LineString", "coordinates": [[-20.97, 7.98], [-20.07, 7.0]]}, "properties": {"nationality": "Dutch", "year": 1834}}, {"type": "Feature", "geometry": {"type": "LineString", "coordinates": [[-29.01, 44.07], [-26.04, 45.38]]}, "properties": {"nationality": "Dutch", "year": 1762}}, {"type": "Feature", "geometry": {"type": "LineString", "coordinates": [[-33.5, 16.95], [-35.23, 19.12]]}, "properties": {"nationality": "Dutch", "year": 1848}}, {"type": "Feature", "geometry": {"type": "LineString", "coordinates": [[18.73, -35.62], [18.58, -35.5]]}, "properties": {"nationality": "Dutch", "year": 1849}}, {"type": "Feature", "geometry": {"type": "LineString", "coordinates": [[78.18, -20.03], [78.38, -20.03]]}, "properties": {"nationality": "Dutch", "year": 1831}}, {"type": "Feature", "geometry": {"type": "LineString", "coordinates": [[2.52, -20.82], [1.1, -19.8]]}, "properties": {"nationality": "Dutch", "year": 1790}}, {"type": "Feature", "geometry": {"type": "LineString", "coordinates": [[-8.53, 4.18], [-5.17, 4.52]]}, "properties": {"nationality": "Dutch", "year": 1838}}, {"type": "Feature", "geometry": {"type": "LineString", "coordinates": [[-4.73, 49.65], [-5.63, 49.6]]}, "properties": {"nationality": "Dutch", "year": 1846}}, {"type": "Feature", "geometry": {"type": "LineString", "coordinates": [[-15.28, 41.13], [-12.58, 39.77]]}, "properties": {"nationality": "Dutch", "year": 1835}}, {"type": "Feature", "geometry": {"type": "LineString", "coordinates": [[69.8, -21.07], [69.8, -21.02]]}, "properties": {"nationality": "Dutch", "year": 1843}}, {"type": "Feature", "geometry": {"type": "LineString", "coordinates": [[-16.18, -31.6], [-13.01, -32.91]]}, "properties": {"nationality": "Dutch", "year": 1833}}, {"type": "Feature", "geometry": {"type": "LineString", "coordinates": [[-15.48, -0.93], [-16.9, -0.77]]}, "properties": {"nationality": "Dutch", "year": 1763}}, {"type": "Feature", "geometry": {"type": "LineString", "coordinates": [[-30.17, 15.12], [-30.97, 16.7]]}, "properties": {"nationality": "Dutch", "year": 1848}}, {"type": "Feature", "geometry": {"type": "LineString", "coordinates": [[-3.68, -19.05], [-5.17, -16.87]]}, "properties": {"nationality": "Dutch", "year": 1846}}, {"type": "Feature", "geometry": {"type": "LineString", "coordinates": [[-31.82, -21.45], [-30.62, -23.0]]}, "properties": {"nationality": "Dutch", "year": 1849}}, {"type": "Feature", "geometry": {"type": "LineString", "coordinates": [[105.37, -6.6], [104.77, -7.03]]}, "properties": {"nationality": "Dutch", "year": 1843}}, {"type": "Feature", "geometry": {"type": "LineString", "coordinates": [[-23.08, 13.65], [-22.3, 12.65]]}, "properties": {"nationality": "Dutch", "year": 1769}}, {"type": "Feature", "geometry": {"type": "LineString", "coordinates": [[-12.57, -29.63], [-11.63, -31.02]]}, "properties": {"nationality": "Dutch", "year": 1846}}, {"type": "Feature", "geometry": {"type": "LineString", "coordinates": [[-16.87, -1.17], [-17.02, -1.88]]}, "properties": {"nationality": "Dutch", "year": 1845}}, {"type": "Feature", "geometry": {"type": "LineString", "coordinates": [[-21.5, -28.55], [-21.55, -30.78]]}, "properties": {"nationality": "Dutch", "year": 1846}}, {"type": "Feature", "geometry": {"type": "LineString", "coordinates": [[-16.95, 36.98], [-17.27, 34.27]]}, "properties": {"nationality": "Dutch", "year": 1783}}, {"type": "Feature", "geometry": {"type": "LineString", "coordinates": [[-42.09, 29.95], [-42.3, 30.22]]}, "properties": {"nationality": "Dutch", "year": 1830}}, {"type": "Feature", "geometry": {"type": "LineString", "coordinates": [[-25.77, -19.97], [-25.05, -21.88]]}, "properties": {"nationality": "Dutch", "year": 1788}}, {"type": "Feature", "geometry": {"type": "LineString", "coordinates": [[-72.42, -31.38], [-73.38, -27.9]]}, "properties": {"nationality": "Dutch", "year": 1824}}, {"type": "Feature", "geometry": {"type": "LineString", "coordinates": [[8.07, 2.33], [8.87, 1.97]]}, "properties": {"nationality": "Dutch", "year": 1794}}, {"type": "Feature", "geometry": {"type": "LineString", "coordinates": [[109.33, -16.57], [108.3, -16.83]]}, "properties": {"nationality": "Dutch", "year": 1837}}, {"type": "Feature", "geometry": {"type": "LineString", "coordinates": [[-20.8, 26.47], [-22.02, 23.83]]}, "properties": {"nationality": "Dutch", "year": 1847}}, {"type": "Feature", "geometry": {"type": "LineString", "coordinates": [[-15.08, 34.52], [-14.8, 32.92]]}, "properties": {"nationality": "Dutch", "year": 1846}}, {"type": "Feature", "geometry": {"type": "LineString", "coordinates": [[-57.98, 9.63], [-60.43, 11.38]]}, "properties": {"nationality": "Dutch", "year": 1837}}, {"type": "Feature", "geometry": {"type": "LineString", "coordinates": [[-18.4, 22.33], [-18.4, 22.33]]}, "properties": {"nationality": "Dutch", "year": 1837}}, {"type": "Feature", "geometry": {"type": "LineString", "coordinates": [[99.47, -11.55], [99.72, -10.88]]}, "properties": {"nationality": "Dutch", "year": 1835}}, {"type": "Feature", "geometry": {"type": "LineString", "coordinates": [[13.43, -33.42], [11.43, -31.93]]}, "properties": {"nationality": "Dutch", "year": 1839}}, {"type": "Feature", "geometry": {"type": "LineString", "coordinates": [[-46.5, 40.77], [-47.45, 41.17]]}, "properties": {"nationality": "Dutch", "year": 1761}}, {"type": "Feature", "geometry": {"type": "LineString", "coordinates": [[11.0, 79.7], [11.0, 79.7]]}, "properties": {"nationality": "Dutch", "year": 1770}}, {"type": "Feature", "geometry": {"type": "LineString", "coordinates": [[-15.78, 44.8], [-16.12, 43.62]]}, "properties": {"nationality": "Dutch", "year": 1783}}, {"type": "Feature", "geometry": {"type": "LineString", "coordinates": [[-57.92, 14.51], [-55.35, 11.69]]}, "properties": {"nationality": "Dutch", "year": 1834}}, {"type": "Feature", "geometry": {"type": "LineString", "coordinates": [[13.55, -31.05], [12.74, -30.54]]}, "properties": {"nationality": "Dutch", "year": 1846}}, {"type": "Feature", "geometry": {"type": "LineString", "coordinates": [[-20.17, 18.48], [-20.08, 18.93]]}, "properties": {"nationality": "Dutch", "year": 1840}}, {"type": "Feature", "geometry": {"type": "LineString", "coordinates": [[27.08, -34.93], [27.08, -34.93]]}, "properties": {"nationality": "Dutch", "year": 1838}}, {"type": "Feature", "geometry": {"type": "LineString", "coordinates": [[-18.15, 43.88], [-16.16, 43.97]]}, "properties": {"nationality": "Dutch", "year": 1826}}, {"type": "Feature", "geometry": {"type": "LineString", "coordinates": [[-10.73, -11.63], [-12.17, -10.1]]}, "properties": {"nationality": "Dutch", "year": 1847}}, {"type": "Feature", "geometry": {"type": "LineString", "coordinates": [[-24.88, 5.15], [-25.93, 6.05]]}, "properties": {"nationality": "Dutch", "year": 1751}}, {"type": "Feature", "geometry": {"type": "LineString", "coordinates": [[-66.85, 20.07], [-64.87, 19.33]]}, "properties": {"nationality": "Dutch", "year": 1823}}, {"type": "Feature", "geometry": {"type": "LineString", "coordinates": [[-28.97, 41.98], [-26.88, 41.72]]}, "properties": {"nationality": "Dutch", "year": 1844}}, {"type": "Feature", "geometry": {"type": "LineString", "coordinates": [[54.3, -27.58], [53.48, -27.75]]}, "properties": {"nationality": "Dutch", "year": 1824}}, {"type": "Feature", "geometry": {"type": "LineString", "coordinates": [[-29.1, 25.92], [-29.58, 27.05]]}, "properties": {"nationality": "Dutch", "year": 1844}}, {"type": "Feature", "geometry": {"type": "LineString", "coordinates": [[95.05, -10.47], [95.0, -10.47]]}, "properties": {"nationality": "Dutch", "year": 1843}}, {"type": "Feature", "geometry": {"type": "LineString", "coordinates": [[-18.37, 25.95], [-18.77, 23.68]]}, "properties": {"nationality": "Dutch", "year": 1847}}, {"type": "Feature", "geometry": {"type": "LineString", "coordinates": [[-25.15, 1.0], [-25.87, -0.15]]}, "properties": {"nationality": "Dutch", "year": 1758}}, {"type": "Feature", "geometry": {"type": "LineString", "coordinates": [[-11.32, 6.53], [-10.83, 6.33]]}, "properties": {"nationality": "Dutch", "year": 1769}}, {"type": "Feature", "geometry": {"type": "LineString", "coordinates": [[-22.22, 14.97], [-20.78, 11.13]]}, "properties": {"nationality": "Dutch", "year": 1796}}, {"type": "Feature", "geometry": {"type": "LineString", "coordinates": [[-24.63, 20.48], [-26.27, 17.7]]}, "properties": {"nationality": "Dutch", "year": 1836}}, {"type": "Feature", "geometry": {"type": "LineString", "coordinates": [[-3.58, 1.47], [-2.93, 0.97]]}, "properties": {"nationality": "Dutch", "year": 1765}}, {"type": "Feature", "geometry": {"type": "LineString", "coordinates": [[-0.23, -33.02], [-25.15, 18.95]]}, "properties": {"nationality": "Dutch", "year": 1850}}, {"type": "Feature", "geometry": {"type": "LineString", "coordinates": [[-2.5, 50.42], [-3.22, 50.23]]}, "properties": {"nationality": "Dutch", "year": 1842}}, {"type": "Feature", "geometry": {"type": "LineString", "coordinates": [[-21.82, 46.17], [-20.7, 46.15]]}, "properties": {"nationality": "Dutch", "year": 1836}}, {"type": "Feature", "geometry": {"type": "LineString", "coordinates": [[62.1, -22.62], [60.65, -23.15]]}, "properties": {"nationality": "Dutch", "year": 1846}}, {"type": "Feature", "geometry": {"type": "LineString", "coordinates": [[-15.22, 33.58], [-16.75, 31.27]]}, "properties": {"nationality": "Dutch", "year": 1849}}, {"type": "Feature", "geometry": {"type": "LineString", "coordinates": [[92.32, -29.53], [94.13, -26.78]]}, "properties": {"nationality": "Dutch", "year": 1841}}, {"type": "Feature", "geometry": {"type": "LineString", "coordinates": [[4.78, -38.4], [8.6, -38.57]]}, "properties": {"nationality": "Dutch", "year": 1842}}, {"type": "Feature", "geometry": {"type": "LineString", "coordinates": [[-68.58, 11.62], [-68.83, 11.83]]}, "properties": {"nationality": "Dutch", "year": 1840}}, {"type": "Feature", "geometry": {"type": "LineString", "coordinates": [[87.55, 16.63], [87.15, 15.23]]}, "properties": {"nationality": "Dutch", "year": 1787}}, {"type": "Feature", "geometry": {"type": "LineString", "coordinates": [[0.77, -1.2], [-0.28, -1.62]]}, "properties": {"nationality": "Dutch", "year": 1761}}, {"type": "Feature", "geometry": {"type": "LineString", "coordinates": [[53.42, -38.55], [57.95, -38.82]]}, "properties": {"nationality": "Dutch", "year": 1840}}, {"type": "Feature", "geometry": {"type": "LineString", "coordinates": [[-27.42, 10.73], [-27.42, 10.73]]}, "properties": {"nationality": "Dutch", "year": 1836}}, {"type": "Feature", "geometry": {"type": "LineString", "coordinates": [[-14.48, 44.37], [-15.87, 43.23]]}, "properties": {"nationality": "Dutch", "year": 1848}}, {"type": "Feature", "geometry": {"type": "LineString", "coordinates": [[-11.52, 42.88], [-14.28, 43.07]]}, "properties": {"nationality": "Dutch", "year": 1843}}, {"type": "Feature", "geometry": {"type": "LineString", "coordinates": [[-26.3, -14.08], [-26.42, -15.2]]}, "properties": {"nationality": "Dutch", "year": 1785}}, {"type": "Feature", "geometry": {"type": "LineString", "coordinates": [[-28.28, -1.1], [-29.77, -0.82]]}, "properties": {"nationality": "Dutch", "year": 1756}}, {"type": "Feature", "geometry": {"type": "LineString", "coordinates": [[-20.12, 30.22], [-21.69, 28.35]]}, "properties": {"nationality": "Dutch", "year": 1772}}, {"type": "Feature", "geometry": {"type": "LineString", "coordinates": [[-11.28, 37.87], [-11.46, 37.47]]}, "properties": {"nationality": "Dutch", "year": 1796}}, {"type": "Feature", "geometry": {"type": "LineString", "coordinates": [[-29.37, 9.52], [-29.87, 10.08]]}, "properties": {"nationality": "Dutch", "year": 1763}}, {"type": "Feature", "geometry": {"type": "LineString", "coordinates": [[-6.1, -16.02], [-8.05, -14.35]]}, "properties": {"nationality": "Dutch", "year": 1841}}, {"type": "Feature", "geometry": {"type": "LineString", "coordinates": [[-71.44, 17.37], [-71.3, 17.65]]}, "properties": {"nationality": "Dutch", "year": 1828}}, {"type": "Feature", "geometry": {"type": "LineString", "coordinates": [[18.82, -35.1], [20.05, -35.27]]}, "properties": {"nationality": "Dutch", "year": 1850}}, {"type": "Feature", "geometry": {"type": "LineString", "coordinates": [[-22.0, 34.73], [-22.75, 33.68]]}, "properties": {"nationality": "Dutch", "year": 1752}}, {"type": "Feature", "geometry": {"type": "LineString", "coordinates": [[-33.68, 14.52], [-35.55, 12.25]]}, "properties": {"nationality": "Dutch", "year": 1796}}, {"type": "Feature", "geometry": {"type": "LineString", "coordinates": [[-53.23, 6.25], [-53.63, 6.97]]}, "properties": {"nationality": "Dutch", "year": 1771}}, {"type": "Feature", "geometry": {"type": "LineString", "coordinates": [[-30.84, 38.48], [-30.0, 38.42]]}, "properties": {"nationality": "Dutch", "year": 1785}}, {"type": "Feature", "geometry": {"type": "LineString", "coordinates": [[-18.74, -34.62], [-18.16, -34.75]]}, "properties": {"nationality": "Dutch", "year": 1792}}, {"type": "Feature", "geometry": {"type": "LineString", "coordinates": [[93.88, -30.45], [95.25, -28.12]]}, "properties": {"nationality": "Dutch", "year": 1838}}, {"type": "Feature", "geometry": {"type": "LineString", "coordinates": [[51.33, -26.63], [49.03, -26.88]]}, "properties": {"nationality": "Dutch", "year": 1836}}, {"type": "Feature", "geometry": {"type": "LineString", "coordinates": [[131.6, 18.97], [129.82, 20.0]]}, "properties": {"nationality": "Dutch", "year": 1828}}, {"type": "Feature", "geometry": {"type": "LineString", "coordinates": [[2.39, 5.15], [3.33, 4.43]]}, "properties": {"nationality": "Dutch", "year": 1760}}, {"type": "Feature", "geometry": {"type": "LineString", "coordinates": [[-25.97, 12.1], [-27.32, 13.66]]}, "properties": {"nationality": "Dutch", "year": 1846}}, {"type": "Feature", "geometry": {"type": "LineString", "coordinates": [[73.4, -23.42], [71.87, -24.1]]}, "properties": {"nationality": "Dutch", "year": 1756}}, {"type": "Feature", "geometry": {"type": "LineString", "coordinates": [[53.05, -25.2], [51.48, -25.78]]}, "properties": {"nationality": "Dutch", "year": 1839}}, {"type": "Feature", "geometry": {"type": "LineString", "coordinates": [[104.63, -7.78], [104.88, -7.28]]}, "properties": {"nationality": "Dutch", "year": 1847}}, {"type": "Feature", "geometry": {"type": "LineString", "coordinates": [[-19.72, -1.92], [-21.42, -1.73]]}, "properties": {"nationality": "Dutch", "year": 1769}}, {"type": "Feature", "geometry": {"type": "LineString", "coordinates": [[-4.65, 49.65], [-5.68, 49.27]]}, "properties": {"nationality": "Dutch", "year": 1850}}, {"type": "Feature", "geometry": {"type": "LineString", "coordinates": [[-7.38, 4.13], [-5.23, 4.57]]}, "properties": {"nationality": "Dutch", "year": 1829}}, {"type": "Feature", "geometry": {"type": "LineString", "coordinates": [[-12.63, -9.48], [-14.55, -7.85]]}, "properties": {"nationality": "Dutch", "year": 1834}}, {"type": "Feature", "geometry": {"type": "LineString", "coordinates": [[102.41, -7.38], [103.41, -7.13]]}, "properties": {"nationality": "Dutch", "year": 1829}}, {"type": "Feature", "geometry": {"type": "LineString", "coordinates": [[0.78, 3.25], [-0.31, 3.82]]}, "properties": {"nationality": "Dutch", "year": 1763}}, {"type": "Feature", "geometry": {"type": "LineString", "coordinates": [[87.35, -3.38], [87.35, -2.23]]}, "properties": {"nationality": "Dutch", "year": 1786}}, {"type": "Feature", "geometry": {"type": "LineString", "coordinates": [[-7.1, 36.22], [-8.0, 36.3]]}, "properties": {"nationality": "Dutch", "year": 1830}}, {"type": "Feature", "geometry": {"type": "LineString", "coordinates": [[5.43, -23.3], [3.63, -21.98]]}, "properties": {"nationality": "Dutch", "year": 1849}}, {"type": "Feature", "geometry": {"type": "LineString", "coordinates": [[-53.12, 33.61], [-49.88, 35.04]]}, "properties": {"nationality": "Dutch", "year": 1753}}, {"type": "Feature", "geometry": {"type": "LineString", "coordinates": [[-23.38, 9.15], [-23.55, 9.65]]}, "properties": {"nationality": "Dutch", "year": 1795}}, {"type": "Feature", "geometry": {"type": "LineString", "coordinates": [[-19.46, 30.45], [-20.46, 29.82]]}, "properties": {"nationality": "Dutch", "year": 1761}}, {"type": "Feature", "geometry": {"type": "LineString", "coordinates": [[-15.45, 5.37], [-15.02, 4.92]]}, "properties": {"nationality": "Dutch", "year": 1789}}, {"type": "Feature", "geometry": {"type": "LineString", "coordinates": [[56.23, -27.32], [56.23, -27.32]]}, "properties": {"nationality": "Dutch", "year": 1848}}, {"type": "Feature", "geometry": {"type": "LineString", "coordinates": [[-16.02, 8.55], [-15.58, 8.25]]}, "properties": {"nationality": "Dutch", "year": 1761}}, {"type": "Feature", "geometry": {"type": "LineString", "coordinates": [[103.27, -6.58], [103.05, -7.17]]}, "properties": {"nationality": "Dutch", "year": 1790}}, {"type": "Feature", "geometry": {"type": "LineString", "coordinates": [[-16.73, -6.1], [-18.38, -3.88]]}, "properties": {"nationality": "Dutch", "year": 1844}}, {"type": "Feature", "geometry": {"type": "LineString", "coordinates": [[90.48, -15.22], [87.62, -16.12]]}, "properties": {"nationality": "Dutch", "year": 1792}}, {"type": "Feature", "geometry": {"type": "LineString", "coordinates": [[-53.15, 10.47], [-53.28, 11.95]]}, "properties": {"nationality": "Dutch", "year": 1787}}, {"type": "Feature", "geometry": {"type": "LineString", "coordinates": [[107.32, 5.88], [109.38, 7.63]]}, "properties": {"nationality": "Dutch", "year": 1844}}, {"type": "Feature", "geometry": {"type": "LineString", "coordinates": [[-20.67, 45.95], [-19.23, 46.32]]}, "properties": {"nationality": "Dutch", "year": 1848}}, {"type": "Feature", "geometry": {"type": "LineString", "coordinates": [[-19.45, -32.13], [-19.19, -33.33]]}, "properties": {"nationality": "Dutch", "year": 1816}}, {"type": "Feature", "geometry": {"type": "LineString", "coordinates": [[-16.55, -30.47], [-14.83, -29.07]]}, "properties": {"nationality": "Dutch", "year": 1834}}, {"type": "Feature", "geometry": {"type": "LineString", "coordinates": [[-57.88, 31.97], [-57.06, 33.3]]}, "properties": {"nationality": "Dutch", "year": 1764}}, {"type": "Feature", "geometry": {"type": "LineString", "coordinates": [[-23.77, -4.92], [-25.02, -6.27]]}, "properties": {"nationality": "Dutch", "year": 1822}}, {"type": "Feature", "geometry": {"type": "LineString", "coordinates": [[-66.68, 39.58], [-64.42, 40.23]]}, "properties": {"nationality": "Dutch", "year": 1846}}, {"type": "Feature", "geometry": {"type": "LineString", "coordinates": [[-0.4, 60.04], [-0.76, 60.07]]}, "properties": {"nationality": "Dutch", "year": 1846}}, {"type": "Feature", "geometry": {"type": "LineString", "coordinates": [[-0.43, 50.56], [0.61, 50.69]]}, "properties": {"nationality": "Dutch", "year": 1850}}, {"type": "Feature", "geometry": {"type": "LineString", "coordinates": [[2.1, 57.66], [0.14, 56.89]]}, "properties": {"nationality": "Dutch", "year": 1836}}, {"type": "Feature", "geometry": {"type": "LineString", "coordinates": [[1.23, -22.13], [-0.5, -20.42]]}, "properties": {"nationality": "Dutch", "year": 1849}}, {"type": "Feature", "geometry": {"type": "LineString", "coordinates": [[-32.12, -18.6], [-31.8, -21.67]]}, "properties": {"nationality": "Dutch", "year": 1840}}, {"type": "Feature", "geometry": {"type": "LineString", "coordinates": [[-34.51, 37.71], [-33.11, 39.34]]}, "properties": {"nationality": "Dutch", "year": 1839}}, {"type": "Feature", "geometry": {"type": "LineString", "coordinates": [[-21.78, 24.43], [-22.55, 22.33]]}, "properties": {"nationality": "Dutch", "year": 1764}}, {"type": "Feature", "geometry": {"type": "LineString", "coordinates": [[-25.73, 18.39], [-26.49, 16.35]]}, "properties": {"nationality": "Dutch", "year": 1848}}, {"type": "Feature", "geometry": {"type": "LineString", "coordinates": [[-6.22, 49.82], [-7.3, 49.77]]}, "properties": {"nationality": "Dutch", "year": 1833}}, {"type": "Feature", "geometry": {"type": "LineString", "coordinates": [[-25.78, -14.05], [-25.18, -15.23]]}, "properties": {"nationality": "Dutch", "year": 1764}}, {"type": "Feature", "geometry": {"type": "LineString", "coordinates": [[-9.52, -12.63], [-11.13, -11.12]]}, "properties": {"nationality": "Dutch", "year": 1846}}, {"type": "Feature", "geometry": {"type": "LineString", "coordinates": [[-31.71, -28.82], [-30.81, -28.33]]}, "properties": {"nationality": "Dutch", "year": 1846}}, {"type": "Feature", "geometry": {"type": "LineString", "coordinates": [[-35.3, 11.47], [-36.94, 10.03]]}, "properties": {"nationality": "Dutch", "year": 1772}}, {"type": "Feature", "geometry": {"type": "LineString", "coordinates": [[-20.03, 12.67], [-19.62, 11.68]]}, "properties": {"nationality": "Dutch", "year": 1754}}, {"type": "Feature", "geometry": {"type": "LineString", "coordinates": [[56.45, -26.78], [55.17, -27.68]]}, "properties": {"nationality": "Dutch", "year": 1843}}, {"type": "Feature", "geometry": {"type": "LineString", "coordinates": [[3.77, 52.73], [4.28, 52.94]]}, "properties": {"nationality": "Dutch", "year": 1847}}, {"type": "Feature", "geometry": {"type": "LineString", "coordinates": [[-25.38, -18.27], [-25.93, -21.15]]}, "properties": {"nationality": "Dutch", "year": 1846}}, {"type": "Feature", "geometry": {"type": "LineString", "coordinates": [[-13.05, 49.9], [-12.87, 49.38]]}, "properties": {"nationality": "Dutch", "year": 1848}}, {"type": "Feature", "geometry": {"type": "LineString", "coordinates": [[-67.83, 10.7], [-67.43, 10.62]]}, "properties": {"nationality": "Dutch", "year": 1820}}, {"type": "Feature", "geometry": {"type": "LineString", "coordinates": [[-9.74, -10.5], [-11.0, -9.67]]}, "properties": {"nationality": "Dutch", "year": 1780}}, {"type": "Feature", "geometry": {"type": "LineString", "coordinates": [[-28.95, -7.12], [-29.26, -9.35]]}, "properties": {"nationality": "Dutch", "year": 1819}}, {"type": "Feature", "geometry": {"type": "LineString", "coordinates": [[-22.29, 9.15], [-20.96, 8.4]]}, "properties": {"nationality": "Dutch", "year": 1825}}, {"type": "Feature", "geometry": {"type": "LineString", "coordinates": [[-30.72, 43.7], [-29.5, 43.1]]}, "properties": {"nationality": "Dutch", "year": 1774}}, {"type": "Feature", "geometry": {"type": "LineString", "coordinates": [[81.35, -18.97], [78.72, -19.85]]}, "properties": {"nationality": "Dutch", "year": 1842}}, {"type": "Feature", "geometry": {"type": "LineString", "coordinates": [[73.05, -37.2], [75.33, -37.2]]}, "properties": {"nationality": "Dutch", "year": 1787}}, {"type": "Feature", "geometry": {"type": "LineString", "coordinates": [[-11.85, 6.88], [-11.0, 6.2]]}, "properties": {"nationality": "Dutch", "year": 1767}}, {"type": "Feature", "geometry": {"type": "LineString", "coordinates": [[-10.93, -11.75], [-11.75, -14.37]]}, "properties": {"nationality": "Dutch", "year": 1840}}, {"type": "Feature", "geometry": {"type": "LineString", "coordinates": [[27.68, -37.77], [31.33, -39.12]]}, "properties": {"nationality": "Dutch", "year": 1847}}, {"type": "Feature", "geometry": {"type": "LineString", "coordinates": [[-68.72, 17.38], [-68.15, 18.53]]}, "properties": {"nationality": "Dutch", "year": 1832}}, {"type": "Feature", "geometry": {"type": "LineString", "coordinates": [[74.4, -21.23], [73.23, -21.82]]}, "properties": {"nationality": "Dutch", "year": 1845}}, {"type": "Feature", "geometry": {"type": "LineString", "coordinates": [[70.72, -37.05], [71.3, -37.52]]}, "properties": {"nationality": "Dutch", "year": 1843}}, {"type": "Feature", "geometry": {"type": "LineString", "coordinates": [[94.88, -0.42], [96.04, -1.05]]}, "properties": {"nationality": "Dutch", "year": 1755}}, {"type": "Feature", "geometry": {"type": "LineString", "coordinates": [[-74.3, 17.4], [-76.31, 17.83]]}, "properties": {"nationality": "Dutch", "year": 1816}}, {"type": "Feature", "geometry": {"type": "LineString", "coordinates": [[-29.11, 43.33], [-25.52, 44.17]]}, "properties": {"nationality": "Dutch", "year": 1816}}, {"type": "Feature", "geometry": {"type": "LineString", "coordinates": [[-18.18, 42.58], [-16.2, 43.77]]}, "properties": {"nationality": "Dutch", "year": 1842}}, {"type": "Feature", "geometry": {"type": "LineString", "coordinates": [[-18.82, 19.12], [-19.2, 17.42]]}, "properties": {"nationality": "Dutch", "year": 1807}}, {"type": "Feature", "geometry": {"type": "LineString", "coordinates": [[-10.07, -30.25], [-8.03, -30.98]]}, "properties": {"nationality": "Dutch", "year": 1790}}, {"type": "Feature", "geometry": {"type": "LineString", "coordinates": [[-30.53, 40.6], [-27.48, 41.63]]}, "properties": {"nationality": "Dutch", "year": 1839}}, {"type": "Feature", "geometry": {"type": "LineString", "coordinates": [[-57.43, 13.87], [-57.78, 15.72]]}, "properties": {"nationality": "Dutch", "year": 1835}}, {"type": "Feature", "geometry": {"type": "LineString", "coordinates": [[-8.0, -33.35], [-9.33, -34.88]]}, "properties": {"nationality": "Dutch", "year": 1832}}, {"type": "Feature", "geometry": {"type": "LineString", "coordinates": [[40.0, -39.25], [41.8, -38.67]]}, "properties": {"nationality": "Dutch", "year": 1844}}, {"type": "Feature", "geometry": {"type": "LineString", "coordinates": [[-10.97, -33.77], [-7.97, -34.67]]}, "properties": {"nationality": "Dutch", "year": 1847}}, {"type": "Feature", "geometry": {"type": "LineString", "coordinates": [[-33.72, 34.13], [-34.15, 35.17]]}, "properties": {"nationality": "Dutch", "year": 1826}}, {"type": "Feature", "geometry": {"type": "LineString", "coordinates": [[11.08, -30.55], [11.97, -29.83]]}, "properties": {"nationality": "Dutch", "year": 1835}}, {"type": "Feature", "geometry": {"type": "LineString", "coordinates": [[4.17, -24.95], [2.03, -23.65]]}, "properties": {"nationality": "Dutch", "year": 1841}}, {"type": "Feature", "geometry": {"type": "LineString", "coordinates": [[-46.03, -31.93], [-47.93, -32.95]]}, "properties": {"nationality": "Dutch", "year": 1850}}, {"type": "Feature", "geometry": {"type": "LineString", "coordinates": [[-39.82, 42.05], [-39.13, 42.58]]}, "properties": {"nationality": "Dutch", "year": 1751}}, {"type": "Feature", "geometry": {"type": "LineString", "coordinates": [[-20.72, 3.9], [-20.5, 4.1]]}, "properties": {"nationality": "Dutch", "year": 1835}}, {"type": "Feature", "geometry": {"type": "LineString", "coordinates": [[-16.4, -31.37], [-14.37, -32.32]]}, "properties": {"nationality": "Dutch", "year": 1845}}, {"type": "Feature", "geometry": {"type": "LineString", "coordinates": [[56.73, -38.4], [61.83, -38.52]]}, "properties": {"nationality": "Dutch", "year": 1845}}, {"type": "Feature", "geometry": {"type": "LineString", "coordinates": [[3.3, 51.85], [1.32, 51.03]]}, "properties": {"nationality": "Dutch", "year": 1838}}, {"type": "Feature", "geometry": {"type": "LineString", "coordinates": [[-4.3, 4.5], [-3.86, 3.93]]}, "properties": {"nationality": "Dutch", "year": 1785}}, {"type": "Feature", "geometry": {"type": "LineString", "coordinates": [[-5.83, 49.15], [-0.55, 50.33]]}, "properties": {"nationality": "Dutch", "year": 1846}}, {"type": "Feature", "geometry": {"type": "LineString", "coordinates": [[-15.32, 32.82], [-15.67, 31.8]]}, "properties": {"nationality": "Dutch", "year": 1791}}, {"type": "Feature", "geometry": {"type": "LineString", "coordinates": [[-32.82, 13.1], [-34.27, 14.53]]}, "properties": {"nationality": "Dutch", "year": 1840}}, {"type": "Feature", "geometry": {"type": "LineString", "coordinates": [[-37.82, 19.95], [-38.38, 21.25]]}, "properties": {"nationality": "Dutch", "year": 1760}}, {"type": "Feature", "geometry": {"type": "LineString", "coordinates": [[1.77, -37.95], [5.58, -38.83]]}, "properties": {"nationality": "Dutch", "year": 1847}}, {"type": "Feature", "geometry": {"type": "LineString", "coordinates": [[-7.27, -13.25], [-9.07, -11.43]]}, "properties": {"nationality": "Dutch", "year": 1844}}, {"type": "Feature", "geometry": {"type": "LineString", "coordinates": [[-56.65, 24.33], [-56.1, 25.25]]}, "properties": {"nationality": "Dutch", "year": 1779}}, {"type": "Feature", "geometry": {"type": "LineString", "coordinates": [[-52.35, 21.4], [-55.0, 20.17]]}, "properties": {"nationality": "Dutch", "year": 1848}}, {"type": "Feature", "geometry": {"type": "LineString", "coordinates": [[-8.94, 47.31], [-11.96, 45.0]]}, "properties": {"nationality": "Dutch", "year": 1845}}, {"type": "Feature", "geometry": {"type": "LineString", "coordinates": [[-64.8, 13.27], [-64.22, 13.43]]}, "properties": {"nationality": "Dutch", "year": 1830}}, {"type": "Feature", "geometry": {"type": "LineString", "coordinates": [[-14.35, 33.37], [-15.52, 33.13]]}, "properties": {"nationality": "Dutch", "year": 1767}}, {"type": "Feature", "geometry": {"type": "LineString", "coordinates": [[-20.17, 3.38], [-21.95, 3.08]]}, "properties": {"nationality": "Dutch", "year": 1846}}, {"type": "Feature", "geometry": {"type": "LineString", "coordinates": [[78.79, -20.1], [76.2, -20.54]]}, "properties": {"nationality": "Dutch", "year": 1846}}, {"type": "Feature", "geometry": {"type": "LineString", "coordinates": [[-21.8, 16.93], [-22.13, 15.3]]}, "properties": {"nationality": "Dutch", "year": 1767}}, {"type": "Feature", "geometry": {"type": "LineString", "coordinates": [[105.72, -7.63], [106.86, -6.1]]}, "properties": {"nationality": "Dutch", "year": 1839}}, {"type": "Feature", "geometry": {"type": "LineString", "coordinates": [[96.22, -12.35], [94.92, -13.35]]}, "properties": {"nationality": "Dutch", "year": 1792}}, {"type": "Feature", "geometry": {"type": "LineString", "coordinates": [[80.5, -35.2], [82.92, -34.38]]}, "properties": {"nationality": "Dutch", "year": 1761}}, {"type": "Feature", "geometry": {"type": "LineString", "coordinates": [[44.73, -28.8], [42.93, -29.17]]}, "properties": {"nationality": "Dutch", "year": 1843}}, {"type": "Feature", "geometry": {"type": "LineString", "coordinates": [[-32.58, 33.77], [-31.43, 35.57]]}, "properties": {"nationality": "Dutch", "year": 1844}}, {"type": "Feature", "geometry": {"type": "LineString", "coordinates": [[-6.4, 63.38], [-7.63, 62.57]]}, "properties": {"nationality": "Dutch", "year": 1796}}, {"type": "Feature", "geometry": {"type": "LineString", "coordinates": [[72.95, -21.73], [70.23, -22.82]]}, "properties": {"nationality": "Dutch", "year": 1850}}, {"type": "Feature", "geometry": {"type": "LineString", "coordinates": [[-4.0, -17.82], [-5.45, -16.13]]}, "properties": {"nationality": "Dutch", "year": 1848}}, {"type": "Feature", "geometry": {"type": "LineString", "coordinates": [[-23.86, 9.22], [-22.92, 6.6]]}, "properties": {"nationality": "Dutch", "year": 1846}}, {"type": "Feature", "geometry": {"type": "LineString", "coordinates": [[-12.02, 45.42], [-11.73, 44.07]]}, "properties": {"nationality": "Dutch", "year": 1838}}, {"type": "Feature", "geometry": {"type": "LineString", "coordinates": [[-23.32, 2.35], [-24.0, 1.73]]}, "properties": {"nationality": "Dutch", "year": 1849}}, {"type": "Feature", "geometry": {"type": "LineString", "coordinates": [[50.6, -28.12], [47.67, -28.93]]}, "properties": {"nationality": "Dutch", "year": 1845}}, {"type": "Feature", "geometry": {"type": "LineString", "coordinates": [[47.59, -27.68], [45.55, -28.05]]}, "properties": {"nationality": "Dutch", "year": 1787}}, {"type": "Feature", "geometry": {"type": "LineString", "coordinates": [[83.29, 7.7], [82.95, 8.42]]}, "properties": {"nationality": "Dutch", "year": 1753}}, {"type": "Feature", "geometry": {"type": "LineString", "coordinates": [[3.2, 54.17], [2.57, 52.18]]}, "properties": {"nationality": "Dutch", "year": 1843}}, {"type": "Feature", "geometry": {"type": "LineString", "coordinates": [[39.32, -29.02], [37.3, -29.83]]}, "properties": {"nationality": "Dutch", "year": 1845}}, {"type": "Feature", "geometry": {"type": "LineString", "coordinates": [[-57.67, 21.03], [-56.37, 22.2]]}, "properties": {"nationality": "Dutch", "year": 1756}}, {"type": "Feature", "geometry": {"type": "LineString", "coordinates": [[-0.27, -36.38], [3.15, -37.45]]}, "properties": {"nationality": "Dutch", "year": 1844}}, {"type": "Feature", "geometry": {"type": "LineString", "coordinates": [[-17.17, 6.75], [-17.83, 6.07]]}, "properties": {"nationality": "Dutch", "year": 1848}}, {"type": "Feature", "geometry": {"type": "LineString", "coordinates": [[-22.05, 32.47], [-23.88, 30.4]]}, "properties": {"nationality": "Dutch", "year": 1783}}, {"type": "Feature", "geometry": {"type": "LineString", "coordinates": [[61.23, -39.8], [65.13, -39.8]]}, "properties": {"nationality": "Dutch", "year": 1835}}, {"type": "Feature", "geometry": {"type": "LineString", "coordinates": [[-12.05, 44.18], [-12.03, 42.52]]}, "properties": {"nationality": "Dutch", "year": 1840}}, {"type": "Feature", "geometry": {"type": "LineString", "coordinates": [[100.42, -8.67], [101.08, -7.45]]}, "properties": {"nationality": "Dutch", "year": 1835}}, {"type": "Feature", "geometry": {"type": "LineString", "coordinates": [[-27.83, 37.83], [-24.8, 39.6]]}, "properties": {"nationality": "Dutch", "year": 1843}}, {"type": "Feature", "geometry": {"type": "LineString", "coordinates": [[-16.33, 7.17], [-16.33, 7.17]]}, "properties": {"nationality": "Dutch", "year": 1788}}, {"type": "Feature", "geometry": {"type": "LineString", "coordinates": [[18.05, -37.7], [22.13, -38.02]]}, "properties": {"nationality": "Dutch", "year": 1842}}, {"type": "Feature", "geometry": {"type": "LineString", "coordinates": [[-2.83, 50.33], [3.83, 52.97]]}, "properties": {"nationality": "Dutch", "year": 1835}}, {"type": "Feature", "geometry": {"type": "LineString", "coordinates": [[-22.18, 9.85], [-21.58, 8.55]]}, "properties": {"nationality": "Dutch", "year": 1783}}, {"type": "Feature", "geometry": {"type": "LineString", "coordinates": [[105.4, 0.22], [105.08, 2.28]]}, "properties": {"nationality": "Dutch", "year": 1844}}, {"type": "Feature", "geometry": {"type": "LineString", "coordinates": [[-14.32, 38.65], [-14.62, 35.58]]}, "properties": {"nationality": "Dutch", "year": 1839}}, {"type": "Feature", "geometry": {"type": "LineString", "coordinates": [[-21.55, 3.88], [-23.03, 2.72]]}, "properties": {"nationality": "Dutch", "year": 1844}}, {"type": "Feature", "geometry": {"type": "LineString", "coordinates": [[50.77, -28.72], [49.13, -29.07]]}, "properties": {"nationality": "Dutch", "year": 1844}}, {"type": "Feature", "geometry": {"type": "LineString", "coordinates": [[13.47, -33.98], [15.53, -34.42]]}, "properties": {"nationality": "Dutch", "year": 1793}}, {"type": "Feature", "geometry": {"type": "LineString", "coordinates": [[30.17, -32.93], [28.78, -33.87]]}, "properties": {"nationality": "Dutch", "year": 1843}}, {"type": "Feature", "geometry": {"type": "LineString", "coordinates": [[108.88, -6.02], [107.1, -5.9]]}, "properties": {"nationality": "Dutch", "year": 1841}}, {"type": "Feature", "geometry": {"type": "LineString", "coordinates": [[-54.23, 9.85], [-53.98, 9.58]]}, "properties": {"nationality": "Dutch", "year": 1836}}, {"type": "Feature", "geometry": {"type": "LineString", "coordinates": [[-19.62, 22.77], [-20.52, 20.78]]}, "properties": {"nationality": "Dutch", "year": 1776}}, {"type": "Feature", "geometry": {"type": "LineString", "coordinates": [[25.95, -39.85], [29.5, -41.52]]}, "properties": {"nationality": "Dutch", "year": 1842}}, {"type": "Feature", "geometry": {"type": "LineString", "coordinates": [[-15.05, 4.8], [-15.05, 4.8]]}, "properties": {"nationality": "Dutch", "year": 1839}}, {"type": "Feature", "geometry": {"type": "LineString", "coordinates": [[-66.78, 14.38], [-68.37, 12.92]]}, "properties": {"nationality": "Dutch", "year": 1848}}, {"type": "Feature", "geometry": {"type": "LineString", "coordinates": [[-20.65, -5.4], [-21.25, -7.0]]}, "properties": {"nationality": "Dutch", "year": 1787}}, {"type": "Feature", "geometry": {"type": "LineString", "coordinates": [[-7.98, 49.28], [-6.89, 49.47]]}, "properties": {"nationality": "Dutch", "year": 1792}}, {"type": "Feature", "geometry": {"type": "LineString", "coordinates": [[-30.18, 24.0], [-30.48, 24.33]]}, "properties": {"nationality": "Dutch", "year": 1796}}, {"type": "Feature", "geometry": {"type": "LineString", "coordinates": [[-12.0, 31.02], [-12.2, 30.52]]}, "properties": {"nationality": "Dutch", "year": 1767}}, {"type": "Feature", "geometry": {"type": "LineString", "coordinates": [[56.73, 3.82], [58.89, 4.9]]}, "properties": {"nationality": "Dutch", "year": 1766}}, {"type": "Feature", "geometry": {"type": "LineString", "coordinates": [[26.74, -34.52], [24.0, -35.27]]}, "properties": {"nationality": "Dutch", "year": 1826}}, {"type": "Feature", "geometry": {"type": "LineString", "coordinates": [[54.23, -28.8], [53.4, -29.03]]}, "properties": {"nationality": "Dutch", "year": 1838}}, {"type": "Feature", "geometry": {"type": "LineString", "coordinates": [[2.57, 57.92], [1.13, 58.06]]}, "properties": {"nationality": "Dutch", "year": 1837}}, {"type": "Feature", "geometry": {"type": "LineString", "coordinates": [[-39.32, 34.98], [-39.0, 35.57]]}, "properties": {"nationality": "Dutch", "year": 1831}}, {"type": "Feature", "geometry": {"type": "LineString", "coordinates": [[-26.47, -37.82], [-24.32, -38.18]]}, "properties": {"nationality": "Dutch", "year": 1803}}, {"type": "Feature", "geometry": {"type": "LineString", "coordinates": [[-4.53, -3.2], [-5.67, -3.55]]}, "properties": {"nationality": "Dutch", "year": 1774}}, {"type": "Feature", "geometry": {"type": "LineString", "coordinates": [[-13.4, 8.03], [-13.25, 8.03]]}, "properties": {"nationality": "Dutch", "year": 1758}}, {"type": "Feature", "geometry": {"type": "LineString", "coordinates": [[14.45, -32.13], [12.63, -30.58]]}, "properties": {"nationality": "Dutch", "year": 1820}}, {"type": "Feature", "geometry": {"type": "LineString", "coordinates": [[-26.55, -24.75], [-26.28, -26.32]]}, "properties": {"nationality": "Dutch", "year": 1830}}, {"type": "Feature", "geometry": {"type": "LineString", "coordinates": [[-21.47, 5.1], [-21.7, 5.38]]}, "properties": {"nationality": "Dutch", "year": 1842}}, {"type": "Feature", "geometry": {"type": "LineString", "coordinates": [[-66.61, 14.68], [-65.58, 13.49]]}, "properties": {"nationality": "Dutch", "year": 1830}}, {"type": "Feature", "geometry": {"type": "LineString", "coordinates": [[-26.57, 14.47], [-26.27, 12.82]]}, "properties": {"nationality": "Dutch", "year": 1751}}, {"type": "Feature", "geometry": {"type": "LineString", "coordinates": [[107.43, -14.93], [105.73, -15.37]]}, "properties": {"nationality": "Dutch", "year": 1849}}, {"type": "Feature", "geometry": {"type": "LineString", "coordinates": [[-18.38, 31.88], [-18.92, 28.42]]}, "properties": {"nationality": "Dutch", "year": 1847}}, {"type": "Feature", "geometry": {"type": "LineString", "coordinates": [[-22.73, 2.57], [-24.57, 0.38]]}, "properties": {"nationality": "Dutch", "year": 1842}}, {"type": "Feature", "geometry": {"type": "LineString", "coordinates": [[120.8, -7.65], [121.53, -8.07]]}, "properties": {"nationality": "Dutch", "year": 1838}}, {"type": "Feature", "geometry": {"type": "LineString", "coordinates": [[-28.52, 16.65], [-30.43, 19.65]]}, "properties": {"nationality": "Dutch", "year": 1827}}, {"type": "Feature", "geometry": {"type": "LineString", "coordinates": [[-25.12, -14.97], [-25.65, -16.78]]}, "properties": {"nationality": "Dutch", "year": 1796}}, {"type": "Feature", "geometry": {"type": "LineString", "coordinates": [[-9.23, -13.3], [-11.27, -11.65]]}, "properties": {"nationality": "Dutch", "year": 1848}}, {"type": "Feature", "geometry": {"type": "LineString", "coordinates": [[-32.13, -27.98], [-29.68, -30.01]]}, "properties": {"nationality": "Dutch", "year": 1833}}, {"type": "Feature", "geometry": {"type": "LineString", "coordinates": [[-13.45, 5.27], [-13.3, 5.82]]}, "properties": {"nationality": "Dutch", "year": 1836}}, {"type": "Feature", "geometry": {"type": "LineString", "coordinates": [[85.18, -31.47], [87.42, -30.27]]}, "properties": {"nationality": "Dutch", "year": 1819}}, {"type": "Feature", "geometry": {"type": "LineString", "coordinates": [[-32.3, -27.45], [-28.78, -28.18]]}, "properties": {"nationality": "Dutch", "year": 1817}}, {"type": "Feature", "geometry": {"type": "LineString", "coordinates": [[-17.22, 6.8], [-17.73, 7.35]]}, "properties": {"nationality": "Dutch", "year": 1792}}, {"type": "Feature", "geometry": {"type": "LineString", "coordinates": [[-26.02, 19.02], [-25.83, 16.15]]}, "properties": {"nationality": "Dutch", "year": 1848}}, {"type": "Feature", "geometry": {"type": "LineString", "coordinates": [[77.52, -17.18], [75.25, -17.83]]}, "properties": {"nationality": "Dutch", "year": 1842}}, {"type": "Feature", "geometry": {"type": "LineString", "coordinates": [[-22.57, 26.18], [-22.72, 24.62]]}, "properties": {"nationality": "Dutch", "year": 1838}}, {"type": "Feature", "geometry": {"type": "LineString", "coordinates": [[-53.88, -35.4], [-53.77, -34.98]]}, "properties": {"nationality": "Dutch", "year": 1827}}, {"type": "Feature", "geometry": {"type": "LineString", "coordinates": [[-18.95, 32.73], [-17.65, 33.3]]}, "properties": {"nationality": "Dutch", "year": 1788}}, {"type": "Feature", "geometry": {"type": "LineString", "coordinates": [[-17.1, 54.4], [-19.13, 52.75]]}, "properties": {"nationality": "Dutch", "year": 1782}}, {"type": "Feature", "geometry": {"type": "LineString", "coordinates": [[101.7, -14.3], [98.9, -14.97]]}, "properties": {"nationality": "Dutch", "year": 1834}}, {"type": "Feature", "geometry": {"type": "LineString", "coordinates": [[-37.25, 34.7], [-35.97, 35.95]]}, "properties": {"nationality": "Dutch", "year": 1846}}, {"type": "Feature", "geometry": {"type": "LineString", "coordinates": [[-10.68, 43.35], [-13.15, 44.02]]}, "properties": {"nationality": "Dutch", "year": 1845}}, {"type": "Feature", "geometry": {"type": "LineString", "coordinates": [[-20.15, -28.18], [-18.58, -28.16]]}, "properties": {"nationality": "Dutch", "year": 1825}}, {"type": "Feature", "geometry": {"type": "LineString", "coordinates": [[-37.08, 33.88], [-34.95, 35.7]]}, "properties": {"nationality": "Dutch", "year": 1830}}, {"type": "Feature", "geometry": {"type": "LineString", "coordinates": [[58.48, -25.54], [55.77, -26.43]]}, "properties": {"nationality": "Dutch", "year": 1786}}, {"type": "Feature", "geometry": {"type": "LineString", "coordinates": [[-34.32, 13.77], [-36.22, 15.72]]}, "properties": {"nationality": "Dutch", "year": 1848}}, {"type": "Feature", "geometry": {"type": "LineString", "coordinates": [[-24.0, -28.62], [-22.55, -29.27]]}, "properties": {"nationality": "Dutch", "year": 1761}}, {"type": "Feature", "geometry": {"type": "LineString", "coordinates": [[-15.02, 42.05], [-14.38, 40.88]]}, "properties": {"nationality": "Dutch", "year": 1824}}, {"type": "Feature", "geometry": {"type": "LineString", "coordinates": [[-24.57, 7.47], [-24.57, 7.47]]}, "properties": {"nationality": "Dutch", "year": 1842}}, {"type": "Feature", "geometry": {"type": "LineString", "coordinates": [[-20.65, -0.38], [-21.22, 0.07]]}, "properties": {"nationality": "Dutch", "year": 1755}}, {"type": "Feature", "geometry": {"type": "LineString", "coordinates": [[-19.62, 6.28], [-19.6, 6.45]]}, "properties": {"nationality": "Dutch", "year": 1790}}, {"type": "Feature", "geometry": {"type": "LineString", "coordinates": [[79.86, 5.62], [79.98, 5.57]]}, "properties": {"nationality": "Dutch", "year": 1754}}, {"type": "Feature", "geometry": {"type": "LineString", "coordinates": [[-64.82, 13.86], [-63.81, 15.63]]}, "properties": {"nationality": "Dutch", "year": 1828}}, {"type": "Feature", "geometry": {"type": "LineString", "coordinates": [[100.73, -6.77], [102.95, -5.63]]}, "properties": {"nationality": "Dutch", "year": 1836}}, {"type": "Feature", "geometry": {"type": "LineString", "coordinates": [[-67.27, 12.71], [-66.83, 12.13]]}, "properties": {"nationality": "Dutch", "year": 1830}}, {"type": "Feature", "geometry": {"type": "LineString", "coordinates": [[-17.62, -30.52], [-17.17, -30.78]]}, "properties": {"nationality": "Dutch", "year": 1845}}, {"type": "Feature", "geometry": {"type": "LineString", "coordinates": [[-6.93, -14.63], [-8.03, -13.3]]}, "properties": {"nationality": "Dutch", "year": 1821}}, {"type": "Feature", "geometry": {"type": "LineString", "coordinates": [[-62.04, 11.51], [-64.77, 12.55]]}, "properties": {"nationality": "Dutch", "year": 1829}}, {"type": "Feature", "geometry": {"type": "LineString", "coordinates": [[-35.65, 20.22], [-37.2, 19.6]]}, "properties": {"nationality": "Dutch", "year": 1836}}, {"type": "Feature", "geometry": {"type": "LineString", "coordinates": [[-56.52, 13.48], [-55.87, 12.54]]}, "properties": {"nationality": "Dutch", "year": 1832}}, {"type": "Feature", "geometry": {"type": "LineString", "coordinates": [[-10.15, 47.82], [-10.47, 47.93]]}, "properties": {"nationality": "Dutch", "year": 1768}}, {"type": "Feature", "geometry": {"type": "LineString", "coordinates": [[8.62, -2.75], [8.83, -2.97]]}, "properties": {"nationality": "Dutch", "year": 1769}}, {"type": "Feature", "geometry": {"type": "LineString", "coordinates": [[-26.02, 16.58], [-25.55, 14.05]]}, "properties": {"nationality": "Dutch", "year": 1840}}, {"type": "Feature", "geometry": {"type": "LineString", "coordinates": [[28.87, -35.02], [26.58, -35.17]]}, "properties": {"nationality": "Dutch", "year": 1842}}, {"type": "Feature", "geometry": {"type": "LineString", "coordinates": [[28.2, -35.35], [30.6, -35.38]]}, "properties": {"nationality": "Dutch", "year": 1786}}, {"type": "Feature", "geometry": {"type": "LineString", "coordinates": [[-20.65, -0.72], [-21.72, 0.28]]}, "properties": {"nationality": "Dutch", "year": 1761}}, {"type": "Feature", "geometry": {"type": "LineString", "coordinates": [[-22.43, 26.38], [-23.7, 23.93]]}, "properties": {"nationality": "Dutch", "year": 1843}}, {"type": "Feature", "geometry": {"type": "LineString", "coordinates": [[-15.98, 32.07], [-15.93, 31.1]]}, "properties": {"nationality": "Dutch", "year": 1763}}, {"type": "Feature", "geometry": {"type": "LineString", "coordinates": [[-23.93, 21.25], [-24.62, 20.17]]}, "properties": {"nationality": "Dutch", "year": 1850}}, {"type": "Feature", "geometry": {"type": "LineString", "coordinates": [[-45.22, 9.8], [-45.9, 9.28]]}, "properties": {"nationality": "Dutch", "year": 1843}}, {"type": "Feature", "geometry": {"type": "LineString", "coordinates": [[-14.87, -39.12], [-8.73, -40.03]]}, "properties": {"nationality": "Dutch", "year": 1803}}, {"type": "Feature", "geometry": {"type": "LineString", "coordinates": [[-16.12, 48.88], [-14.38, 49.03]]}, "properties": {"nationality": "Dutch", "year": 1847}}, {"type": "Feature", "geometry": {"type": "LineString", "coordinates": [[-33.28, 42.5], [-31.32, 42.1]]}, "properties": {"nationality": "Dutch", "year": 1827}}, {"type": "Feature", "geometry": {"type": "LineString", "coordinates": [[-41.3, -22.83], [-41.53, -23.1]]}, "properties": {"nationality": "Dutch", "year": 1788}}, {"type": "Feature", "geometry": {"type": "LineString", "coordinates": [[-31.83, -27.53], [-27.93, -27.4]]}, "properties": {"nationality": "Dutch", "year": 1850}}, {"type": "Feature", "geometry": {"type": "LineString", "coordinates": [[-3.83, -32.2], [-0.93, -33.3]]}, "properties": {"nationality": "Dutch", "year": 1846}}, {"type": "Feature", "geometry": {"type": "LineString", "coordinates": [[-6.07, 49.38], [-6.48, 48.83]]}, "properties": {"nationality": "Dutch", "year": 1843}}, {"type": "Feature", "geometry": {"type": "LineString", "coordinates": [[-27.15, -2.7], [-28.68, -4.38]]}, "properties": {"nationality": "Dutch", "year": 1840}}, {"type": "Feature", "geometry": {"type": "LineString", "coordinates": [[-2.67, -18.88], [-3.98, -16.72]]}, "properties": {"nationality": "Dutch", "year": 1844}}, {"type": "Feature", "geometry": {"type": "LineString", "coordinates": [[0.87, 50.75], [-3.3, 49.95]]}, "properties": {"nationality": "Dutch", "year": 1829}}, {"type": "Feature", "geometry": {"type": "LineString", "coordinates": [[22.67, -39.93], [26.78, -40.02]]}, "properties": {"nationality": "Dutch", "year": 1844}}, {"type": "Feature", "geometry": {"type": "LineString", "coordinates": [[-17.53, -29.57], [-15.03, -30.53]]}, "properties": {"nationality": "Dutch", "year": 1771}}, {"type": "Feature", "geometry": {"type": "LineString", "coordinates": [[15.67, -37.88], [17.07, -37.87]]}, "properties": {"nationality": "Dutch", "year": 1836}}, {"type": "Feature", "geometry": {"type": "LineString", "coordinates": [[-52.27, 32.7], [-50.62, 32.88]]}, "properties": {"nationality": "Dutch", "year": 1754}}, {"type": "Feature", "geometry": {"type": "LineString", "coordinates": [[-66.62, 26.25], [-67.27, 26.72]]}, "properties": {"nationality": "Dutch", "year": 1779}}, {"type": "Feature", "geometry": {"type": "LineString", "coordinates": [[-41.8, 34.9], [-40.23, 37.43]]}, "properties": {"nationality": "Dutch", "year": 1850}}, {"type": "Feature", "geometry": {"type": "LineString", "coordinates": [[25.42, -38.0], [27.48, -37.82]]}, "properties": {"nationality": "Dutch", "year": 1841}}, {"type": "Feature", "geometry": {"type": "LineString", "coordinates": [[40.27, -29.12], [39.27, -29.6]]}, "properties": {"nationality": "Dutch", "year": 1842}}, {"type": "Feature", "geometry": {"type": "LineString", "coordinates": [[-20.47, 19.27], [-22.4, 17.1]]}, "properties": {"nationality": "Dutch", "year": 1839}}, {"type": "Feature", "geometry": {"type": "LineString", "coordinates": [[-35.25, 24.25], [-36.67, 22.17]]}, "properties": {"nationality": "Dutch", "year": 1761}}, {"type": "Feature", "geometry": {"type": "LineString", "coordinates": [[0.83, -34.18], [2.45, -34.18]]}, "properties": {"nationality": "Dutch", "year": 1788}}, {"type": "Feature", "geometry": {"type": "LineString", "coordinates": [[-25.35, 8.62], [-26.67, 9.28]]}, "properties": {"nationality": "Dutch", "year": 1826}}, {"type": "Feature", "geometry": {"type": "LineString", "coordinates": [[-12.88, 5.62], [-11.58, 5.3]]}, "properties": {"nationality": "Dutch", "year": 1841}}, {"type": "Feature", "geometry": {"type": "LineString", "coordinates": [[-16.48, 46.39], [-17.48, 46.05]]}, "properties": {"nationality": "Dutch", "year": 1814}}, {"type": "Feature", "geometry": {"type": "LineString", "coordinates": [[79.93, -16.9], [76.35, -18.35]]}, "properties": {"nationality": "Dutch", "year": 1841}}, {"type": "Feature", "geometry": {"type": "LineString", "coordinates": [[19.28, -40.2], [19.12, -39.25]]}, "properties": {"nationality": "Dutch", "year": 1840}}, {"type": "Feature", "geometry": {"type": "LineString", "coordinates": [[102.67, -9.27], [102.67, -8.73]]}, "properties": {"nationality": "Dutch", "year": 1836}}, {"type": "Feature", "geometry": {"type": "LineString", "coordinates": [[-22.35, 19.17], [-21.62, 15.55]]}, "properties": {"nationality": "Dutch", "year": 1839}}, {"type": "Feature", "geometry": {"type": "LineString", "coordinates": [[-9.83, -40.8], [-5.63, -39.87]]}, "properties": {"nationality": "Dutch", "year": 1843}}, {"type": "Feature", "geometry": {"type": "LineString", "coordinates": [[-22.83, 1.43], [-23.53, -0.28]]}, "properties": {"nationality": "Dutch", "year": 1802}}, {"type": "Feature", "geometry": {"type": "LineString", "coordinates": [[-52.9, 32.75], [-50.52, 33.9]]}, "properties": {"nationality": "Dutch", "year": 1837}}, {"type": "Feature", "geometry": {"type": "LineString", "coordinates": [[-5.4, 49.38], [-3.5, 49.87]]}, "properties": {"nationality": "Dutch", "year": 1770}}, {"type": "Feature", "geometry": {"type": "LineString", "coordinates": [[-17.53, 0.78], [-18.97, -0.72]]}, "properties": {"nationality": "Dutch", "year": 1839}}, {"type": "Feature", "geometry": {"type": "LineString", "coordinates": [[105.85, -13.83], [106.15, -10.85]]}, "properties": {"nationality": "Dutch", "year": 1839}}, {"type": "Feature", "geometry": {"type": "LineString", "coordinates": [[-62.15, 11.66], [-64.69, 12.22]]}, "properties": {"nationality": "Dutch", "year": 1820}}, {"type": "Feature", "geometry": {"type": "LineString", "coordinates": [[11.67, -35.32], [14.05, -35.08]]}, "properties": {"nationality": "Dutch", "year": 1847}}, {"type": "Feature", "geometry": {"type": "LineString", "coordinates": [[-5.68, -39.73], [-5.67, -39.42]]}, "properties": {"nationality": "Dutch", "year": 1835}}, {"type": "Feature", "geometry": {"type": "LineString", "coordinates": [[-1.65, -18.9], [-4.15, -18.1]]}, "properties": {"nationality": "Dutch", "year": 1841}}, {"type": "Feature", "geometry": {"type": "LineString", "coordinates": [[-29.1, -0.65], [-30.24, -0.72]]}, "properties": {"nationality": "Dutch", "year": 1762}}, {"type": "Feature", "geometry": {"type": "LineString", "coordinates": [[-4.03, -32.32], [-3.66, -32.57]]}, "properties": {"nationality": "Dutch", "year": 1796}}, {"type": "Feature", "geometry": {"type": "LineString", "coordinates": [[-8.14, 49.78], [-6.2, 49.85]]}, "properties": {"nationality": "Dutch", "year": 1770}}, {"type": "Feature", "geometry": {"type": "LineString", "coordinates": [[-19.4, 7.92], [-18.78, 6.46]]}, "properties": {"nationality": "Dutch", "year": 1802}}, {"type": "Feature", "geometry": {"type": "LineString", "coordinates": [[60.5, -24.38], [57.58, -25.03]]}, "properties": {"nationality": "Dutch", "year": 1848}}, {"type": "Feature", "geometry": {"type": "LineString", "coordinates": [[-24.52, 19.1], [-25.37, 16.52]]}, "properties": {"nationality": "Dutch", "year": 1848}}, {"type": "Feature", "geometry": {"type": "LineString", "coordinates": [[-15.65, 6.02], [-14.87, 6.37]]}, "properties": {"nationality": "Dutch", "year": 1840}}, {"type": "Feature", "geometry": {"type": "LineString", "coordinates": [[110.18, -24.4], [111.18, -21.6]]}, "properties": {"nationality": "Dutch", "year": 1848}}, {"type": "Feature", "geometry": {"type": "LineString", "coordinates": [[-6.83, -29.75], [-3.11, -31.03]]}, "properties": {"nationality": "Dutch", "year": 1789}}, {"type": "Feature", "geometry": {"type": "LineString", "coordinates": [[-23.68, 3.33], [-24.98, 4.5]]}, "properties": {"nationality": "Dutch", "year": 1838}}, {"type": "Feature", "geometry": {"type": "LineString", "coordinates": [[-19.72, 2.28], [-19.65, 2.48]]}, "properties": {"nationality": "Dutch", "year": 1849}}, {"type": "Feature", "geometry": {"type": "LineString", "coordinates": [[103.9, -18.83], [104.3, -14.8]]}, "properties": {"nationality": "Dutch", "year": 1835}}, {"type": "Feature", "geometry": {"type": "LineString", "coordinates": [[-1.1, 50.38], [-3.8, 50.1]]}, "properties": {"nationality": "Dutch", "year": 1846}}, {"type": "Feature", "geometry": {"type": "LineString", "coordinates": [[-16.5, 49.73], [-17.22, 49.7]]}, "properties": {"nationality": "Dutch", "year": 1839}}, {"type": "Feature", "geometry": {"type": "LineString", "coordinates": [[-7.82, 1.78], [-9.14, 1.47]]}, "properties": {"nationality": "Dutch", "year": 1762}}, {"type": "Feature", "geometry": {"type": "LineString", "coordinates": [[-13.34, 45.88], [-13.48, 47.33]]}, "properties": {"nationality": "Dutch", "year": 1765}}, {"type": "Feature", "geometry": {"type": "LineString", "coordinates": [[-18.55, 28.5], [-18.75, 28.55]]}, "properties": {"nationality": "Dutch", "year": 1790}}, {"type": "Feature", "geometry": {"type": "LineString", "coordinates": [[-3.08, -18.63], [-4.22, -17.75]]}, "properties": {"nationality": "Dutch", "year": 1848}}, {"type": "Feature", "geometry": {"type": "LineString", "coordinates": [[90.93, -32.52], [93.27, -31.47]]}, "properties": {"nationality": "Dutch", "year": 1837}}, {"type": "Feature", "geometry": {"type": "LineString", "coordinates": [[32.53, -31.27], [32.28, -30.78]]}, "properties": {"nationality": "Dutch", "year": 1850}}, {"type": "Feature", "geometry": {"type": "LineString", "coordinates": [[-26.15, -12.53], [-25.58, -13.32]]}, "properties": {"nationality": "Dutch", "year": 1850}}, {"type": "Feature", "geometry": {"type": "LineString", "coordinates": [[-23.13, 9.28], [-22.57, 9.13]]}, "properties": {"nationality": "Dutch", "year": 1823}}, {"type": "Feature", "geometry": {"type": "LineString", "coordinates": [[-20.02, 6.65], [-19.72, 5.42]]}, "properties": {"nationality": "Dutch", "year": 1761}}, {"type": "Feature", "geometry": {"type": "LineString", "coordinates": [[57.95, -38.82], [62.0, -38.28]]}, "properties": {"nationality": "Dutch", "year": 1840}}, {"type": "Feature", "geometry": {"type": "LineString", "coordinates": [[-21.63, 0.8], [-22.01, 1.15]]}, "properties": {"nationality": "Dutch", "year": 1818}}, {"type": "Feature", "geometry": {"type": "LineString", "coordinates": [[-25.52, 3.23], [-27.1, 4.67]]}, "properties": {"nationality": "Dutch", "year": 1822}}, {"type": "Feature", "geometry": {"type": "LineString", "coordinates": [[94.33, -29.67], [95.78, -28.47]]}, "properties": {"nationality": "Dutch", "year": 1847}}, {"type": "Feature", "geometry": {"type": "LineString", "coordinates": [[-31.65, 14.55], [-33.27, 17.0]]}, "properties": {"nationality": "Dutch", "year": 1843}}, {"type": "Feature", "geometry": {"type": "LineString", "coordinates": [[-24.45, 44.78], [-21.15, 46.48]]}, "properties": {"nationality": "Dutch", "year": 1840}}, {"type": "Feature", "geometry": {"type": "LineString", "coordinates": [[105.3, -5.62], [105.47, -5.85]]}, "properties": {"nationality": "Dutch", "year": 1816}}, {"type": "Feature", "geometry": {"type": "LineString", "coordinates": [[-28.33, 37.6], [-29.87, 37.67]]}, "properties": {"nationality": "Dutch", "year": 1783}}, {"type": "Feature", "geometry": {"type": "LineString", "coordinates": [[1.95, 58.82], [0.72, 58.47]]}, "properties": {"nationality": "Dutch", "year": 1787}}, {"type": "Feature", "geometry": {"type": "LineString", "coordinates": [[-7.37, 48.4], [-9.1, 47.28]]}, "properties": {"nationality": "Dutch", "year": 1829}}, {"type": "Feature", "geometry": {"type": "LineString", "coordinates": [[-24.75, 11.52], [-23.33, 10.25]]}, "properties": {"nationality": "Dutch", "year": 1845}}, {"type": "Feature", "geometry": {"type": "LineString", "coordinates": [[-36.07, 31.3], [-35.25, 32.37]]}, "properties": {"nationality": "Dutch", "year": 1828}}, {"type": "Feature", "geometry": {"type": "LineString", "coordinates": [[106.3, -26.25], [107.98, -25.73]]}, "properties": {"nationality": "Dutch", "year": 1789}}, {"type": "Feature", "geometry": {"type": "LineString", "coordinates": [[-44.35, 20.15], [-45.77, 18.88]]}, "properties": {"nationality": "Dutch", "year": 1760}}, {"type": "Feature", "geometry": {"type": "LineString", "coordinates": [[67.67, -40.2], [69.67, -38.98]]}, "properties": {"nationality": "Dutch", "year": 1844}}, {"type": "Feature", "geometry": {"type": "LineString", "coordinates": [[-5.73, -15.93], [-6.82, -15.03]]}, "properties": {"nationality": "Dutch", "year": 1830}}, {"type": "Feature", "geometry": {"type": "LineString", "coordinates": [[-64.14, 16.7], [-63.94, 17.82]]}, "properties": {"nationality": "Dutch", "year": 1830}}, {"type": "Feature", "geometry": {"type": "LineString", "coordinates": [[-58.85, 26.0], [-57.67, 26.32]]}, "properties": {"nationality": "Dutch", "year": 1761}}, {"type": "Feature", "geometry": {"type": "LineString", "coordinates": [[-19.6, 43.48], [-19.6, 43.48]]}, "properties": {"nationality": "Dutch", "year": 1836}}, {"type": "Feature", "geometry": {"type": "LineString", "coordinates": [[-25.9, -1.34], [-28.32, -1.15]]}, "properties": {"nationality": "Dutch", "year": 1769}}, {"type": "Feature", "geometry": {"type": "LineString", "coordinates": [[47.75, -29.5], [46.68, -29.77]]}, "properties": {"nationality": "Dutch", "year": 1850}}, {"type": "Feature", "geometry": {"type": "LineString", "coordinates": [[-18.51, 10.03], [-17.23, 8.7]]}, "properties": {"nationality": "Dutch", "year": 1794}}, {"type": "Feature", "geometry": {"type": "LineString", "coordinates": [[-15.59, 8.02], [-13.24, 7.27]]}, "properties": {"nationality": "Dutch", "year": 1750}}, {"type": "Feature", "geometry": {"type": "LineString", "coordinates": [[-37.99, -27.98], [-36.17, -30.07]]}, "properties": {"nationality": "Dutch", "year": 1847}}, {"type": "Feature", "geometry": {"type": "LineString", "coordinates": [[-22.1, 9.2], [-20.97, 7.98]]}, "properties": {"nationality": "Dutch", "year": 1834}}, {"type": "Feature", "geometry": {"type": "LineString", "coordinates": [[-33.08, 43.64], [-28.81, 45.35]]}, "properties": {"nationality": "Dutch", "year": 1841}}, {"type": "Feature", "geometry": {"type": "LineString", "coordinates": [[89.28, -34.87], [92.57, -34.42]]}, "properties": {"nationality": "Dutch", "year": 1844}}, {"type": "Feature", "geometry": {"type": "LineString", "coordinates": [[13.35, -31.23], [12.28, -30.02]]}, "properties": {"nationality": "Dutch", "year": 1826}}, {"type": "Feature", "geometry": {"type": "LineString", "coordinates": [[-19.58, 24.95], [-19.92, 23.47]]}, "properties": {"nationality": "Dutch", "year": 1791}}, {"type": "Feature", "geometry": {"type": "LineString", "coordinates": [[-20.22, 3.83], [-20.45, 3.42]]}, "properties": {"nationality": "Dutch", "year": 1840}}, {"type": "Feature", "geometry": {"type": "LineString", "coordinates": [[-40.72, 29.77], [-40.72, 30.42]]}, "properties": {"nationality": "Dutch", "year": 1849}}, {"type": "Feature", "geometry": {"type": "LineString", "coordinates": [[-12.93, 32.53], [-13.83, 32.23]]}, "properties": {"nationality": "Dutch", "year": 1838}}, {"type": "Feature", "geometry": {"type": "LineString", "coordinates": [[-11.82, 49.48], [-8.44, 49.52]]}, "properties": {"nationality": "Dutch", "year": 1779}}, {"type": "Feature", "geometry": {"type": "LineString", "coordinates": [[7.0, 3.4], [7.65, 2.77]]}, "properties": {"nationality": "Dutch", "year": 1771}}, {"type": "Feature", "geometry": {"type": "LineString", "coordinates": [[-18.18, 7.0], [-18.36, 6.5]]}, "properties": {"nationality": "Dutch", "year": 1807}}, {"type": "Feature", "geometry": {"type": "LineString", "coordinates": [[2.92, 68.98], [2.27, 67.78]]}, "properties": {"nationality": "Dutch", "year": 1779}}, {"type": "Feature", "geometry": {"type": "LineString", "coordinates": [[-10.97, -21.82], [-8.98, -23.55]]}, "properties": {"nationality": "Dutch", "year": 1839}}, {"type": "Feature", "geometry": {"type": "LineString", "coordinates": [[-16.2, 40.27], [-15.98, 40.13]]}, "properties": {"nationality": "Dutch", "year": 1788}}, {"type": "Feature", "geometry": {"type": "LineString", "coordinates": [[50.66, -37.77], [50.67, -37.77]]}, "properties": {"nationality": "Dutch", "year": 1836}}, {"type": "Feature", "geometry": {"type": "LineString", "coordinates": [[73.55, -23.7], [70.32, -23.9]]}, "properties": {"nationality": "Dutch", "year": 1830}}, {"type": "Feature", "geometry": {"type": "LineString", "coordinates": [[-17.15, 30.55], [-18.55, 28.4]]}, "properties": {"nationality": "Dutch", "year": 1755}}, {"type": "Feature", "geometry": {"type": "LineString", "coordinates": [[105.08, -13.97], [103.7, -13.82]]}, "properties": {"nationality": "Dutch", "year": 1850}}, {"type": "Feature", "geometry": {"type": "LineString", "coordinates": [[-17.15, 8.57], [-16.42, 7.97]]}, "properties": {"nationality": "Dutch", "year": 1791}}, {"type": "Feature", "geometry": {"type": "LineString", "coordinates": [[51.98, -38.23], [53.77, -38.47]]}, "properties": {"nationality": "Dutch", "year": 1821}}, {"type": "Feature", "geometry": {"type": "LineString", "coordinates": [[110.33, -6.0], [111.05, -5.87]]}, "properties": {"nationality": "Dutch", "year": 1847}}, {"type": "Feature", "geometry": {"type": "LineString", "coordinates": [[17.45, -34.35], [17.8, -34.05]]}, "properties": {"nationality": "Dutch", "year": 1791}}, {"type": "Feature", "geometry": {"type": "LineString", "coordinates": [[-25.9, 17.05], [-24.92, 14.18]]}, "properties": {"nationality": "Dutch", "year": 1843}}, {"type": "Feature", "geometry": {"type": "LineString", "coordinates": [[-0.77, -34.82], [2.21, -34.78]]}, "properties": {"nationality": "Dutch", "year": 1765}}, {"type": "Feature", "geometry": {"type": "LineString", "coordinates": [[47.62, -36.45], [50.68, -36.58]]}, "properties": {"nationality": "Dutch", "year": 1827}}, {"type": "Feature", "geometry": {"type": "LineString", "coordinates": [[-19.57, -26.83], [-19.0, -27.67]]}, "properties": {"nationality": "Dutch", "year": 1789}}, {"type": "Feature", "geometry": {"type": "LineString", "coordinates": [[-4.85, 49.78], [-5.02, 49.58]]}, "properties": {"nationality": "Dutch", "year": 1844}}, {"type": "Feature", "geometry": {"type": "LineString", "coordinates": [[6.93, -23.23], [5.24, -22.22]]}, "properties": {"nationality": "Dutch", "year": 1793}}, {"type": "Feature", "geometry": {"type": "LineString", "coordinates": [[-31.93, 28.53], [-31.23, 30.0]]}, "properties": {"nationality": "Dutch", "year": 1838}}, {"type": "Feature", "geometry": {"type": "LineString", "coordinates": [[-40.33, 29.55], [-38.98, 31.43]]}, "properties": {"nationality": "Dutch", "year": 1848}}, {"type": "Feature", "geometry": {"type": "LineString", "coordinates": [[106.93, -12.53], [106.78, -12.03]]}, "properties": {"nationality": "Dutch", "year": 1750}}, {"type": "Feature", "geometry": {"type": "LineString", "coordinates": [[106.65, -15.9], [105.67, -16.4]]}, "properties": {"nationality": "Dutch", "year": 1836}}, {"type": "Feature", "geometry": {"type": "LineString", "coordinates": [[-18.53, 45.92], [-17.57, 45.52]]}, "properties": {"nationality": "Dutch", "year": 1839}}, {"type": "Feature", "geometry": {"type": "LineString", "coordinates": [[-21.67, 22.3], [-23.7, 20.03]]}, "properties": {"nationality": "Dutch", "year": 1848}}, {"type": "Feature", "geometry": {"type": "LineString", "coordinates": [[88.1, -7.53], [88.1, -6.57]]}, "properties": {"nationality": "Dutch", "year": 1784}}, {"type": "Feature", "geometry": {"type": "LineString", "coordinates": [[-0.18, 62.78], [-0.18, 65.33]]}, "properties": {"nationality": "Dutch", "year": 1794}}, {"type": "Feature", "geometry": {"type": "LineString", "coordinates": [[-13.55, 41.73], [-13.68, 41.82]]}, "properties": {"nationality": "Dutch", "year": 1778}}, {"type": "Feature", "geometry": {"type": "LineString", "coordinates": [[-42.18, -23.33], [-42.83, -25.23]]}, "properties": {"nationality": "Dutch", "year": 1821}}, {"type": "Feature", "geometry": {"type": "LineString", "coordinates": [[-25.1, -25.92], [-25.13, -26.2]]}, "properties": {"nationality": "Dutch", "year": 1785}}, {"type": "Feature", "geometry": {"type": "LineString", "coordinates": [[81.22, 8.57], [81.22, 8.57]]}, "properties": {"nationality": "Dutch", "year": 1785}}, {"type": "Feature", "geometry": {"type": "LineString", "coordinates": [[-27.37, -22.47], [-27.18, -23.45]]}, "properties": {"nationality": "Dutch", "year": 1790}}, {"type": "Feature", "geometry": {"type": "LineString", "coordinates": [[3.67, -35.73], [5.7, -35.36]]}, "properties": {"nationality": "Dutch", "year": 1838}}, {"type": "Feature", "geometry": {"type": "LineString", "coordinates": [[-14.58, 9.87], [-13.88, 9.47]]}, "properties": {"nationality": "Dutch", "year": 1828}}, {"type": "Feature", "geometry": {"type": "LineString", "coordinates": [[-36.93, 33.8], [-36.1, 35.57]]}, "properties": {"nationality": "Dutch", "year": 1848}}, {"type": "Feature", "geometry": {"type": "LineString", "coordinates": [[-25.82, 38.58], [-25.82, 38.58]]}, "properties": {"nationality": "Dutch", "year": 1836}}, {"type": "Feature", "geometry": {"type": "LineString", "coordinates": [[-10.85, 45.58], [-11.6, 45.23]]}, "properties": {"nationality": "Dutch", "year": 1764}}, {"type": "Feature", "geometry": {"type": "LineString", "coordinates": [[34.77, -31.05], [33.08, -31.52]]}, "properties": {"nationality": "Dutch", "year": 1845}}, {"type": "Feature", "geometry": {"type": "LineString", "coordinates": [[-75.8, 19.5], [-75.57, 19.6]]}, "properties": {"nationality": "French", "year": 1785}}, {"type": "Feature", "geometry": {"type": "LineString", "coordinates": [[-30.14, 22.8], [-32.17, 21.63]]}, "properties": {"nationality": "French", "year": 1769}}, {"type": "Feature", "geometry": {"type": "LineString", "coordinates": [[176.13, 37.48], [178.59, 37.26]]}, "properties": {"nationality": "French", "year": 1787}}, {"type": "Feature", "geometry": {"type": "LineString", "coordinates": [[-6.54, 45.28], [-5.67, 45.13]]}, "properties": {"nationality": "French", "year": 1788}}, {"type": "Feature", "geometry": {"type": "LineString", "coordinates": [[-50.44, 36.55], [-50.07, 37.67]]}, "properties": {"nationality": "French", "year": 1769}}, {"type": "Feature", "geometry": {"type": "LineString", "coordinates": [[-56.5, 37.53], [-52.9, 38.82]]}, "properties": {"nationality": "French", "year": 1769}}, {"type": "Feature", "geometry": {"type": "LineString", "coordinates": [[-42.3, 37.32], [-39.93, 36.58]]}, "properties": {"nationality": "French", "year": 1752}}, {"type": "Feature", "geometry": {"type": "LineString", "coordinates": [[-23.84, 35.37], [-25.02, 33.43]]}, "properties": {"nationality": "French", "year": 1786}}, {"type": "Feature", "geometry": {"type": "LineString", "coordinates": [[-46.67, 41.47], [-43.7, 42.53]]}, "properties": {"nationality": "French", "year": 1776}}, {"type": "Feature", "geometry": {"type": "LineString", "coordinates": [[-22.97, 0.59], [-24.05, -1.0]]}, "properties": {"nationality": "French", "year": 1791}}, {"type": "Feature", "geometry": {"type": "LineString", "coordinates": [[-132.5, 27.9], [-133.15, 27.56]]}, "properties": {"nationality": "French", "year": 1786}}, {"type": "Feature", "geometry": {"type": "LineString", "coordinates": [[-66.42, 23.62], [-64.85, 23.35]]}, "properties": {"nationality": "French", "year": 1775}}, {"type": "Feature", "geometry": {"type": "LineString", "coordinates": [[-12.79, 40.57], [-14.79, 38.55]]}, "properties": {"nationality": "French", "year": 1787}}, {"type": "Feature", "geometry": {"type": "LineString", "coordinates": [[-60.88, 28.42], [-59.47, 29.77]]}, "properties": {"nationality": "French", "year": 1753}}, {"type": "Feature", "geometry": {"type": "LineString", "coordinates": [[-27.77, 43.0], [-32.27, 43.8]]}, "properties": {"nationality": "French", "year": 1753}}, {"type": "Feature", "geometry": {"type": "LineString", "coordinates": [[-20.67, 46.78], [-21.67, 47.6]]}, "properties": {"nationality": "French", "year": 1785}}, {"type": "Feature", "geometry": {"type": "LineString", "coordinates": [[-61.45, 19.5], [-64.18, 19.5]]}, "properties": {"nationality": "French", "year": 1768}}, {"type": "Feature", "geometry": {"type": "LineString", "coordinates": [[-33.12, 43.65], [-33.77, 43.28]]}, "properties": {"nationality": "French", "year": 1771}}, {"type": "Feature", "geometry": {"type": "LineString", "coordinates": [[-63.04, 28.68], [-62.35, 29.05]]}, "properties": {"nationality": "French", "year": 1788}}, {"type": "Feature", "geometry": {"type": "LineString", "coordinates": [[-64.65, 21.08], [-64.95, 22.65]]}, "properties": {"nationality": "French", "year": 1787}}, {"type": "Feature", "geometry": {"type": "LineString", "coordinates": [[-39.14, 40.4], [-36.79, 41.48]]}, "properties": {"nationality": "French", "year": 1788}}, {"type": "Feature", "geometry": {"type": "LineString", "coordinates": [[-34.93, 13.46], [-39.53, 13.63]]}, "properties": {"nationality": "French", "year": 1772}}, {"type": "Feature", "geometry": {"type": "LineString", "coordinates": [[-73.34, 25.67], [-69.95, 26.28]]}, "properties": {"nationality": "French", "year": 1790}}, {"type": "Feature", "geometry": {"type": "LineString", "coordinates": [[-26.48, 48.83], [-23.95, 49.17]]}, "properties": {"nationality": "French", "year": 1751}}, {"type": "Feature", "geometry": {"type": "LineString", "coordinates": [[-19.63, -31.31], [-17.55, -31.62]]}, "properties": {"nationality": "French", "year": 1791}}, {"type": "Feature", "geometry": {"type": "LineString", "coordinates": [[117.06, 19.95], [118.01, 18.87]]}, "properties": {"nationality": "French", "year": 1787}}, {"type": "Feature", "geometry": {"type": "LineString", "coordinates": [[53.23, -31.03], [54.15, -29.37]]}, "properties": {"nationality": "French", "year": 1837}}, {"type": "Feature", "geometry": {"type": "LineString", "coordinates": [[-40.52, 20.45], [-41.05, 20.05]]}, "properties": {"nationality": "French", "year": 1787}}, {"type": "Feature", "geometry": {"type": "LineString", "coordinates": [[-25.82, -18.65], [-26.57, -20.38]]}, "properties": {"nationality": "French", "year": 1785}}, {"type": "Feature", "geometry": {"type": "LineString", "coordinates": [[17.9, -34.21], [18.76, -34.71]]}, "properties": {"nationality": "French", "year": 1792}}, {"type": "Feature", "geometry": {"type": "LineString", "coordinates": [[-56.79, 47.17], [-51.99, 45.85]]}, "properties": {"nationality": "French", "year": 1788}}, {"type": "Feature", "geometry": {"type": "LineString", "coordinates": [[162.91, -18.87], [162.88, -18.18]]}, "properties": {"nationality": "French", "year": 1792}}, {"type": "Feature", "geometry": {"type": "LineString", "coordinates": [[-64.7, 19.83], [-68.7, 19.53]]}, "properties": {"nationality": "French", "year": 1772}}, {"type": "Feature", "geometry": {"type": "LineString", "coordinates": [[-12.13, 42.53], [-12.33, 43.23]]}, "properties": {"nationality": "French", "year": 1753}}, {"type": "Feature", "geometry": {"type": "LineString", "coordinates": [[-43.88, 45.58], [-44.97, 45.6]]}, "properties": {"nationality": "French", "year": 1753}}, {"type": "Feature", "geometry": {"type": "LineString", "coordinates": [[-46.24, 19.47], [-47.02, 19.13]]}, "properties": {"nationality": "French", "year": 1786}}, {"type": "Feature", "geometry": {"type": "LineString", "coordinates": [[-29.7, 28.3], [-31.63, 27.18]]}, "properties": {"nationality": "French", "year": 1764}}, {"type": "Feature", "geometry": {"type": "LineString", "coordinates": [[-16.56, 47.33], [-12.12, 47.32]]}, "properties": {"nationality": "French", "year": 1790}}, {"type": "Feature", "geometry": {"type": "LineString", "coordinates": [[-33.1, 44.67], [-32.15, 45.32]]}, "properties": {"nationality": "French", "year": 1755}}, {"type": "Feature", "geometry": {"type": "LineString", "coordinates": [[-63.4, 29.23], [-58.65, 30.87]]}, "properties": {"nationality": "French", "year": 1790}}, {"type": "Feature", "geometry": {"type": "LineString", "coordinates": [[-61.72, 29.55], [-60.52, 29.77]]}, "properties": {"nationality": "French", "year": 1788}}, {"type": "Feature", "geometry": {"type": "LineString", "coordinates": [[165.01, -13.01], [165.57, -11.66]]}, "properties": {"nationality": "French", "year": 1793}}, {"type": "Feature", "geometry": {"type": "LineString", "coordinates": [[-73.07, 21.78], [-72.56, 22.33]]}, "properties": {"nationality": "French", "year": 1788}}, {"type": "Feature", "geometry": {"type": "LineString", "coordinates": [[-20.1, 47.43], [-18.15, 48.33]]}, "properties": {"nationality": "French", "year": 1773}}, {"type": "Feature", "geometry": {"type": "LineString", "coordinates": [[144.36, -43.9], [147.14, -43.57]]}, "properties": {"nationality": "French", "year": 1792}}, {"type": "Feature", "geometry": {"type": "LineString", "coordinates": [[-17.84, 5.13], [-17.94, 5.1]]}, "properties": {"nationality": "French", "year": 1791}}, {"type": "Feature", "geometry": {"type": "LineString", "coordinates": [[-29.24, 13.17], [-31.0, 10.85]]}, "properties": {"nationality": "French", "year": 1836}}, {"type": "Feature", "geometry": {"type": "LineString", "coordinates": [[-45.54, 22.27], [-48.09, 21.33]]}, "properties": {"nationality": "French", "year": 1775}}, {"type": "Feature", "geometry": {"type": "LineString", "coordinates": [[-48.25, 46.58], [-49.55, 46.72]]}, "properties": {"nationality": "French", "year": 1750}}, {"type": "Feature", "geometry": {"type": "LineString", "coordinates": [[-58.69, 30.7], [-57.49, 32.57]]}, "properties": {"nationality": "French", "year": 1788}}, {"type": "Feature", "geometry": {"type": "LineString", "coordinates": [[-33.59, 44.5], [-35.4, 44.47]]}, "properties": {"nationality": "French", "year": 1788}}, {"type": "Feature", "geometry": {"type": "LineString", "coordinates": [[-64.3, -55.8], [-64.27, -57.22]]}, "properties": {"nationality": "French", "year": 1785}}, {"type": "Feature", "geometry": {"type": "LineString", "coordinates": [[-26.99, 31.03], [-29.59, 30.77]]}, "properties": {"nationality": "French", "year": 1788}}, {"type": "Feature", "geometry": {"type": "LineString", "coordinates": [[-68.85, 26.12], [-68.2, 27.77]]}, "properties": {"nationality": "French", "year": 1776}}, {"type": "Feature", "geometry": {"type": "LineString", "coordinates": [[-30.0, 49.17], [-25.43, 48.93]]}, "properties": {"nationality": "French", "year": 1755}}, {"type": "Feature", "geometry": {"type": "LineString", "coordinates": [[-23.63, 43.3], [-24.58, 43.2]]}, "properties": {"nationality": "French", "year": 1753}}, {"type": "Feature", "geometry": {"type": "LineString", "coordinates": [[-17.0, 41.6], [-15.83, 42.47]]}, "properties": {"nationality": "French", "year": 1750}}, {"type": "Feature", "geometry": {"type": "LineString", "coordinates": [[-47.47, 39.87], [-44.05, 41.22]]}, "properties": {"nationality": "French", "year": 1764}}, {"type": "Feature", "geometry": {"type": "LineString", "coordinates": [[-62.59, 23.07], [-61.89, 24.42]]}, "properties": {"nationality": "French", "year": 1769}}, {"type": "Feature", "geometry": {"type": "LineString", "coordinates": [[-57.17, 16.07], [-59.68, 16.02]]}, "properties": {"nationality": "French", "year": 1767}}, {"type": "Feature", "geometry": {"type": "LineString", "coordinates": [[-58.05, 15.7], [-59.27, 15.7]]}, "properties": {"nationality": "French", "year": 1765}}, {"type": "Feature", "geometry": {"type": "LineString", "coordinates": [[-116.42, -0.9], [-115.67, 0.3]]}, "properties": {"nationality": "French", "year": 1786}}, {"type": "Feature", "geometry": {"type": "LineString", "coordinates": [[-49.25, 2.7], [-50.74, 3.73]]}, "properties": {"nationality": "French", "year": 1766}}, {"type": "Feature", "geometry": {"type": "LineString", "coordinates": [[-13.34, 40.93], [-13.4, 40.42]]}, "properties": {"nationality": "French", "year": 1788}}, {"type": "Feature", "geometry": {"type": "LineString", "coordinates": [[-27.82, 43.67], [-28.92, 44.22]]}, "properties": {"nationality": "French", "year": 1751}}, {"type": "Feature", "geometry": {"type": "LineString", "coordinates": [[-34.35, 23.87], [-37.07, 22.57]]}, "properties": {"nationality": "French", "year": 1785}}, {"type": "Feature", "geometry": {"type": "LineString", "coordinates": [[-1.62, 46.05], [-3.15, 46.25]]}, "properties": {"nationality": "French", "year": 1768}}, {"type": "Feature", "geometry": {"type": "LineString", "coordinates": [[165.15, -21.8], [165.01, -21.67]]}, "properties": {"nationality": "French", "year": 1792}}, {"type": "Feature", "geometry": {"type": "LineString", "coordinates": [[-36.8, 21.08], [-38.75, 20.8]]}, "properties": {"nationality": "French", "year": 1767}}, {"type": "Feature", "geometry": {"type": "LineString", "coordinates": [[-39.95, 31.18], [-41.5, 30.03]]}, "properties": {"nationality": "French", "year": 1788}}, {"type": "Feature", "geometry": {"type": "LineString", "coordinates": [[-40.77, 45.42], [-41.78, 44.93]]}, "properties": {"nationality": "French", "year": 1753}}, {"type": "Feature", "geometry": {"type": "LineString", "coordinates": [[-34.07, 40.37], [-31.67, 41.88]]}, "properties": {"nationality": "French", "year": 1766}}, {"type": "Feature", "geometry": {"type": "LineString", "coordinates": [[-20.13, -28.37], [-20.6, -29.64]]}, "properties": {"nationality": "French", "year": 1791}}, {"type": "Feature", "geometry": {"type": "LineString", "coordinates": [[-140.35, 59.5], [-140.35, 59.3]]}, "properties": {"nationality": "French", "year": 1786}}, {"type": "Feature", "geometry": {"type": "LineString", "coordinates": [[-63.42, 19.52], [-64.99, 19.47]]}, "properties": {"nationality": "French", "year": 1775}}, {"type": "Feature", "geometry": {"type": "LineString", "coordinates": [[-13.29, 42.63], [-10.54, 44.9]]}, "properties": {"nationality": "French", "year": 1787}}, {"type": "Feature", "geometry": {"type": "LineString", "coordinates": [[33.01, -35.66], [35.32, -35.36]]}, "properties": {"nationality": "French", "year": 1792}}, {"type": "Feature", "geometry": {"type": "LineString", "coordinates": [[-61.7, 41.32], [-61.35, 40.6]]}, "properties": {"nationality": "French", "year": 1785}}, {"type": "Feature", "geometry": {"type": "LineString", "coordinates": [[-31.96, 25.03], [-33.14, 24.17]]}, "properties": {"nationality": "French", "year": 1774}}, {"type": "Feature", "geometry": {"type": "LineString", "coordinates": [[-26.72, 47.67], [-22.72, 48.15]]}, "properties": {"nationality": "French", "year": 1773}}, {"type": "Feature", "geometry": {"type": "LineString", "coordinates": [[-31.0, 23.72], [-32.59, 22.87]]}, "properties": {"nationality": "French", "year": 1787}}, {"type": "Feature", "geometry": {"type": "LineString", "coordinates": [[-17.65, 33.22], [-20.15, 31.7]]}, "properties": {"nationality": "French", "year": 1785}}, {"type": "Feature", "geometry": {"type": "LineString", "coordinates": [[-13.94, 41.5], [-15.65, 39.55]]}, "properties": {"nationality": "French", "year": 1769}}, {"type": "Feature", "geometry": {"type": "LineString", "coordinates": [[-61.94, 26.33], [-61.97, 27.22]]}, "properties": {"nationality": "French", "year": 1776}}, {"type": "Feature", "geometry": {"type": "LineString", "coordinates": [[-40.4, 44.07], [-38.77, 45.05]]}, "properties": {"nationality": "French", "year": 1786}}, {"type": "Feature", "geometry": {"type": "LineString", "coordinates": [[-60.82, 24.28], [-60.42, 25.3]]}, "properties": {"nationality": "French", "year": 1765}}, {"type": "Feature", "geometry": {"type": "LineString", "coordinates": [[-41.34, 40.77], [-44.29, 40.42]]}, "properties": {"nationality": "French", "year": 1785}}, {"type": "Feature", "geometry": {"type": "LineString", "coordinates": [[-35.39, 47.33], [-34.47, 48.4]]}, "properties": {"nationality": "French", "year": 1773}}, {"type": "Feature", "geometry": {"type": "LineString", "coordinates": [[57.11, -11.12], [56.35, -10.65]]}, "properties": {"nationality": "French", "year": 1837}}, {"type": "Feature", "geometry": {"type": "LineString", "coordinates": [[-12.82, 43.39], [-14.34, 41.73]]}, "properties": {"nationality": "French", "year": 1774}}, {"type": "Feature", "geometry": {"type": "LineString", "coordinates": [[-60.75, 17.25], [-61.18, 18.38]]}, "properties": {"nationality": "French", "year": 1765}}, {"type": "Feature", "geometry": {"type": "LineString", "coordinates": [[-52.97, 35.95], [-52.65, 36.25]]}, "properties": {"nationality": "French", "year": 1765}}, {"type": "Feature", "geometry": {"type": "LineString", "coordinates": [[-62.94, 32.67], [-61.89, 35.4]]}, "properties": {"nationality": "French", "year": 1789}}, {"type": "Feature", "geometry": {"type": "LineString", "coordinates": [[-8.84, 48.37], [-7.47, 48.42]]}, "properties": {"nationality": "French", "year": 1769}}, {"type": "Feature", "geometry": {"type": "LineString", "coordinates": [[-56.02, 33.22], [-55.84, 33.45]]}, "properties": {"nationality": "French", "year": 1759}}, {"type": "Feature", "geometry": {"type": "LineString", "coordinates": [[-8.4, 45.98], [-9.27, 45.57]]}, "properties": {"nationality": "French", "year": 1786}}, {"type": "Feature", "geometry": {"type": "LineString", "coordinates": [[-60.65, 24.75], [-60.29, 26.58]]}, "properties": {"nationality": "French", "year": 1770}}, {"type": "Feature", "geometry": {"type": "LineString", "coordinates": [[-35.15, 43.67], [-35.97, 44.67]]}, "properties": {"nationality": "French", "year": 1751}}, {"type": "Feature", "geometry": {"type": "LineString", "coordinates": [[-19.75, 34.6], [-17.22, 33.45]]}, "properties": {"nationality": "French", "year": 1788}}, {"type": "Feature", "geometry": {"type": "LineString", "coordinates": [[-72.02, 21.5], [-72.2, 22.43]]}, "properties": {"nationality": "French", "year": 1773}}, {"type": "Feature", "geometry": {"type": "LineString", "coordinates": [[-70.69, 24.73], [-69.26, 25.92]]}, "properties": {"nationality": "French", "year": 1759}}, {"type": "Feature", "geometry": {"type": "LineString", "coordinates": [[-28.89, 24.15], [-30.17, 23.45]]}, "properties": {"nationality": "French", "year": 1775}}, {"type": "Feature", "geometry": {"type": "LineString", "coordinates": [[-31.34, 41.7], [-30.64, 41.7]]}, "properties": {"nationality": "French", "year": 1750}}, {"type": "Feature", "geometry": {"type": "LineString", "coordinates": [[-41.57, 17.08], [-43.24, 15.65]]}, "properties": {"nationality": "French", "year": 1766}}, {"type": "Feature", "geometry": {"type": "LineString", "coordinates": [[-172.49, 10.31], [-172.02, 8.97]]}, "properties": {"nationality": "French", "year": 1787}}, {"type": "Feature", "geometry": {"type": "LineString", "coordinates": [[-3.6, 45.83], [-1.97, 46.55]]}, "properties": {"nationality": "French", "year": 1786}}, {"type": "Feature", "geometry": {"type": "LineString", "coordinates": [[-34.23, 41.7], [-35.15, 43.67]]}, "properties": {"nationality": "French", "year": 1751}}, {"type": "Feature", "geometry": {"type": "LineString", "coordinates": [[-44.05, 41.22], [-40.83, 41.77]]}, "properties": {"nationality": "French", "year": 1764}}, {"type": "Feature", "geometry": {"type": "LineString", "coordinates": [[-17.05, 36.47], [-16.95, 37.68]]}, "properties": {"nationality": "French", "year": 1751}}, {"type": "Feature", "geometry": {"type": "LineString", "coordinates": [[135.98, 39.33], [134.4, 40.07]]}, "properties": {"nationality": "French", "year": 1787}}, {"type": "Feature", "geometry": {"type": "LineString", "coordinates": [[-35.17, 42.3], [-33.17, 42.18]]}, "properties": {"nationality": "French", "year": 1776}}, {"type": "Feature", "geometry": {"type": "LineString", "coordinates": [[-12.95, 40.2], [-12.1, 39.6]]}, "properties": {"nationality": "French", "year": 1765}}, {"type": "Feature", "geometry": {"type": "LineString", "coordinates": [[-51.8, 35.58], [-48.14, 36.07]]}, "properties": {"nationality": "French", "year": 1777}}, {"type": "Feature", "geometry": {"type": "LineString", "coordinates": [[-55.9, 14.52], [-57.5, 14.57]]}, "properties": {"nationality": "French", "year": 1751}}, {"type": "Feature", "geometry": {"type": "LineString", "coordinates": [[-54.09, 20.23], [-56.5, 19.87]]}, "properties": {"nationality": "French", "year": 1775}}, {"type": "Feature", "geometry": {"type": "LineString", "coordinates": [[-9.07, 47.37], [-8.82, 47.45]]}, "properties": {"nationality": "French", "year": 1766}}, {"type": "Feature", "geometry": {"type": "LineString", "coordinates": [[133.0, 0.07], [131.64, 0.34]]}, "properties": {"nationality": "French", "year": 1793}}, {"type": "Feature", "geometry": {"type": "LineString", "coordinates": [[-10.75, 45.3], [-9.55, 45.18]]}, "properties": {"nationality": "French", "year": 1771}}, {"type": "Feature", "geometry": {"type": "LineString", "coordinates": [[-27.36, 43.92], [-26.42, 44.23]]}, "properties": {"nationality": "French", "year": 1786}}, {"type": "Feature", "geometry": {"type": "LineString", "coordinates": [[134.74, -40.36], [137.43, -41.02]]}, "properties": {"nationality": "French", "year": 1792}}, {"type": "Feature", "geometry": {"type": "LineString", "coordinates": [[-54.34, 14.5], [-54.34, 14.5]]}, "properties": {"nationality": "French", "year": 1765}}, {"type": "Feature", "geometry": {"type": "LineString", "coordinates": [[151.69, -3.77], [151.16, -3.28]]}, "properties": {"nationality": "French", "year": 1793}}, {"type": "Feature", "geometry": {"type": "LineString", "coordinates": [[-23.34, -15.93], [-23.32, -18.58]]}, "properties": {"nationality": "French", "year": 1810}}, {"type": "Feature", "geometry": {"type": "LineString", "coordinates": [[-45.25, 38.25], [-43.88, 38.68]]}, "properties": {"nationality": "French", "year": 1786}}, {"type": "Feature", "geometry": {"type": "LineString", "coordinates": [[-36.24, 26.12], [-38.74, 24.8]]}, "properties": {"nationality": "French", "year": 1776}}, {"type": "Feature", "geometry": {"type": "LineString", "coordinates": [[-62.17, 19.78], [-64.07, 19.35]]}, "properties": {"nationality": "French", "year": 1787}}, {"type": "Feature", "geometry": {"type": "LineString", "coordinates": [[-41.78, 46.13], [-41.81, 45.85]]}, "properties": {"nationality": "French", "year": 1752}}, {"type": "Feature", "geometry": {"type": "LineString", "coordinates": [[157.02, -11.57], [155.91, -11.18]]}, "properties": {"nationality": "French", "year": 1793}}, {"type": "Feature", "geometry": {"type": "LineString", "coordinates": [[-49.89, 46.15], [-51.2, 46.37]]}, "properties": {"nationality": "French", "year": 1755}}, {"type": "Feature", "geometry": {"type": "LineString", "coordinates": [[156.15, -37.34], [157.99, -35.63]]}, "properties": {"nationality": "French", "year": 1792}}, {"type": "Feature", "geometry": {"type": "LineString", "coordinates": [[-25.4, 45.95], [-21.57, 46.4]]}, "properties": {"nationality": "French", "year": 1770}}, {"type": "Feature", "geometry": {"type": "LineString", "coordinates": [[-48.0, 36.03], [-45.15, 37.33]]}, "properties": {"nationality": "French", "year": 1768}}, {"type": "Feature", "geometry": {"type": "LineString", "coordinates": [[-42.72, 14.07], [-45.92, 14.25]]}, "properties": {"nationality": "French", "year": 1772}}, {"type": "Feature", "geometry": {"type": "LineString", "coordinates": [[-39.15, -25.05], [-39.64, -24.75]]}, "properties": {"nationality": "French", "year": 1785}}, {"type": "Feature", "geometry": {"type": "LineString", "coordinates": [[-31.45, 47.78], [-32.35, 46.7]]}, "properties": {"nationality": "French", "year": 1788}}, {"type": "Feature", "geometry": {"type": "LineString", "coordinates": [[-46.4, 37.12], [-45.37, 38.55]]}, "properties": {"nationality": "French", "year": 1788}}, {"type": "Feature", "geometry": {"type": "LineString", "coordinates": [[-44.5, 19.95], [-46.7, 18.98]]}, "properties": {"nationality": "French", "year": 1785}}, {"type": "Feature", "geometry": {"type": "LineString", "coordinates": [[-27.79, -6.33], [-28.37, -9.4]]}, "properties": {"nationality": "French", "year": 1837}}, {"type": "Feature", "geometry": {"type": "LineString", "coordinates": [[-55.75, 46.08], [-55.6, 45.5]]}, "properties": {"nationality": "French", "year": 1753}}, {"type": "Feature", "geometry": {"type": "LineString", "coordinates": [[-48.87, 44.9], [-46.9, 45.27]]}, "properties": {"nationality": "French", "year": 1751}}, {"type": "Feature", "geometry": {"type": "LineString", "coordinates": [[-17.55, 37.6], [-18.94, 35.55]]}, "properties": {"nationality": "French", "year": 1788}}, {"type": "Feature", "geometry": {"type": "LineString", "coordinates": [[-16.79, 43.77], [-17.79, 43.88]]}, "properties": {"nationality": "French", "year": 1771}}, {"type": "Feature", "geometry": {"type": "LineString", "coordinates": [[-49.12, 28.77], [-50.35, 28.77]]}, "properties": {"nationality": "French", "year": 1788}}, {"type": "Feature", "geometry": {"type": "LineString", "coordinates": [[-25.07, 43.82], [-27.32, 43.87]]}, "properties": {"nationality": "French", "year": 1766}}, {"type": "Feature", "geometry": {"type": "LineString", "coordinates": [[-60.47, 29.88], [-59.9, 30.0]]}, "properties": {"nationality": "French", "year": 1788}}, {"type": "Feature", "geometry": {"type": "LineString", "coordinates": [[-4.67, 46.65], [-5.47, 47.07]]}, "properties": {"nationality": "French", "year": 1787}}, {"type": "Feature", "geometry": {"type": "LineString", "coordinates": [[-62.07, 21.03], [-61.32, 22.58]]}, "properties": {"nationality": "French", "year": 1770}}, {"type": "Feature", "geometry": {"type": "LineString", "coordinates": [[-46.67, 45.68], [-45.05, 46.02]]}, "properties": {"nationality": "French", "year": 1751}}, {"type": "Feature", "geometry": {"type": "LineString", "coordinates": [[-42.02, 43.98], [-43.07, 44.07]]}, "properties": {"nationality": "French", "year": 1771}}, {"type": "Feature", "geometry": {"type": "LineString", "coordinates": [[-13.9, 46.93], [-10.52, 46.58]]}, "properties": {"nationality": "French", "year": 1755}}, {"type": "Feature", "geometry": {"type": "LineString", "coordinates": [[-47.97, 45.47], [-51.49, 45.27]]}, "properties": {"nationality": "French", "year": 1784}}, {"type": "Feature", "geometry": {"type": "LineString", "coordinates": [[-20.44, 46.88], [-20.55, 47.48]]}, "properties": {"nationality": "French", "year": 1767}}, {"type": "Feature", "geometry": {"type": "LineString", "coordinates": [[-17.67, 39.88], [-18.37, 39.28]]}, "properties": {"nationality": "French", "year": 1786}}, {"type": "Feature", "geometry": {"type": "LineString", "coordinates": [[119.58, -11.85], [119.28, -10.07]]}, "properties": {"nationality": "French", "year": 1810}}, {"type": "Feature", "geometry": {"type": "LineString", "coordinates": [[-60.75, 24.13], [-60.05, 25.33]]}, "properties": {"nationality": "French", "year": 1775}}, {"type": "Feature", "geometry": {"type": "LineString", "coordinates": [[-48.44, 15.47], [-50.05, 15.08]]}, "properties": {"nationality": "French", "year": 1787}}, {"type": "Feature", "geometry": {"type": "LineString", "coordinates": [[-59.42, 14.4], [-60.47, 14.43]]}, "properties": {"nationality": "French", "year": 1767}}, {"type": "Feature", "geometry": {"type": "LineString", "coordinates": [[-59.9, 28.58], [-60.47, 29.88]]}, "properties": {"nationality": "French", "year": 1788}}, {"type": "Feature", "geometry": {"type": "LineString", "coordinates": [[-17.87, 39.18], [-20.57, 37.02]]}, "properties": {"nationality": "French", "year": 1772}}, {"type": "Feature", "geometry": {"type": "LineString", "coordinates": [[-68.02, 19.25], [-69.24, 19.68]]}, "properties": {"nationality": "French", "year": 1772}}, {"type": "Feature", "geometry": {"type": "LineString", "coordinates": [[-40.67, 22.1], [-43.67, 20.78]]}, "properties": {"nationality": "French", "year": 1788}}, {"type": "Feature", "geometry": {"type": "LineString", "coordinates": [[-17.54, 3.82], [-18.51, 3.36]]}, "properties": {"nationality": "French", "year": 1791}}, {"type": "Feature", "geometry": {"type": "LineString", "coordinates": [[-40.17, 27.58], [-41.5, 26.63]]}, "properties": {"nationality": "French", "year": 1768}}, {"type": "Feature", "geometry": {"type": "LineString", "coordinates": [[-15.79, 40.78], [-17.87, 39.18]]}, "properties": {"nationality": "French", "year": 1772}}, {"type": "Feature", "geometry": {"type": "LineString", "coordinates": [[-13.9, 42.72], [-13.94, 41.5]]}, "properties": {"nationality": "French", "year": 1769}}, {"type": "Feature", "geometry": {"type": "LineString", "coordinates": [[-25.25, 43.42], [-26.45, 43.68]]}, "properties": {"nationality": "French", "year": 1755}}, {"type": "Feature", "geometry": {"type": "LineString", "coordinates": [[-93.62, -32.27], [-93.53, -32.27]]}, "properties": {"nationality": "Spanish", "year": 1772}}, {"type": "Feature", "geometry": {"type": "LineString", "coordinates": [[-22.73, 43.48], [-21.43, 43.12]]}, "properties": {"nationality": "Spanish", "year": 1777}}, {"type": "Feature", "geometry": {"type": "LineString", "coordinates": [[-24.1, 2.08], [-24.77, 2.8]]}, "properties": {"nationality": "Spanish", "year": 1770}}, {"type": "Feature", "geometry": {"type": "LineString", "coordinates": [[-106.78, 14.93], [-107.82, 15.38]]}, "properties": {"nationality": "Spanish", "year": 1791}}, {"type": "Feature", "geometry": {"type": "LineString", "coordinates": [[-33.45, -29.08], [-38.13, -29.82]]}, "properties": {"nationality": "Spanish", "year": 1772}}, {"type": "Feature", "geometry": {"type": "LineString", "coordinates": [[-11.12, 42.88], [-12.92, 41.75]]}, "properties": {"nationality": "Spanish", "year": 1770}}, {"type": "Feature", "geometry": {"type": "LineString", "coordinates": [[-39.53, -31.5], [-41.05, -32.13]]}, "properties": {"nationality": "Spanish", "year": 1779}}, {"type": "Feature", "geometry": {"type": "LineString", "coordinates": [[-62.92, 18.22], [-66.13, 18.48]]}, "properties": {"nationality": "Spanish", "year": 1787}}, {"type": "Feature", "geometry": {"type": "LineString", "coordinates": [[-49.52, -34.18], [-49.5, -34.97]]}, "properties": {"nationality": "Spanish", "year": 1776}}, {"type": "Feature", "geometry": {"type": "LineString", "coordinates": [[-31.17, 1.43], [-31.2, 3.92]]}, "properties": {"nationality": "Spanish", "year": 1778}}, {"type": "Feature", "geometry": {"type": "LineString", "coordinates": [[-36.83, 23.87], [-38.4, 23.13]]}, "properties": {"nationality": "Spanish", "year": 1768}}, {"type": "Feature", "geometry": {"type": "LineString", "coordinates": [[-8.73, 43.9], [-8.62, 44.83]]}, "properties": {"nationality": "Spanish", "year": 1779}}, {"type": "Feature", "geometry": {"type": "LineString", "coordinates": [[-11.33, 42.98], [-10.39, 42.87]]}, "properties": {"nationality": "Spanish", "year": 1769}}, {"type": "Feature", "geometry": {"type": "LineString", "coordinates": [[-29.17, -6.88], [-27.87, -4.73]]}, "properties": {"nationality": "Spanish", "year": 1775}}, {"type": "Feature", "geometry": {"type": "LineString", "coordinates": [[-16.0, 28.35], [-17.1, 26.73]]}, "properties": {"nationality": "Spanish", "year": 1776}}, {"type": "Feature", "geometry": {"type": "LineString", "coordinates": [[-41.68, -36.12], [-42.1, -37.15]]}, "properties": {"nationality": "Spanish", "year": 1776}}, {"type": "Feature", "geometry": {"type": "LineString", "coordinates": [[-36.01, 41.3], [-34.07, 41.92]]}, "properties": {"nationality": "Spanish", "year": 1767}}, {"type": "Feature", "geometry": {"type": "LineString", "coordinates": [[-68.02, -59.4], [-69.33, -60.45]]}, "properties": {"nationality": "Spanish", "year": 1774}}, {"type": "Feature", "geometry": {"type": "LineString", "coordinates": [[-26.45, -19.97], [-26.75, -18.52]]}, "properties": {"nationality": "Spanish", "year": 1794}}, {"type": "Feature", "geometry": {"type": "LineString", "coordinates": [[-8.57, 36.43], [-9.45, 36.48]]}, "properties": {"nationality": "Spanish", "year": 1779}}, {"type": "Feature", "geometry": {"type": "LineString", "coordinates": [[-32.88, -22.42], [-34.08, -24.07]]}, "properties": {"nationality": "Spanish", "year": 1774}}, {"type": "Feature", "geometry": {"type": "LineString", "coordinates": [[-20.22, 35.75], [-20.47, 35.35]]}, "properties": {"nationality": "Spanish", "year": 1788}}, {"type": "Feature", "geometry": {"type": "LineString", "coordinates": [[-52.15, -35.25], [-49.47, -35.0]]}, "properties": {"nationality": "Spanish", "year": 1793}}, {"type": "Feature", "geometry": {"type": "LineString", "coordinates": [[-45.25, 20.8], [-47.41, 20.37]]}, "properties": {"nationality": "Spanish", "year": 1766}}, {"type": "Feature", "geometry": {"type": "LineString", "coordinates": [[-81.45, -2.48], [-82.62, -1.3]]}, "properties": {"nationality": "Spanish", "year": 1783}}, {"type": "Feature", "geometry": {"type": "LineString", "coordinates": [[-35.45, 36.97], [-35.07, 39.17]]}, "properties": {"nationality": "Spanish", "year": 1769}}, {"type": "Feature", "geometry": {"type": "LineString", "coordinates": [[-14.87, 38.1], [-16.63, 36.18]]}, "properties": {"nationality": "Spanish", "year": 1779}}, {"type": "Feature", "geometry": {"type": "LineString", "coordinates": [[-37.77, 29.57], [-36.93, 31.15]]}, "properties": {"nationality": "Spanish", "year": 1777}}, {"type": "Feature", "geometry": {"type": "LineString", "coordinates": [[-54.48, 34.6], [-54.07, 34.72]]}, "properties": {"nationality": "Spanish", "year": 1794}}, {"type": "Feature", "geometry": {"type": "LineString", "coordinates": [[-36.07, 23.92], [-35.82, 25.73]]}, "properties": {"nationality": "Spanish", "year": 1789}}, {"type": "Feature", "geometry": {"type": "LineString", "coordinates": [[-26.31, -2.8], [-26.71, -3.7]]}, "properties": {"nationality": "Spanish", "year": 1776}}, {"type": "Feature", "geometry": {"type": "LineString", "coordinates": [[-102.83, 8.77], [-102.9, 8.77]]}, "properties": {"nationality": "Spanish", "year": 1783}}, {"type": "Feature", "geometry": {"type": "LineString", "coordinates": [[-7.12, 36.27], [-7.57, 36.68]]}, "properties": {"nationality": "Spanish", "year": 1783}}, {"type": "Feature", "geometry": {"type": "LineString", "coordinates": [[-21.62, 25.2], [-23.68, 24.23]]}, "properties": {"nationality": "Spanish", "year": 1815}}, {"type": "Feature", "geometry": {"type": "LineString", "coordinates": [[-59.73, 10.8], [-60.0, 11.75]]}, "properties": {"nationality": "Spanish", "year": 1780}}, {"type": "Feature", "geometry": {"type": "LineString", "coordinates": [[-28.25, 25.4], [-27.1, 26.28]]}, "properties": {"nationality": "Spanish", "year": 1778}}, {"type": "Feature", "geometry": {"type": "LineString", "coordinates": [[-79.62, 28.3], [-78.12, 29.4]]}, "properties": {"nationality": "Spanish", "year": 1772}}, {"type": "Feature", "geometry": {"type": "LineString", "coordinates": [[-53.68, -35.38], [-54.32, -35.51]]}, "properties": {"nationality": "Spanish", "year": 1770}}, {"type": "Feature", "geometry": {"type": "LineString", "coordinates": [[-39.58, -39.65], [-38.28, -38.17]]}, "properties": {"nationality": "Spanish", "year": 1778}}, {"type": "Feature", "geometry": {"type": "LineString", "coordinates": [[-89.25, -35.18], [-89.1, -35.18]]}, "properties": {"nationality": "Spanish", "year": 1778}}, {"type": "Feature", "geometry": {"type": "LineString", "coordinates": [[-28.6, 9.67], [-28.32, 11.23]]}, "properties": {"nationality": "Spanish", "year": 1798}}, {"type": "Feature", "geometry": {"type": "LineString", "coordinates": [[-10.62, 42.82], [-10.15, 43.42]]}, "properties": {"nationality": "Spanish", "year": 1772}}, {"type": "Feature", "geometry": {"type": "LineString", "coordinates": [[-43.8, 35.33], [-41.61, 36.25]]}, "properties": {"nationality": "Spanish", "year": 1786}}, {"type": "Feature", "geometry": {"type": "LineString", "coordinates": [[-30.62, -5.88], [-31.05, -7.43]]}, "properties": {"nationality": "Spanish", "year": 1776}}, {"type": "Feature", "geometry": {"type": "LineString", "coordinates": [[-44.23, -33.57], [-43.68, -32.73]]}, "properties": {"nationality": "Spanish", "year": 1779}}, {"type": "Feature", "geometry": {"type": "LineString", "coordinates": [[-21.95, 42.95], [-19.6, 43.3]]}, "properties": {"nationality": "Spanish", "year": 1766}}, {"type": "Feature", "geometry": {"type": "LineString", "coordinates": [[-17.15, 26.48], [-17.9, 24.65]]}, "properties": {"nationality": "Spanish", "year": 1785}}, {"type": "Feature", "geometry": {"type": "LineString", "coordinates": [[-69.2, 33.83], [-68.08, 34.6]]}, "properties": {"nationality": "Spanish", "year": 1773}}, {"type": "Feature", "geometry": {"type": "LineString", "coordinates": [[-6.7, 45.9], [-5.65, 47.32]]}, "properties": {"nationality": "Spanish", "year": 1778}}, {"type": "Feature", "geometry": {"type": "LineString", "coordinates": [[-30.28, 9.67], [-30.28, 9.67]]}, "properties": {"nationality": "Spanish", "year": 1772}}, {"type": "Feature", "geometry": {"type": "LineString", "coordinates": [[-73.4, 30.88], [-71.82, 31.67]]}, "properties": {"nationality": "Spanish", "year": 1787}}, {"type": "Feature", "geometry": {"type": "LineString", "coordinates": [[-19.2, 31.77], [-21.0, 30.97]]}, "properties": {"nationality": "Spanish", "year": 1787}}, {"type": "Feature", "geometry": {"type": "LineString", "coordinates": [[-25.18, -19.1], [-25.05, -19.03]]}, "properties": {"nationality": "Spanish", "year": 1783}}, {"type": "Feature", "geometry": {"type": "LineString", "coordinates": [[-25.82, 4.38], [-26.93, 5.27]]}, "properties": {"nationality": "Spanish", "year": 1772}}, {"type": "Feature", "geometry": {"type": "LineString", "coordinates": [[-28.33, -16.27], [-28.28, -15.95]]}, "properties": {"nationality": "Spanish", "year": 1775}}, {"type": "Feature", "geometry": {"type": "LineString", "coordinates": [[-16.68, 35.17], [-17.83, 32.77]]}, "properties": {"nationality": "Spanish", "year": 1772}}, {"type": "Feature", "geometry": {"type": "LineString", "coordinates": [[-22.15, 34.1], [-20.31, 33.82]]}, "properties": {"nationality": "Spanish", "year": 1790}}, {"type": "Feature", "geometry": {"type": "LineString", "coordinates": [[-20.92, 1.83], [-22.3, 1.13]]}, "properties": {"nationality": "Spanish", "year": 1774}}, {"type": "Feature", "geometry": {"type": "LineString", "coordinates": [[-33.02, 27.73], [-35.67, 26.58]]}, "properties": {"nationality": "Spanish", "year": 1792}}, {"type": "Feature", "geometry": {"type": "LineString", "coordinates": [[-20.68, 2.4], [-21.12, 1.85]]}, "properties": {"nationality": "Spanish", "year": 1769}}, {"type": "Feature", "geometry": {"type": "LineString", "coordinates": [[-47.59, -35.4], [-47.89, -35.37]]}, "properties": {"nationality": "Spanish", "year": 1768}}, {"type": "Feature", "geometry": {"type": "LineString", "coordinates": [[-71.47, 28.2], [-70.55, 27.9]]}, "properties": {"nationality": "Spanish", "year": 1794}}, {"type": "Feature", "geometry": {"type": "LineString", "coordinates": [[-36.35, -25.6], [-37.65, -27.75]]}, "properties": {"nationality": "Spanish", "year": 1780}}, {"type": "Feature", "geometry": {"type": "LineString", "coordinates": [[-8.47, 47.6], [-8.87, 48.33]]}, "properties": {"nationality": "Spanish", "year": 1779}}, {"type": "Feature", "geometry": {"type": "LineString", "coordinates": [[-25.88, -9.58], [-24.82, -7.62]]}, "properties": {"nationality": "Spanish", "year": 1792}}, {"type": "Feature", "geometry": {"type": "LineString", "coordinates": [[-14.58, 29.7], [-15.88, 28.73]]}, "properties": {"nationality": "Spanish", "year": 1793}}, {"type": "Feature", "geometry": {"type": "LineString", "coordinates": [[-20.43, 16.45], [-20.42, 14.13]]}, "properties": {"nationality": "Spanish", "year": 1775}}, {"type": "Feature", "geometry": {"type": "LineString", "coordinates": [[-8.02, 36.0], [-8.15, 36.08]]}, "properties": {"nationality": "Spanish", "year": 1782}}, {"type": "Feature", "geometry": {"type": "LineString", "coordinates": [[-8.58, 36.02], [-9.65, 35.85]]}, "properties": {"nationality": "Spanish", "year": 1779}}, {"type": "Feature", "geometry": {"type": "LineString", "coordinates": [[4.62, 39.78], [4.79, 39.87]]}, "properties": {"nationality": "Spanish", "year": 1789}}, {"type": "Feature", "geometry": {"type": "LineString", "coordinates": [[-56.63, 28.18], [-56.88, 29.57]]}, "properties": {"nationality": "Spanish", "year": 1776}}, {"type": "Feature", "geometry": {"type": "LineString", "coordinates": [[-50.45, 36.82], [-48.63, 36.78]]}, "properties": {"nationality": "Spanish", "year": 1794}}, {"type": "Feature", "geometry": {"type": "LineString", "coordinates": [[-35.22, 15.17], [-35.27, 15.13]]}, "properties": {"nationality": "Spanish", "year": 1786}}, {"type": "Feature", "geometry": {"type": "LineString", "coordinates": [[63.28, -24.83], [61.65, -25.28]]}, "properties": {"nationality": "Spanish", "year": 1779}}, {"type": "Feature", "geometry": {"type": "LineString", "coordinates": [[147.88, 29.18], [150.12, 30.48]]}, "properties": {"nationality": "Spanish", "year": 1797}}, {"type": "Feature", "geometry": {"type": "LineString", "coordinates": [[-48.95, 34.63], [-47.65, 34.63]]}, "properties": {"nationality": "Spanish", "year": 1794}}, {"type": "Feature", "geometry": {"type": "LineString", "coordinates": [[-13.95, 41.38], [-13.05, 39.6]]}, "properties": {"nationality": "Spanish", "year": 1786}}, {"type": "Feature", "geometry": {"type": "LineString", "coordinates": [[-39.53, -28.07], [-38.1, -27.37]]}, "properties": {"nationality": "Spanish", "year": 1776}}, {"type": "Feature", "geometry": {"type": "LineString", "coordinates": [[-19.17, 6.3], [-18.8, 5.93]]}, "properties": {"nationality": "Spanish", "year": 1774}}, {"type": "Feature", "geometry": {"type": "LineString", "coordinates": [[-33.3, 33.75], [-33.2, 34.05]]}, "properties": {"nationality": "Spanish", "year": 1772}}, {"type": "Feature", "geometry": {"type": "LineString", "coordinates": [[7.58, -36.93], [11.55, -37.62]]}, "properties": {"nationality": "Spanish", "year": 1833}}, {"type": "Feature", "geometry": {"type": "LineString", "coordinates": [[-23.47, 41.05], [-23.1, 41.1]]}, "properties": {"nationality": "Spanish", "year": 1779}}, {"type": "Feature", "geometry": {"type": "LineString", "coordinates": [[-32.83, -20.05], [-33.5, -21.2]]}, "properties": {"nationality": "Spanish", "year": 1771}}, {"type": "Feature", "geometry": {"type": "LineString", "coordinates": [[-11.38, 44.35], [-9.98, 43.7]]}, "properties": {"nationality": "Spanish", "year": 1777}}, {"type": "Feature", "geometry": {"type": "LineString", "coordinates": [[-41.32, 21.9], [-43.25, 21.25]]}, "properties": {"nationality": "Spanish", "year": 1789}}, {"type": "Feature", "geometry": {"type": "LineString", "coordinates": [[-36.8, 21.3], [-37.1, 23.55]]}, "properties": {"nationality": "Spanish", "year": 1789}}, {"type": "Feature", "geometry": {"type": "LineString", "coordinates": [[-16.9, 26.9], [-17.73, 25.05]]}, "properties": {"nationality": "Spanish", "year": 1776}}, {"type": "Feature", "geometry": {"type": "LineString", "coordinates": [[-20.95, 15.1], [-20.2, 12.95]]}, "properties": {"nationality": "Spanish", "year": 1775}}, {"type": "Feature", "geometry": {"type": "LineString", "coordinates": [[-24.8, -6.57], [-26.35, -6.62]]}, "properties": {"nationality": "Spanish", "year": 1778}}, {"type": "Feature", "geometry": {"type": "LineString", "coordinates": [[-10.78, 42.63], [-12.35, 40.37]]}, "properties": {"nationality": "Spanish", "year": 1776}}, {"type": "Feature", "geometry": {"type": "LineString", "coordinates": [[-32.54, 40.0], [-29.86, 41.07]]}, "properties": {"nationality": "Spanish", "year": 1778}}, {"type": "Feature", "geometry": {"type": "LineString", "coordinates": [[-26.48, -27.03], [-27.55, -27.02]]}, "properties": {"nationality": "Spanish", "year": 1778}}, {"type": "Feature", "geometry": {"type": "LineString", "coordinates": [[-79.78, 25.86], [-79.68, 26.59]]}, "properties": {"nationality": "Spanish", "year": 1790}}, {"type": "Feature", "geometry": {"type": "LineString", "coordinates": [[-18.67, 31.12], [-19.1, 30.55]]}, "properties": {"nationality": "Spanish", "year": 1789}}, {"type": "Feature", "geometry": {"type": "LineString", "coordinates": [[-20.74, 13.17], [-21.34, 11.78]]}, "properties": {"nationality": "Spanish", "year": 1796}}, {"type": "Feature", "geometry": {"type": "LineString", "coordinates": [[-73.35, 30.38], [-71.41, 30.7]]}, "properties": {"nationality": "Spanish", "year": 1769}}, {"type": "Feature", "geometry": {"type": "LineString", "coordinates": [[-8.95, 36.6], [-8.3, 36.4]]}, "properties": {"nationality": "Spanish", "year": 1809}}, {"type": "Feature", "geometry": {"type": "LineString", "coordinates": [[-68.7, 19.7], [-70.55, 20.08]]}, "properties": {"nationality": "Spanish", "year": 1794}}, {"type": "Feature", "geometry": {"type": "LineString", "coordinates": [[-31.9, 38.22], [-33.33, 39.23]]}, "properties": {"nationality": "Spanish", "year": 1775}}, {"type": "Feature", "geometry": {"type": "LineString", "coordinates": [[-10.27, 33.5], [-11.33, 32.48]]}, "properties": {"nationality": "Spanish", "year": 1776}}, {"type": "Feature", "geometry": {"type": "LineString", "coordinates": [[-31.53, -20.87], [-31.52, -20.85]]}, "properties": {"nationality": "Spanish", "year": 1776}}, {"type": "Feature", "geometry": {"type": "LineString", "coordinates": [[-21.5, -5.05], [-22.3, -6.73]]}, "properties": {"nationality": "Spanish", "year": 1790}}, {"type": "Feature", "geometry": {"type": "LineString", "coordinates": [[-47.38, -34.97], [-45.68, -34.85]]}, "properties": {"nationality": "Spanish", "year": 1778}}, {"type": "Feature", "geometry": {"type": "LineString", "coordinates": [[-35.53, 40.18], [-33.22, 39.93]]}, "properties": {"nationality": "Spanish", "year": 1779}}, {"type": "Feature", "geometry": {"type": "LineString", "coordinates": [[22.72, -36.5], [26.18, -36.07]]}, "properties": {"nationality": "Spanish", "year": 1830}}, {"type": "Feature", "geometry": {"type": "LineString", "coordinates": [[-24.57, -8.57], [-24.67, -7.45]]}, "properties": {"nationality": "Spanish", "year": 1778}}, {"type": "Feature", "geometry": {"type": "LineString", "coordinates": [[-46.04, -34.52], [-46.67, -35.4]]}, "properties": {"nationality": "Spanish", "year": 1776}}, {"type": "Feature", "geometry": {"type": "LineString", "coordinates": [[-25.3, 12.02], [-26.43, 12.83]]}, "properties": {"nationality": "Spanish", "year": 1773}}, {"type": "Feature", "geometry": {"type": "LineString", "coordinates": [[-21.67, 43.92], [-21.25, 45.0]]}, "properties": {"nationality": "Spanish", "year": 1767}}, {"type": "Feature", "geometry": {"type": "LineString", "coordinates": [[-19.17, 27.33], [-19.74, 27.28]]}, "properties": {"nationality": "Spanish", "year": 1790}}, {"type": "Feature", "geometry": {"type": "LineString", "coordinates": [[80.48, -37.75], [84.57, -37.84]]}, "properties": {"nationality": "Spanish", "year": 1833}}, {"type": "Feature", "geometry": {"type": "LineString", "coordinates": [[-15.38, 40.93], [-15.08, 41.45]]}, "properties": {"nationality": "Spanish", "year": 1771}}, {"type": "Feature", "geometry": {"type": "LineString", "coordinates": [[-43.7, -34.77], [-44.53, -34.83]]}, "properties": {"nationality": "Spanish", "year": 1772}}, {"type": "Feature", "geometry": {"type": "LineString", "coordinates": [[-44.91, -31.94], [-43.94, -31.11]]}, "properties": {"nationality": "Spanish", "year": 1784}}, {"type": "Feature", "geometry": {"type": "LineString", "coordinates": [[-21.27, 10.28], [-22.1, 10.78]]}, "properties": {"nationality": "Spanish", "year": 1768}}, {"type": "Feature", "geometry": {"type": "LineString", "coordinates": [[-31.37, -24.37], [-33.19, -24.43]]}, "properties": {"nationality": "Spanish", "year": 1776}}, {"type": "Feature", "geometry": {"type": "LineString", "coordinates": [[-13.46, 42.5], [-11.92, 42.38]]}, "properties": {"nationality": "Spanish", "year": 1765}}, {"type": "Feature", "geometry": {"type": "LineString", "coordinates": [[-15.88, 42.42], [-18.63, 39.48]]}, "properties": {"nationality": "Spanish", "year": 1774}}, {"type": "Feature", "geometry": {"type": "LineString", "coordinates": [[-21.22, 42.72], [-18.73, 42.78]]}, "properties": {"nationality": "Spanish", "year": 1788}}, {"type": "Feature", "geometry": {"type": "LineString", "coordinates": [[-40.53, 17.88], [-41.13, 19.8]]}, "properties": {"nationality": "Spanish", "year": 1771}}, {"type": "Feature", "geometry": {"type": "LineString", "coordinates": [[-43.6, 21.35], [-44.5, 21.13]]}, "properties": {"nationality": "Spanish", "year": 1793}}, {"type": "Feature", "geometry": {"type": "LineString", "coordinates": [[-39.2, 43.53], [-35.04, 43.93]]}, "properties": {"nationality": "Spanish", "year": 1792}}, {"type": "Feature", "geometry": {"type": "LineString", "coordinates": [[-52.65, 37.95], [-50.87, 38.3]]}, "properties": {"nationality": "Spanish", "year": 1775}}, {"type": "Feature", "geometry": {"type": "LineString", "coordinates": [[-20.0, 12.02], [-20.12, 11.63]]}, "properties": {"nationality": "Spanish", "year": 1792}}, {"type": "Feature", "geometry": {"type": "LineString", "coordinates": [[-45.48, 22.27], [-47.97, 21.9]]}, "properties": {"nationality": "Spanish", "year": 1777}}, {"type": "Feature", "geometry": {"type": "LineString", "coordinates": [[-50.02, 38.8], [-49.88, 38.7]]}, "properties": {"nationality": "Spanish", "year": 1767}}, {"type": "Feature", "geometry": {"type": "LineString", "coordinates": [[-23.45, 27.95], [-23.8, 26.88]]}, "properties": {"nationality": "Spanish", "year": 1786}}, {"type": "Feature", "geometry": {"type": "LineString", "coordinates": [[-30.65, 29.6], [-30.93, 30.67]]}, "properties": {"nationality": "Spanish", "year": 1778}}, {"type": "Feature", "geometry": {"type": "LineString", "coordinates": [[-33.77, 28.23], [-34.5, 27.65]]}, "properties": {"nationality": "Spanish", "year": 1775}}, {"type": "Feature", "geometry": {"type": "LineString", "coordinates": [[-9.85, 34.02], [-9.88, 34.58]]}, "properties": {"nationality": "Spanish", "year": 1793}}, {"type": "Feature", "geometry": {"type": "LineString", "coordinates": [[-35.72, -30.62], [-36.35, -32.17]]}, "properties": {"nationality": "Spanish", "year": 1795}}, {"type": "Feature", "geometry": {"type": "LineString", "coordinates": [[-32.42, 26.17], [-34.72, 24.7]]}, "properties": {"nationality": "Spanish", "year": 1793}}, {"type": "Feature", "geometry": {"type": "LineString", "coordinates": [[-79.9, -13.02], [-81.23, -13.62]]}, "properties": {"nationality": "Spanish", "year": 1770}}, {"type": "Feature", "geometry": {"type": "LineString", "coordinates": [[-23.73, -13.37], [-23.45, -11.25]]}, "properties": {"nationality": "Spanish", "year": 1777}}, {"type": "Feature", "geometry": {"type": "LineString", "coordinates": [[-34.45, -27.07], [-33.22, -25.8]]}, "properties": {"nationality": "Spanish", "year": 1778}}, {"type": "Feature", "geometry": {"type": "LineString", "coordinates": [[-52.34, 18.13], [-54.59, 18.25]]}, "properties": {"nationality": "Spanish", "year": 1786}}, {"type": "Feature", "geometry": {"type": "LineString", "coordinates": [[-33.43, -27.97], [-31.82, -27.25]]}, "properties": {"nationality": "Spanish", "year": 1772}}, {"type": "Feature", "geometry": {"type": "LineString", "coordinates": [[-18.98, 4.27], [-20.43, 3.38]]}, "properties": {"nationality": "Spanish", "year": 1775}}, {"type": "Feature", "geometry": {"type": "LineString", "coordinates": [[-23.82, 32.1], [-24.79, 31.97]]}, "properties": {"nationality": "Spanish", "year": 1793}}, {"type": "Feature", "geometry": {"type": "LineString", "coordinates": [[-21.02, 43.63], [-17.55, 43.37]]}, "properties": {"nationality": "Spanish", "year": 1787}}, {"type": "Feature", "geometry": {"type": "LineString", "coordinates": [[-26.92, -12.27], [-27.13, -10.37]]}, "properties": {"nationality": "Spanish", "year": 1790}}, {"type": "Feature", "geometry": {"type": "LineString", "coordinates": [[-8.73, 46.85], [-10.38, 45.7]]}, "properties": {"nationality": "Spanish", "year": 1781}}, {"type": "Feature", "geometry": {"type": "LineString", "coordinates": [[-27.42, -3.82], [-27.85, -2.5]]}, "properties": {"nationality": "Spanish", "year": 1790}}, {"type": "Feature", "geometry": {"type": "LineString", "coordinates": [[-37.88, -27.3], [-37.23, -29.8]]}, "properties": {"nationality": "Spanish", "year": 1775}}, {"type": "Feature", "geometry": {"type": "LineString", "coordinates": [[-63.77, -58.03], [-65.13, -58.47]]}, "properties": {"nationality": "Spanish", "year": 1780}}, {"type": "Feature", "geometry": {"type": "LineString", "coordinates": [[-49.04, -32.8], [-48.5, -32.38]]}, "properties": {"nationality": "Spanish", "year": 1788}}, {"type": "Feature", "geometry": {"type": "LineString", "coordinates": [[-30.08, -30.83], [-29.33, -30.42]]}, "properties": {"nationality": "Spanish", "year": 1776}}, {"type": "Feature", "geometry": {"type": "LineString", "coordinates": [[-136.17, 52.63], [-138.74, 54.97]]}, "properties": {"nationality": "Spanish", "year": 1792}}, {"type": "Feature", "geometry": {"type": "LineString", "coordinates": [[-68.08, 34.6], [-65.92, 35.77]]}, "properties": {"nationality": "Spanish", "year": 1773}}, {"type": "Feature", "geometry": {"type": "LineString", "coordinates": [[-63.22, 18.7], [-65.65, 18.95]]}, "properties": {"nationality": "Spanish", "year": 1791}}, {"type": "Feature", "geometry": {"type": "LineString", "coordinates": [[-28.96, 31.93], [-26.9, 32.2]]}, "properties": {"nationality": "Spanish", "year": 1790}}, {"type": "Feature", "geometry": {"type": "LineString", "coordinates": [[-28.13, -12.93], [-29.0, -14.75]]}, "properties": {"nationality": "Spanish", "year": 1772}}, {"type": "Feature", "geometry": {"type": "LineString", "coordinates": [[-18.95, 41.53], [-17.17, 41.45]]}, "properties": {"nationality": "Spanish", "year": 1765}}, {"type": "Feature", "geometry": {"type": "LineString", "coordinates": [[144.98, 13.27], [142.48, 14.6]]}, "properties": {"nationality": "Spanish", "year": 1780}}, {"type": "Feature", "geometry": {"type": "LineString", "coordinates": [[-10.0, 39.73], [-10.65, 38.68]]}, "properties": {"nationality": "Spanish", "year": 1780}}, {"type": "Feature", "geometry": {"type": "LineString", "coordinates": [[-45.0, 19.38], [-46.85, 19.45]]}, "properties": {"nationality": "Spanish", "year": 1794}}, {"type": "Feature", "geometry": {"type": "LineString", "coordinates": [[-35.15, -15.5], [-34.92, -14.85]]}, "properties": {"nationality": "Spanish", "year": 1809}}, {"type": "Feature", "geometry": {"type": "LineString", "coordinates": [[-0.43, 38.22], [-0.43, 38.22]]}, "properties": {"nationality": "Spanish", "year": 1846}}, {"type": "Feature", "geometry": {"type": "LineString", "coordinates": [[-30.58, -25.23], [-31.9, -27.3]]}, "properties": {"nationality": "Spanish", "year": 1776}}, {"type": "Feature", "geometry": {"type": "LineString", "coordinates": [[-73.99, 20.83], [-75.2, 21.28]]}, "properties": {"nationality": "Spanish", "year": 1778}}, {"type": "Feature", "geometry": {"type": "LineString", "coordinates": [[-50.28, 36.9], [-49.02, 37.02]]}, "properties": {"nationality": "Spanish", "year": 1768}}, {"type": "Feature", "geometry": {"type": "LineString", "coordinates": [[-23.75, -3.97], [-23.0, -1.8]]}, "properties": {"nationality": "Spanish", "year": 1770}}, {"type": "Feature", "geometry": {"type": "LineString", "coordinates": [[-23.17, -21.88], [-23.75, -20.85]]}, "properties": {"nationality": "Spanish", "year": 1769}}, {"type": "Feature", "geometry": {"type": "LineString", "coordinates": [[129.18, 11.5], [126.43, 12.38]]}, "properties": {"nationality": "Spanish", "year": 1833}}, {"type": "Feature", "geometry": {"type": "LineString", "coordinates": [[-20.3, 20.5], [-20.3, 18.1]]}, "properties": {"nationality": "Spanish", "year": 1775}}, {"type": "Feature", "geometry": {"type": "LineString", "coordinates": [[-42.4, 33.28], [-40.63, 34.47]]}, "properties": {"nationality": "Spanish", "year": 1783}}, {"type": "Feature", "geometry": {"type": "LineString", "coordinates": [[-34.72, 41.15], [-34.6, 41.12]]}, "properties": {"nationality": "Spanish", "year": 1771}}, {"type": "Feature", "geometry": {"type": "LineString", "coordinates": [[-30.65, 13.83], [-31.55, 14.87]]}, "properties": {"nationality": "Spanish", "year": 1778}}, {"type": "Feature", "geometry": {"type": "LineString", "coordinates": [[-38.93, 23.93], [-39.27, 25.47]]}, "properties": {"nationality": "Spanish", "year": 1777}}, {"type": "Feature", "geometry": {"type": "LineString", "coordinates": [[-24.82, -16.3], [-25.25, -15.52]]}, "properties": {"nationality": "Spanish", "year": 1775}}, {"type": "Feature", "geometry": {"type": "LineString", "coordinates": [[-45.78, -27.47], [-45.87, -27.6]]}, "properties": {"nationality": "Spanish", "year": 1777}}, {"type": "Feature", "geometry": {"type": "LineString", "coordinates": [[-24.0, -0.98], [-24.12, -0.4]]}, "properties": {"nationality": "Spanish", "year": 1777}}, {"type": "Feature", "geometry": {"type": "LineString", "coordinates": [[-36.3, 22.37], [-37.68, 24.07]]}, "properties": {"nationality": "Spanish", "year": 1781}}, {"type": "Feature", "geometry": {"type": "LineString", "coordinates": [[-44.88, 20.03], [-47.02, 20.0]]}, "properties": {"nationality": "Spanish", "year": 1775}}, {"type": "Feature", "geometry": {"type": "LineString", "coordinates": [[-29.95, 36.7], [-29.43, 37.9]]}, "properties": {"nationality": "Spanish", "year": 1779}}, {"type": "Feature", "geometry": {"type": "LineString", "coordinates": [[-95.93, 19.75], [-95.44, 19.75]]}, "properties": {"nationality": "Spanish", "year": 1773}}, {"type": "Feature", "geometry": {"type": "LineString", "coordinates": [[-13.6, 40.87], [-15.05, 38.65]]}, "properties": {"nationality": "Spanish", "year": 1783}}, {"type": "Feature", "geometry": {"type": "LineString", "coordinates": [[-18.65, 21.78], [-18.82, 20.68]]}, "properties": {"nationality": "Spanish", "year": 1767}}, {"type": "Feature", "geometry": {"type": "LineString", "coordinates": [[-38.97, -26.77], [-40.2, -28.42]]}, "properties": {"nationality": "Spanish", "year": 1792}}, {"type": "Feature", "geometry": {"type": "LineString", "coordinates": [[-36.3, 21.75], [-38.8, 21.34]]}, "properties": {"nationality": "Spanish", "year": 1796}}, {"type": "Feature", "geometry": {"type": "LineString", "coordinates": [[-28.95, -20.82], [-29.62, -19.1]]}, "properties": {"nationality": "Spanish", "year": 1786}}, {"type": "Feature", "geometry": {"type": "LineString", "coordinates": [[-26.37, 43.22], [-22.42, 42.28]]}, "properties": {"nationality": "Spanish", "year": 1779}}, {"type": "Feature", "geometry": {"type": "LineString", "coordinates": [[-17.15, 38.05], [-17.65, 36.97]]}, "properties": {"nationality": "Spanish", "year": 1791}}, {"type": "Feature", "geometry": {"type": "LineString", "coordinates": [[-23.75, 9.73], [-23.67, 10.48]]}, "properties": {"nationality": "Spanish", "year": 1778}}, {"type": "Feature", "geometry": {"type": "LineString", "coordinates": [[-21.17, 2.08], [-21.4, 4.33]]}, "properties": {"nationality": "Spanish", "year": 1776}}, {"type": "Feature", "geometry": {"type": "LineString", "coordinates": [[-26.92, -20.37], [-28.15, -19.9]]}, "properties": {"nationality": "Spanish", "year": 1796}}, {"type": "Feature", "geometry": {"type": "LineString", "coordinates": [[-78.58, 29.25], [-76.68, 30.5]]}, "properties": {"nationality": "Spanish", "year": 1778}}, {"type": "Feature", "geometry": {"type": "LineString", "coordinates": [[-43.16, -22.9], [-43.16, -22.9]]}, "properties": {"nationality": "Spanish", "year": 1765}}, {"type": "Feature", "geometry": {"type": "LineString", "coordinates": [[-58.1, 17.88], [-60.7, 17.93]]}, "properties": {"nationality": "Spanish", "year": 1778}}, {"type": "Feature", "geometry": {"type": "LineString", "coordinates": [[79.33, -11.45], [78.23, -13.35]]}, "properties": {"nationality": "Spanish", "year": 1819}}, {"type": "Feature", "geometry": {"type": "LineString", "coordinates": [[-35.98, 21.03], [-35.43, 22.37]]}, "properties": {"nationality": "Spanish", "year": 1772}}, {"type": "Feature", "geometry": {"type": "LineString", "coordinates": [[-60.3, -48.4], [-59.72, -49.53]]}, "properties": {"nationality": "Spanish", "year": 1769}}, {"type": "Feature", "geometry": {"type": "LineString", "coordinates": [[-149.48, 12.6], [-151.82, 12.77]]}, "properties": {"nationality": "Spanish", "year": 1783}}, {"type": "Feature", "geometry": {"type": "LineString", "coordinates": [[-45.77, -36.77], [-47.52, -36.45]]}, "properties": {"nationality": "Spanish", "year": 1774}}, {"type": "Feature", "geometry": {"type": "LineString", "coordinates": [[-14.79, 33.28], [-13.39, 33.0]]}, "properties": {"nationality": "Spanish", "year": 1794}}, {"type": "Feature", "geometry": {"type": "LineString", "coordinates": [[-27.47, 5.02], [-32.35, 6.28]]}, "properties": {"nationality": "Spanish", "year": 1809}}, {"type": "Feature", "geometry": {"type": "LineString", "coordinates": [[-83.45, 21.3], [-84.65, 20.85]]}, "properties": {"nationality": "Spanish", "year": 1779}}, {"type": "Feature", "geometry": {"type": "LineString", "coordinates": [[-73.81, 30.52], [-70.73, 31.38]]}, "properties": {"nationality": "Spanish", "year": 1775}}, {"type": "Feature", "geometry": {"type": "LineString", "coordinates": [[-63.2, 30.23], [-61.93, 31.03]]}, "properties": {"nationality": "Spanish", "year": 1794}}, {"type": "Feature", "geometry": {"type": "LineString", "coordinates": [[-31.3, 25.42], [-33.77, 25.4]]}, "properties": {"nationality": "Spanish", "year": 1778}}, {"type": "Feature", "geometry": {"type": "LineString", "coordinates": [[-17.43, 6.55], [-17.48, 6.45]]}, "properties": {"nationality": "Spanish", "year": 1776}}, {"type": "Feature", "geometry": {"type": "LineString", "coordinates": [[-32.42, 41.78], [-29.0, 42.32]]}, "properties": {"nationality": "Spanish", "year": 1784}}, {"type": "Feature", "geometry": {"type": "LineString", "coordinates": [[-36.15, 24.3], [-36.83, 23.87]]}, "properties": {"nationality": "Spanish", "year": 1768}}, {"type": "Feature", "geometry": {"type": "LineString", "coordinates": [[-57.63, 18.17], [-60.58, 18.1]]}, "properties": {"nationality": "Spanish", "year": 1777}}, {"type": "Feature", "geometry": {"type": "LineString", "coordinates": [[-43.68, 22.1], [-46.23, 20.7]]}, "properties": {"nationality": "Spanish", "year": 1767}}, {"type": "Feature", "geometry": {"type": "LineString", "coordinates": [[-23.56, 42.3], [-22.58, 42.15]]}, "properties": {"nationality": "Spanish", "year": 1779}}, {"type": "Feature", "geometry": {"type": "LineString", "coordinates": [[-47.43, -28.83], [-46.8, -29.87]]}, "properties": {"nationality": "Spanish", "year": 1777}}, {"type": "Feature", "geometry": {"type": "LineString", "coordinates": [[-32.03, -9.96], [-32.36, -10.82]]}, "properties": {"nationality": "Spanish", "year": 1785}}, {"type": "Feature", "geometry": {"type": "LineString", "coordinates": [[-28.87, -26.52], [-26.97, -25.92]]}, "properties": {"nationality": "Spanish", "year": 1776}}, {"type": "Feature", "geometry": {"type": "LineString", "coordinates": [[-67.52, 33.83], [-66.0, 34.5]]}, "properties": {"nationality": "Spanish", "year": 1766}}, {"type": "Feature", "geometry": {"type": "LineString", "coordinates": [[-13.09, 33.52], [-12.04, 33.02]]}, "properties": {"nationality": "Spanish", "year": 1794}}, {"type": "Feature", "geometry": {"type": "LineString", "coordinates": [[-18.62, 35.37], [-18.61, 35.72]]}, "properties": {"nationality": "Spanish", "year": 1782}}, {"type": "Feature", "geometry": {"type": "LineString", "coordinates": [[-20.27, 16.88], [-20.43, 15.83]]}, "properties": {"nationality": "Spanish", "year": 1774}}, {"type": "Feature", "geometry": {"type": "LineString", "coordinates": [[-15.4, 37.98], [-14.6, 37.7]]}, "properties": {"nationality": "Spanish", "year": 1789}}, {"type": "Feature", "geometry": {"type": "LineString", "coordinates": [[-31.55, -13.28], [-32.3, -15.68]]}, "properties": {"nationality": "Spanish", "year": 1777}}, {"type": "Feature", "geometry": {"type": "LineString", "coordinates": [[-39.95, -28.92], [-38.53, -28.6]]}, "properties": {"nationality": "Spanish", "year": 1789}}, {"type": "Feature", "geometry": {"type": "LineString", "coordinates": [[-22.21, 36.38], [-24.05, 36.25]]}, "properties": {"nationality": "Spanish", "year": 1772}}, {"type": "Feature", "geometry": {"type": "LineString", "coordinates": [[-51.03, -34.28], [-48.32, -32.93]]}, "properties": {"nationality": "Spanish", "year": 1809}}, {"type": "Feature", "geometry": {"type": "LineString", "coordinates": [[-55.48, 33.88], [-55.3, 34.97]]}, "properties": {"nationality": "Spanish", "year": 1794}}, {"type": "Feature", "geometry": {"type": "LineString", "coordinates": [[-27.18, 15.33], [-28.14, 15.35]]}, "properties": {"nationality": "Spanish", "year": 1778}}, {"type": "Feature", "geometry": {"type": "LineString", "coordinates": [[-31.93, 39.23], [-34.73, 39.23]]}, "properties": {"nationality": "Spanish", "year": 1779}}, {"type": "Feature", "geometry": {"type": "LineString", "coordinates": [[-22.18, 0.77], [-22.52, -1.9]]}, "properties": {"nationality": "Spanish", "year": 1778}}, {"type": "Feature", "geometry": {"type": "LineString", "coordinates": [[-32.23, -20.0], [-32.97, -20.68]]}, "properties": {"nationality": "Spanish", "year": 1775}}, {"type": "Feature", "geometry": {"type": "LineString", "coordinates": [[-47.81, -35.93], [-47.65, -36.47]]}, "properties": {"nationality": "Spanish", "year": 1774}}, {"type": "Feature", "geometry": {"type": "LineString", "coordinates": [[-30.77, -17.63], [-30.02, -18.53]]}, "properties": {"nationality": "Spanish", "year": 1772}}, {"type": "Feature", "geometry": {"type": "LineString", "coordinates": [[-20.86, 43.27], [-15.52, 43.22]]}, "properties": {"nationality": "Spanish", "year": 1772}}, {"type": "Feature", "geometry": {"type": "LineString", "coordinates": [[-63.83, 18.18], [-64.5, 18.12]]}, "properties": {"nationality": "Spanish", "year": 1774}}, {"type": "Feature", "geometry": {"type": "LineString", "coordinates": [[-51.99, 20.73], [-51.92, 20.58]]}, "properties": {"nationality": "Spanish", "year": 1788}}, {"type": "Feature", "geometry": {"type": "LineString", "coordinates": [[53.65, -36.13], [56.87, -36.6]]}, "properties": {"nationality": "Spanish", "year": 1830}}, {"type": "Feature", "geometry": {"type": "LineString", "coordinates": [[-44.39, -34.25], [-45.54, -34.97]]}, "properties": {"nationality": "Spanish", "year": 1768}}, {"type": "Feature", "geometry": {"type": "LineString", "coordinates": [[-33.28, 27.28], [-34.27, 27.28]]}, "properties": {"nationality": "Spanish", "year": 1778}}, {"type": "Feature", "geometry": {"type": "LineString", "coordinates": [[-29.8, -18.82], [-30.28, -17.73]]}, "properties": {"nationality": "Spanish", "year": 1778}}, {"type": "Feature", "geometry": {"type": "LineString", "coordinates": [[-78.05, -59.28], [-81.18, -59.03]]}, "properties": {"nationality": "Spanish", "year": 1780}}, {"type": "Feature", "geometry": {"type": "LineString", "coordinates": [[-64.52, 30.13], [-63.17, 31.07]]}, "properties": {"nationality": "Spanish", "year": 1794}}, {"type": "Feature", "geometry": {"type": "LineString", "coordinates": [[-27.0, -2.15], [-27.2, -0.85]]}, "properties": {"nationality": "Spanish", "year": 1786}}, {"type": "Feature", "geometry": {"type": "LineString", "coordinates": [[-10.48, 43.7], [-10.67, 43.65]]}, "properties": {"nationality": "Spanish", "year": 1779}}, {"type": "Feature", "geometry": {"type": "LineString", "coordinates": [[-35.55, -19.63], [-36.5, -21.58]]}, "properties": {"nationality": "Spanish", "year": 1785}}, {"type": "Feature", "geometry": {"type": "LineString", "coordinates": [[-44.15, -32.63], [-43.04, -31.95]]}, "properties": {"nationality": "Spanish", "year": 1788}}, {"type": "Feature", "geometry": {"type": "LineString", "coordinates": [[-36.29, -19.97], [-35.64, -20.23]]}, "properties": {"nationality": "Spanish", "year": 1798}}, {"type": "Feature", "geometry": {"type": "LineString", "coordinates": [[-40.69, 37.78], [-39.41, 37.93]]}, "properties": {"nationality": "Spanish", "year": 1769}}, {"type": "Feature", "geometry": {"type": "LineString", "coordinates": [[-36.27, 26.73], [-38.85, 25.62]]}, "properties": {"nationality": "Spanish", "year": 1773}}, {"type": "Feature", "geometry": {"type": "LineString", "coordinates": [[-78.75, 28.77], [-77.27, 30.13]]}, "properties": {"nationality": "Spanish", "year": 1773}}, {"type": "Feature", "geometry": {"type": "LineString", "coordinates": [[-29.4, 28.45], [-28.07, 30.33]]}, "properties": {"nationality": "Spanish", "year": 1774}}, {"type": "Feature", "geometry": {"type": "LineString", "coordinates": [[-72.02, 30.63], [-68.72, 30.63]]}, "properties": {"nationality": "Spanish", "year": 1766}}, {"type": "Feature", "geometry": {"type": "LineString", "coordinates": [[-64.12, 34.62], [-62.35, 35.57]]}, "properties": {"nationality": "Spanish", "year": 1772}}, {"type": "Feature", "geometry": {"type": "LineString", "coordinates": [[-38.83, 34.65], [-37.37, 34.85]]}, "properties": {"nationality": "Spanish", "year": 1794}}, {"type": "Feature", "geometry": {"type": "LineString", "coordinates": [[-34.68, -22.23], [-34.72, -22.23]]}, "properties": {"nationality": "Spanish", "year": 1776}}, {"type": "Feature", "geometry": {"type": "LineString", "coordinates": [[-29.5, -20.1], [-30.57, -20.47]]}, "properties": {"nationality": "Spanish", "year": 1776}}, {"type": "Feature", "geometry": {"type": "LineString", "coordinates": [[-20.12, 6.65], [-21.15, 7.45]]}, "properties": {"nationality": "Spanish", "year": 1769}}, {"type": "Feature", "geometry": {"type": "LineString", "coordinates": [[-28.88, -12.37], [-29.2, -14.6]]}, "properties": {"nationality": "Spanish", "year": 1778}}, {"type": "Feature", "geometry": {"type": "LineString", "coordinates": [[-31.18, 31.25], [-31.0, 31.67]]}, "properties": {"nationality": "Spanish", "year": 1778}}, {"type": "Feature", "geometry": {"type": "LineString", "coordinates": [[-19.67, 29.37], [-20.12, 28.3]]}, "properties": {"nationality": "Spanish", "year": 1787}}, {"type": "Feature", "geometry": {"type": "LineString", "coordinates": [[-11.25, 42.78], [-8.36, 43.36]]}, "properties": {"nationality": "Spanish", "year": 1772}}, {"type": "Feature", "geometry": {"type": "LineString", "coordinates": [[140.57, 19.15], [142.27, 19.65]]}, "properties": {"nationality": "Spanish", "year": 1797}}, {"type": "Feature", "geometry": {"type": "LineString", "coordinates": [[-40.77, 21.23], [-42.29, 20.72]]}, "properties": {"nationality": "Spanish", "year": 1794}}, {"type": "Feature", "geometry": {"type": "LineString", "coordinates": [[-46.68, -27.58], [-47.85, -27.67]]}, "properties": {"nationality": "Spanish", "year": 1777}}, {"type": "Feature", "geometry": {"type": "LineString", "coordinates": [[-10.18, 36.68], [-10.07, 36.65]]}, "properties": {"nationality": "Spanish", "year": 1779}}, {"type": "Feature", "geometry": {"type": "LineString", "coordinates": [[-13.22, 39.83], [-12.69, 38.13]]}, "properties": {"nationality": "Spanish", "year": 1790}}, {"type": "Feature", "geometry": {"type": "LineString", "coordinates": [[109.17, -8.18], [106.67, -7.7]]}, "properties": {"nationality": "Spanish", "year": 1777}}, {"type": "Feature", "geometry": {"type": "LineString", "coordinates": [[-44.85, -25.85], [-44.37, -25.97]]}, "properties": {"nationality": "Spanish", "year": 1778}}, {"type": "Feature", "geometry": {"type": "LineString", "coordinates": [[-47.4, -30.05], [-48.1, -30.93]]}, "properties": {"nationality": "Spanish", "year": 1776}}, {"type": "Feature", "geometry": {"type": "LineString", "coordinates": [[-62.28, -47.0], [-63.48, -47.95]]}, "properties": {"nationality": "Spanish", "year": 1785}}, {"type": "Feature", "geometry": {"type": "LineString", "coordinates": [[-18.1, 38.42], [-17.05, 39.82]]}, "properties": {"nationality": "Spanish", "year": 1772}}, {"type": "Feature", "geometry": {"type": "LineString", "coordinates": [[-7.97, 36.75], [-7.77, 36.63]]}, "properties": {"nationality": "Spanish", "year": 1779}}, {"type": "Feature", "geometry": {"type": "LineString", "coordinates": [[-17.07, 28.55], [-16.98, 27.23]]}, "properties": {"nationality": "Spanish", "year": 1786}}, {"type": "Feature", "geometry": {"type": "LineString", "coordinates": [[-16.48, 35.7], [-17.78, 35.7]]}, "properties": {"nationality": "Spanish", "year": 1794}}, {"type": "Feature", "geometry": {"type": "LineString", "coordinates": [[-17.37, 37.58], [-18.08, 36.78]]}, "properties": {"nationality": "Spanish", "year": 1776}}, {"type": "Feature", "geometry": {"type": "LineString", "coordinates": [[-42.02, 34.22], [-43.33, 33.5]]}, "properties": {"nationality": "Spanish", "year": 1794}}, {"type": "Feature", "geometry": {"type": "LineString", "coordinates": [[-18.58, 43.72], [-16.47, 43.25]]}, "properties": {"nationality": "Spanish", "year": 1776}}, {"type": "Feature", "geometry": {"type": "LineString", "coordinates": [[-50.4, -36.12], [-51.92, -35.85]]}, "properties": {"nationality": "Spanish", "year": 1796}}, {"type": "Feature", "geometry": {"type": "LineString", "coordinates": [[-11.63, 44.47], [-11.43, 43.35]]}, "properties": {"nationality": "Spanish", "year": 1769}}, {"type": "Feature", "geometry": {"type": "LineString", "coordinates": [[-20.65, 37.7], [-20.08, 37.87]]}, "properties": {"nationality": "Spanish", "year": 1768}}, {"type": "Feature", "geometry": {"type": "LineString", "coordinates": [[-39.05, 25.63], [-39.3, 27.88]]}, "properties": {"nationality": "Spanish", "year": 1788}}, {"type": "Feature", "geometry": {"type": "LineString", "coordinates": [[-10.72, 33.37], [-12.15, 32.5]]}, "properties": {"nationality": "Spanish", "year": 1776}}, {"type": "Feature", "geometry": {"type": "LineString", "coordinates": [[-82.65, 19.25], [-84.0, 20.47]]}, "properties": {"nationality": "Spanish", "year": 1767}}, {"type": "Feature", "geometry": {"type": "LineString", "coordinates": [[-85.48, -41.57], [-85.3, -41.57]]}, "properties": {"nationality": "Spanish", "year": 1778}}, {"type": "Feature", "geometry": {"type": "LineString", "coordinates": [[-32.52, -26.77], [-32.35, -25.62]]}, "properties": {"nationality": "Spanish", "year": 1778}}, {"type": "Feature", "geometry": {"type": "LineString", "coordinates": [[-14.12, 43.75], [-14.77, 42.8]]}, "properties": {"nationality": "Spanish", "year": 1776}}, {"type": "Feature", "geometry": {"type": "LineString", "coordinates": [[-28.64, -10.27], [-28.97, -12.97]]}, "properties": {"nationality": "Spanish", "year": 1787}}, {"type": "Feature", "geometry": {"type": "LineString", "coordinates": [[-29.58, 41.83], [-31.3, 41.83]]}, "properties": {"nationality": "Spanish", "year": 1779}}, {"type": "Feature", "geometry": {"type": "LineString", "coordinates": [[-39.87, -30.35], [-40.52, -31.21]]}, "properties": {"nationality": "Spanish", "year": 1774}}, {"type": "Feature", "geometry": {"type": "LineString", "coordinates": [[-19.15, 34.08], [-17.3, 33.58]]}, "properties": {"nationality": "Spanish", "year": 1765}}, {"type": "Feature", "geometry": {"type": "LineString", "coordinates": [[-21.32, 35.73], [-22.88, 35.92]]}, "properties": {"nationality": "Spanish", "year": 1776}}, {"type": "Feature", "geometry": {"type": "LineString", "coordinates": [[0.58, -23.3], [-1.35, -21.72]]}, "properties": {"nationality": "Spanish", "year": 1834}}, {"type": "Feature", "geometry": {"type": "LineString", "coordinates": [[-14.3, 36.07], [-14.39, 34.2]]}, "properties": {"nationality": "Spanish", "year": 1776}}, {"type": "Feature", "geometry": {"type": "LineString", "coordinates": [[-32.17, -25.95], [-31.47, -24.23]]}, "properties": {"nationality": "Spanish", "year": 1777}}, {"type": "Feature", "geometry": {"type": "LineString", "coordinates": [[-32.32, 15.2], [-33.25, 15.4]]}, "properties": {"nationality": "Spanish", "year": 1778}}, {"type": "Feature", "geometry": {"type": "LineString", "coordinates": [[-30.8, 38.9], [-28.74, 39.77]]}, "properties": {"nationality": "Spanish", "year": 1768}}, {"type": "Feature", "geometry": {"type": "LineString", "coordinates": [[-23.07, -1.65], [-23.72, -2.85]]}, "properties": {"nationality": "Spanish", "year": 1776}}, {"type": "Feature", "geometry": {"type": "LineString", "coordinates": [[-20.67, 14.58], [-20.37, 13.07]]}, "properties": {"nationality": "Spanish", "year": 1776}}, {"type": "Feature", "geometry": {"type": "LineString", "coordinates": [[-42.78, -28.73], [-42.72, -28.88]]}, "properties": {"nationality": "Spanish", "year": 1767}}, {"type": "Feature", "geometry": {"type": "LineString", "coordinates": [[-17.18, 26.4], [-18.55, 23.6]]}, "properties": {"nationality": "Spanish", "year": 1787}}, {"type": "Feature", "geometry": {"type": "LineString", "coordinates": [[-80.58, 24.7], [-79.71, 25.97]]}, "properties": {"nationality": "Spanish", "year": 1775}}, {"type": "Feature", "geometry": {"type": "LineString", "coordinates": [[-53.4, -36.45], [-52.4, -35.67]]}, "properties": {"nationality": "Spanish", "year": 1778}}, {"type": "Feature", "geometry": {"type": "LineString", "coordinates": [[-23.47, 33.23], [-24.02, 32.4]]}, "properties": {"nationality": "Spanish", "year": 1765}}, {"type": "Feature", "geometry": {"type": "LineString", "coordinates": [[-31.04, -7.24], [-31.37, -8.17]]}, "properties": {"nationality": "Spanish", "year": 1785}}, {"type": "Feature", "geometry": {"type": "LineString", "coordinates": [[-26.17, -18.9], [-28.02, -20.07]]}, "properties": {"nationality": "Spanish", "year": 1776}}, {"type": "Feature", "geometry": {"type": "LineString", "coordinates": [[-12.8, 42.4], [-14.98, 39.53]]}, "properties": {"nationality": "Spanish", "year": 1766}}, {"type": "Feature", "geometry": {"type": "LineString", "coordinates": [[-18.18, 30.73], [-17.1, 29.44]]}, "properties": {"nationality": "Spanish", "year": 1777}}, {"type": "Feature", "geometry": {"type": "LineString", "coordinates": [[-42.32, -26.85], [-44.1, -26.93]]}, "properties": {"nationality": "Spanish", "year": 1776}}, {"type": "Feature", "geometry": {"type": "LineString", "coordinates": [[-44.5, -31.55], [-46.17, -33.08]]}, "properties": {"nationality": "Spanish", "year": 1788}}, {"type": "Feature", "geometry": {"type": "LineString", "coordinates": [[-8.57, 36.7], [-7.52, 36.5]]}, "properties": {"nationality": "Spanish", "year": 1779}}, {"type": "Feature", "geometry": {"type": "LineString", "coordinates": [[-42.75, -26.78], [-42.87, -26.83]]}, "properties": {"nationality": "Spanish", "year": 1776}}, {"type": "Feature", "geometry": {"type": "LineString", "coordinates": [[-17.28, 5.75], [-17.25, 5.52]]}, "properties": {"nationality": "Spanish", "year": 1776}}, {"type": "Feature", "geometry": {"type": "LineString", "coordinates": [[-93.32, -37.78], [-93.37, -35.28]]}, "properties": {"nationality": "Spanish", "year": 1772}}, {"type": "Feature", "geometry": {"type": "LineString", "coordinates": [[-18.25, 39.83], [-17.1, 39.73]]}, "properties": {"nationality": "Spanish", "year": 1778}}, {"type": "Feature", "geometry": {"type": "LineString", "coordinates": [[-43.12, -30.17], [-41.88, -30.25]]}, "properties": {"nationality": "Spanish", "year": 1776}}, {"type": "Feature", "geometry": {"type": "LineString", "coordinates": [[-37.7, -30.85], [-36.68, -29.92]]}, "properties": {"nationality": "Spanish", "year": 1778}}, {"type": "Feature", "geometry": {"type": "LineString", "coordinates": [[-16.44, 37.67], [-15.22, 38.37]]}, "properties": {"nationality": "Spanish", "year": 1771}}, {"type": "Feature", "geometry": {"type": "LineString", "coordinates": [[-43.35, -38.88], [-44.85, -39.45]]}, "properties": {"nationality": "Spanish", "year": 1769}}, {"type": "Feature", "geometry": {"type": "LineString", "coordinates": [[-15.7, 35.17], [-16.13, 34.67]]}, "properties": {"nationality": "Spanish", "year": 1784}}, {"type": "Feature", "geometry": {"type": "LineString", "coordinates": [[-29.22, 28.65], [-30.77, 26.87]]}, "properties": {"nationality": "Spanish", "year": 1784}}, {"type": "Feature", "geometry": {"type": "LineString", "coordinates": [[-7.8, 36.55], [-8.12, 36.82]]}, "properties": {"nationality": "Spanish", "year": 1781}}, {"type": "Feature", "geometry": {"type": "LineString", "coordinates": [[-17.0, 7.77], [-16.75, 7.45]]}, "properties": {"nationality": "Spanish", "year": 1765}}, {"type": "Feature", "geometry": {"type": "LineString", "coordinates": [[-89.77, -41.37], [-86.12, -41.6]]}, "properties": {"nationality": "Spanish", "year": 1770}}, {"type": "Feature", "geometry": {"type": "LineString", "coordinates": [[-65.0, -47.48], [-65.19, -48.8]]}, "properties": {"nationality": "Spanish", "year": 1789}}, {"type": "Feature", "geometry": {"type": "LineString", "coordinates": [[-42.35, -33.55], [-41.08, -33.2]]}, "properties": {"nationality": "Spanish", "year": 1778}}, {"type": "Feature", "geometry": {"type": "LineString", "coordinates": [[-29.27, 36.33], [-29.36, 38.1]]}, "properties": {"nationality": "Spanish", "year": 1778}}, {"type": "Feature", "geometry": {"type": "LineString", "coordinates": [[-22.15, 41.2], [-20.73, 41.35]]}, "properties": {"nationality": "Spanish", "year": 1779}}, {"type": "Feature", "geometry": {"type": "LineString", "coordinates": [[-24.52, -23.12], [-24.12, -22.83]]}, "properties": {"nationality": "Spanish", "year": 1773}}, {"type": "Feature", "geometry": {"type": "LineString", "coordinates": [[-18.15, 8.12], [-18.12, 7.27]]}, "properties": {"nationality": "Spanish", "year": 1776}}, {"type": "Feature", "geometry": {"type": "LineString", "coordinates": [[-45.63, -27.08], [-46.42, -27.52]]}, "properties": {"nationality": "Spanish", "year": 1777}}, {"type": "Feature", "geometry": {"type": "LineString", "coordinates": [[-24.58, 41.13], [-24.43, 41.07]]}, "properties": {"nationality": "Spanish", "year": 1779}}, {"type": "Feature", "geometry": {"type": "LineString", "coordinates": [[-33.3, -33.17], [-31.85, -31.45]]}, "properties": {"nationality": "Spanish", "year": 1778}}, {"type": "Feature", "geometry": {"type": "LineString", "coordinates": [[-19.28, 42.5], [-17.18, 42.13]]}, "properties": {"nationality": "Spanish", "year": 1767}}, {"type": "Feature", "geometry": {"type": "LineString", "coordinates": [[-54.5, 29.73], [-53.02, 30.38]]}, "properties": {"nationality": "Spanish", "year": 1791}}, {"type": "Feature", "geometry": {"type": "LineString", "coordinates": [[-44.83, -33.68], [-44.57, -33.52]]}, "properties": {"nationality": "Spanish", "year": 1774}}, {"type": "Feature", "geometry": {"type": "LineString", "coordinates": [[-27.42, -22.3], [-27.23, -20.28]]}, "properties": {"nationality": "Spanish", "year": 1772}}, {"type": "Feature", "geometry": {"type": "LineString", "coordinates": [[-33.35, 20.25], [-34.85, 19.67]]}, "properties": {"nationality": "Spanish", "year": 1787}}, {"type": "Feature", "geometry": {"type": "LineString", "coordinates": [[-19.95, 8.43], [-19.85, 8.3]]}, "properties": {"nationality": "Spanish", "year": 1785}}, {"type": "Feature", "geometry": {"type": "LineString", "coordinates": [[-59.63, 35.87], [-57.02, 37.0]]}, "properties": {"nationality": "Spanish", "year": 1766}}, {"type": "Feature", "geometry": {"type": "LineString", "coordinates": [[-34.64, -23.72], [-34.24, -21.97]]}, "properties": {"nationality": "Spanish", "year": 1795}}, {"type": "Feature", "geometry": {"type": "LineString", "coordinates": [[-107.86, 21.87], [-107.31, 21.7]]}, "properties": {"nationality": "Spanish", "year": 1793}}, {"type": "Feature", "geometry": {"type": "LineString", "coordinates": [[-27.67, 43.12], [-25.0, 43.28]]}, "properties": {"nationality": "Spanish", "year": 1788}}, {"type": "Feature", "geometry": {"type": "LineString", "coordinates": [[-44.61, -26.08], [-43.72, -25.91]]}, "properties": {"nationality": "Spanish", "year": 1784}}, {"type": "Feature", "geometry": {"type": "LineString", "coordinates": [[-8.5, 36.8], [-8.47, 36.63]]}, "properties": {"nationality": "Spanish", "year": 1779}}, {"type": "Feature", "geometry": {"type": "LineString", "coordinates": [[-31.35, 21.93], [-32.47, 22.38]]}, "properties": {"nationality": "Spanish", "year": 1774}}, {"type": "Feature", "geometry": {"type": "LineString", "coordinates": [[-20.63, 5.5], [-20.71, 5.45]]}, "properties": {"nationality": "Spanish", "year": 1785}}, {"type": "Feature", "geometry": {"type": "LineString", "coordinates": [[-13.81, 43.2], [-11.0, 43.45]]}, "properties": {"nationality": "Spanish", "year": 1775}}, {"type": "Feature", "geometry": {"type": "LineString", "coordinates": [[-31.7, -23.77], [-31.42, -22.25]]}, "properties": {"nationality": "Spanish", "year": 1778}}, {"type": "Feature", "geometry": {"type": "LineString", "coordinates": [[-143.0, 36.55], [-141.53, 36.42]]}, "properties": {"nationality": "Spanish", "year": 1797}}, {"type": "Feature", "geometry": {"type": "LineString", "coordinates": [[-44.87, 21.62], [-45.8, 21.27]]}, "properties": {"nationality": "Spanish", "year": 1786}}, {"type": "Feature", "geometry": {"type": "LineString", "coordinates": [[-41.27, 40.02], [-38.95, 40.8]]}, "properties": {"nationality": "Spanish", "year": 1777}}, {"type": "Feature", "geometry": {"type": "LineString", "coordinates": [[-74.8, 21.03], [-76.73, 22.1]]}, "properties": {"nationality": "Spanish", "year": 1772}}, {"type": "Feature", "geometry": {"type": "LineString", "coordinates": [[-139.38, 38.25], [-138.85, 38.33]]}, "properties": {"nationality": "Spanish", "year": 1780}}, {"type": "Feature", "geometry": {"type": "LineString", "coordinates": [[-49.42, -34.32], [-47.47, -33.83]]}, "properties": {"nationality": "Spanish", "year": 1777}}, {"type": "Feature", "geometry": {"type": "LineString", "coordinates": [[115.28, -13.28], [115.1, -11.28]]}, "properties": {"nationality": "Spanish", "year": 1833}}, {"type": "Feature", "geometry": {"type": "LineString", "coordinates": [[-22.27, 0.68], [-22.15, -0.28]]}, "properties": {"nationality": "Spanish", "year": 1768}}, {"type": "Feature", "geometry": {"type": "LineString", "coordinates": [[-94.22, -45.9], [-93.78, -48.08]]}, "properties": {"nationality": "Spanish", "year": 1772}}, {"type": "Feature", "geometry": {"type": "LineString", "coordinates": [[-7.95, 36.27], [-7.65, 36.23]]}, "properties": {"nationality": "Spanish", "year": 1779}}, {"type": "Feature", "geometry": {"type": "LineString", "coordinates": [[-31.55, -15.62], [-30.98, -14.87]]}, "properties": {"nationality": "Spanish", "year": 1779}}, {"type": "Feature", "geometry": {"type": "LineString", "coordinates": [[-15.63, 28.82], [-15.95, 27.75]]}, "properties": {"nationality": "Spanish", "year": 1785}}, {"type": "Feature", "geometry": {"type": "LineString", "coordinates": [[-111.01, 23.58], [-110.37, 23.05]]}, "properties": {"nationality": "Spanish", "year": 1789}}, {"type": "Feature", "geometry": {"type": "LineString", "coordinates": [[-52.98, -35.33], [-52.98, -35.33]]}, "properties": {"nationality": "Spanish", "year": 1777}}, {"type": "Feature", "geometry": {"type": "LineString", "coordinates": [[-48.95, -35.33], [-47.8, -35.42]]}, "properties": {"nationality": "Spanish", "year": 1774}}, {"type": "Feature", "geometry": {"type": "LineString", "coordinates": [[-33.05, -25.47], [-32.27, -26.62]]}, "properties": {"nationality": "Spanish", "year": 1769}}, {"type": "Feature", "geometry": {"type": "LineString", "coordinates": [[-37.07, -29.3], [-35.73, -28.5]]}, "properties": {"nationality": "Spanish", "year": 1773}}, {"type": "Feature", "geometry": {"type": "LineString", "coordinates": [[-10.13, 43.07], [-8.36, 43.36]]}, "properties": {"nationality": "Spanish", "year": 1776}}, {"type": "Feature", "geometry": {"type": "LineString", "coordinates": [[-24.33, 36.87], [-22.52, 37.1]]}, "properties": {"nationality": "Spanish", "year": 1775}}, {"type": "Feature", "geometry": {"type": "LineString", "coordinates": [[-45.29, -33.57], [-45.74, -34.45]]}, "properties": {"nationality": "Spanish", "year": 1780}}, {"type": "Feature", "geometry": {"type": "LineString", "coordinates": [[-26.28, 33.65], [-28.38, 32.43]]}, "properties": {"nationality": "Spanish", "year": 1765}}, {"type": "Feature", "geometry": {"type": "LineString", "coordinates": [[-26.2, 41.77], [-23.67, 41.98]]}, "properties": {"nationality": "Spanish", "year": 1779}}, {"type": "Feature", "geometry": {"type": "LineString", "coordinates": [[-43.8, -32.17], [-45.22, -33.75]]}, "properties": {"nationality": "Spanish", "year": 1767}}, {"type": "Feature", "geometry": {"type": "LineString", "coordinates": [[-112.22, -29.77], [-112.78, -29.83]]}, "properties": {"nationality": "Spanish", "year": 1771}}, {"type": "Feature", "geometry": {"type": "LineString", "coordinates": [[-65.7, 33.68], [-62.65, 34.42]]}, "properties": {"nationality": "Spanish", "year": 1778}}, {"type": "Feature", "geometry": {"type": "LineString", "coordinates": [[-22.88, -12.1], [-23.63, -9.45]]}, "properties": {"nationality": "Spanish", "year": 1778}}, {"type": "Feature", "geometry": {"type": "LineString", "coordinates": [[-15.4, 41.88], [-14.75, 42.68]]}, "properties": {"nationality": "Spanish", "year": 1777}}, {"type": "Feature", "geometry": {"type": "LineString", "coordinates": [[-20.32, 10.8], [-20.6, 9.17]]}, "properties": {"nationality": "Spanish", "year": 1776}}, {"type": "Feature", "geometry": {"type": "LineString", "coordinates": [[-36.75, -26.97], [-39.74, -26.95]]}, "properties": {"nationality": "Spanish", "year": 1776}}, {"type": "Feature", "geometry": {"type": "LineString", "coordinates": [[-37.36, 30.43], [-36.41, 30.67]]}, "properties": {"nationality": "Spanish", "year": 1794}}, {"type": "Feature", "geometry": {"type": "LineString", "coordinates": [[-13.42, 33.65], [-13.09, 33.52]]}, "properties": {"nationality": "Spanish", "year": 1794}}, {"type": "Feature", "geometry": {"type": "LineString", "coordinates": [[-43.55, -29.8], [-44.59, -30.13]]}, "properties": {"nationality": "Spanish", "year": 1786}}, {"type": "Feature", "geometry": {"type": "LineString", "coordinates": [[-44.57, -36.47], [-42.23, -34.75]]}, "properties": {"nationality": "Spanish", "year": 1789}}, {"type": "Feature", "geometry": {"type": "LineString", "coordinates": [[-32.17, -30.37], [-30.67, -29.48]]}, "properties": {"nationality": "Spanish", "year": 1778}}, {"type": "Feature", "geometry": {"type": "LineString", "coordinates": [[-30.13, 40.75], [-27.77, 41.02]]}, "properties": {"nationality": "Spanish", "year": 1779}}, {"type": "Feature", "geometry": {"type": "LineString", "coordinates": [[-33.98, 25.63], [-35.2, 25.0]]}, "properties": {"nationality": "Spanish", "year": 1768}}, {"type": "Feature", "geometry": {"type": "LineString", "coordinates": [[-8.68, 43.85], [-9.27, 43.88]]}, "properties": {"nationality": "Spanish", "year": 1779}}, {"type": "Feature", "geometry": {"type": "LineString", "coordinates": [[-46.63, -37.17], [-45.37, -36.45]]}, "properties": {"nationality": "Spanish", "year": 1789}}, {"type": "Feature", "geometry": {"type": "LineString", "coordinates": [[-14.0, 41.78], [-16.78, 39.93]]}, "properties": {"nationality": "Spanish", "year": 1778}}, {"type": "Feature", "geometry": {"type": "LineString", "coordinates": [[-16.7, 6.13], [-16.65, 5.83]]}, "properties": {"nationality": "Spanish", "year": 1776}}, {"type": "Feature", "geometry": {"type": "LineString", "coordinates": [[-11.82, 42.53], [-14.93, 40.42]]}, "properties": {"nationality": "Spanish", "year": 1786}}, {"type": "Feature", "geometry": {"type": "LineString", "coordinates": [[18.07, -34.07], [16.47, -33.25]]}, "properties": {"nationality": "Spanish", "year": 1779}}, {"type": "Feature", "geometry": {"type": "LineString", "coordinates": [[-28.3, 27.78], [-31.03, 26.23]]}, "properties": {"nationality": "Spanish", "year": 1774}}, {"type": "Feature", "geometry": {"type": "LineString", "coordinates": [[-95.26, 20.05], [-95.95, 19.57]]}, "properties": {"nationality": "Spanish", "year": 1794}}, {"type": "Feature", "geometry": {"type": "LineString", "coordinates": [[-49.91, 31.77], [-48.56, 30.98]]}, "properties": {"nationality": "Spanish", "year": 1786}}, {"type": "Feature", "geometry": {"type": "LineString", "coordinates": [[-73.55, -57.93], [-75.08, -57.73]]}, "properties": {"nationality": "Spanish", "year": 1795}}, {"type": "Feature", "geometry": {"type": "LineString", "coordinates": [[-21.83, 7.98], [-22.4, 9.75]]}, "properties": {"nationality": "Spanish", "year": 1776}}, {"type": "Feature", "geometry": {"type": "LineString", "coordinates": [[-46.17, -34.65], [-46.75, -34.65]]}, "properties": {"nationality": "Spanish", "year": 1785}}, {"type": "Feature", "geometry": {"type": "LineString", "coordinates": [[-25.53, -15.9], [-24.6, -14.27]]}, "properties": {"nationality": "Spanish", "year": 1768}}, {"type": "Feature", "geometry": {"type": "LineString", "coordinates": [[-15.22, 40.23], [-15.18, 39.47]]}, "properties": {"nationality": "Spanish", "year": 1780}}, {"type": "Feature", "geometry": {"type": "LineString", "coordinates": [[-74.48, 21.05], [-75.23, 21.78]]}, "properties": {"nationality": "Spanish", "year": 1768}}, {"type": "Feature", "geometry": {"type": "LineString", "coordinates": [[-15.62, 43.08], [-16.38, 43.15]]}, "properties": {"nationality": "Spanish", "year": 1774}}, {"type": "Feature", "geometry": {"type": "LineString", "coordinates": [[-50.0, -31.78], [-48.82, -30.55]]}, "properties": {"nationality": "Spanish", "year": 1778}}, {"type": "Feature", "geometry": {"type": "LineString", "coordinates": [[-32.1, 10.13], [-33.48, 11.42]]}, "properties": {"nationality": "Spanish", "year": 1774}}, {"type": "Feature", "geometry": {"type": "LineString", "coordinates": [[-18.37, 36.95], [-18.03, 37.23]]}, "properties": {"nationality": "Spanish", "year": 1781}}, {"type": "Feature", "geometry": {"type": "LineString", "coordinates": [[-51.6, -42.03], [-49.82, -40.22]]}, "properties": {"nationality": "Spanish", "year": 1789}}, {"type": "Feature", "geometry": {"type": "LineString", "coordinates": [[-19.9, 13.92], [-19.8, 12.92]]}, "properties": {"nationality": "Spanish", "year": 1777}}, {"type": "Feature", "geometry": {"type": "LineString", "coordinates": [[-30.82, 22.17], [-31.48, 22.08]]}, "properties": {"nationality": "Spanish", "year": 1772}}, {"type": "Feature", "geometry": {"type": "LineString", "coordinates": [[-31.46, 45.07], [-29.17, 44.67]]}, "properties": {"nationality": "Spanish", "year": 1768}}, {"type": "Feature", "geometry": {"type": "LineString", "coordinates": [[-57.71, 17.93], [-59.64, 18.37]]}, "properties": {"nationality": "Spanish", "year": 1777}}, {"type": "Feature", "geometry": {"type": "LineString", "coordinates": [[-22.65, -20.22], [-22.38, -20.25]]}, "properties": {"nationality": "Spanish", "year": 1776}}, {"type": "Feature", "geometry": {"type": "LineString", "coordinates": [[-30.8, -20.58], [-30.88, -20.33]]}, "properties": {"nationality": "Spanish", "year": 1776}}, {"type": "Feature", "geometry": {"type": "LineString", "coordinates": [[-42.57, -33.35], [-44.45, -33.9]]}, "properties": {"nationality": "Spanish", "year": 1784}}, {"type": "Feature", "geometry": {"type": "LineString", "coordinates": [[-17.85, 9.37], [-17.3, 8.27]]}, "properties": {"nationality": "Spanish", "year": 1833}}, {"type": "Feature", "geometry": {"type": "LineString", "coordinates": [[-21.33, 43.52], [-17.96, 43.43]]}, "properties": {"nationality": "Spanish", "year": 1789}}, {"type": "Feature", "geometry": {"type": "LineString", "coordinates": [[-7.02, 44.55], [-6.42, 44.23]]}, "properties": {"nationality": "Spanish", "year": 1771}}, {"type": "Feature", "geometry": {"type": "LineString", "coordinates": [[-28.2, -21.02], [-27.98, -21.25]]}, "properties": {"nationality": "Spanish", "year": 1778}}, {"type": "Feature", "geometry": {"type": "LineString", "coordinates": [[-61.95, 18.38], [-63.28, 18.45]]}, "properties": {"nationality": "Spanish", "year": 1775}}, {"type": "Feature", "geometry": {"type": "LineString", "coordinates": [[-26.55, 32.92], [-29.22, 31.48]]}, "properties": {"nationality": "Spanish", "year": 1770}}, {"type": "Feature", "geometry": {"type": "LineString", "coordinates": [[-55.05, 35.32], [-54.35, 35.12]]}, "properties": {"nationality": "Spanish", "year": 1794}}, {"type": "Feature", "geometry": {"type": "LineString", "coordinates": [[-119.96, 32.27], [-118.87, 31.12]]}, "properties": {"nationality": "Spanish", "year": 1789}}, {"type": "Feature", "geometry": {"type": "LineString", "coordinates": [[-39.46, 42.73], [-37.59, 43.5]]}, "properties": {"nationality": "Spanish", "year": 1784}}, {"type": "Feature", "geometry": {"type": "LineString", "coordinates": [[-21.98, 2.0], [-22.62, 1.08]]}, "properties": {"nationality": "Spanish", "year": 1773}}, {"type": "Feature", "geometry": {"type": "LineString", "coordinates": [[-174.93, -28.7], [-173.48, -29.58]]}, "properties": {"nationality": "Spanish", "year": 1780}}, {"type": "Feature", "geometry": {"type": "LineString", "coordinates": [[-20.42, 42.57], [-18.18, 43.22]]}, "properties": {"nationality": "Spanish", "year": 1786}}, {"type": "Feature", "geometry": {"type": "LineString", "coordinates": [[-48.49, 18.77], [-49.93, 18.45]]}, "properties": {"nationality": "Spanish", "year": 1765}}, {"type": "Feature", "geometry": {"type": "LineString", "coordinates": [[-23.45, 1.03], [-23.4, 0.45]]}, "properties": {"nationality": "Spanish", "year": 1780}}, {"type": "Feature", "geometry": {"type": "LineString", "coordinates": [[-28.77, 42.53], [-26.4, 42.8]]}, "properties": {"nationality": "Spanish", "year": 1777}}, {"type": "Feature", "geometry": {"type": "LineString", "coordinates": [[-72.85, 28.52], [-72.87, 28.57]]}, "properties": {"nationality": "Spanish", "year": 1794}}, {"type": "Feature", "geometry": {"type": "LineString", "coordinates": [[-53.52, -35.47], [-53.73, -35.47]]}, "properties": {"nationality": "Spanish", "year": 1777}}, {"type": "Feature", "geometry": {"type": "LineString", "coordinates": [[-20.47, 7.2], [-20.1, 5.92]]}, "properties": {"nationality": "Spanish", "year": 1777}}, {"type": "Feature", "geometry": {"type": "LineString", "coordinates": [[-42.15, 35.58], [-39.52, 36.47]]}, "properties": {"nationality": "Spanish", "year": 1776}}, {"type": "Feature", "geometry": {"type": "LineString", "coordinates": [[-9.05, 34.63], [-9.63, 34.47]]}, "properties": {"nationality": "Spanish", "year": 1793}}, {"type": "Feature", "geometry": {"type": "LineString", "coordinates": [[-9.73, 43.72], [-9.7, 43.68]]}, "properties": {"nationality": "Spanish", "year": 1779}}, {"type": "Feature", "geometry": {"type": "LineString", "coordinates": [[-41.28, -34.07], [-42.82, -34.58]]}, "properties": {"nationality": "Spanish", "year": 1776}}, {"type": "Feature", "geometry": {"type": "LineString", "coordinates": [[-18.15, 36.97], [-19.67, 35.22]]}, "properties": {"nationality": "Spanish", "year": 1768}}, {"type": "Feature", "geometry": {"type": "LineString", "coordinates": [[-18.15, 36.82], [-19.48, 36.82]]}, "properties": {"nationality": "Spanish", "year": 1794}}, {"type": "Feature", "geometry": {"type": "LineString", "coordinates": [[-57.8, 31.05], [-55.16, 30.97]]}, "properties": {"nationality": "Spanish", "year": 1776}}, {"type": "Feature", "geometry": {"type": "LineString", "coordinates": [[-91.73, -32.2], [-92.9, -32.77]]}, "properties": {"nationality": "Spanish", "year": 1772}}, {"type": "Feature", "geometry": {"type": "LineString", "coordinates": [[-17.35, 40.18], [-19.17, 38.9]]}, "properties": {"nationality": "Spanish", "year": 1775}}, {"type": "Feature", "geometry": {"type": "LineString", "coordinates": [[-29.95, 40.73], [-29.03, 39.55]]}, "properties": {"nationality": "Spanish", "year": 1779}}, {"type": "Feature", "geometry": {"type": "LineString", "coordinates": [[-21.07, 13.53], [-21.0, 12.28]]}, "properties": {"nationality": "Spanish", "year": 1774}}, {"type": "Feature", "geometry": {"type": "LineString", "coordinates": [[-17.72, 43.2], [-15.03, 43.25]]}, "properties": {"nationality": "Spanish", "year": 1771}}, {"type": "Feature", "geometry": {"type": "LineString", "coordinates": [[-7.75, 35.52], [-8.5, 35.3]]}, "properties": {"nationality": "Spanish", "year": 1765}}, {"type": "Feature", "geometry": {"type": "LineString", "coordinates": [[-10.83, 39.38], [-10.53, 40.33]]}, "properties": {"nationality": "Spanish", "year": 1779}}, {"type": "Feature", "geometry": {"type": "LineString", "coordinates": [[-46.77, -27.2], [-46.65, -27.02]]}, "properties": {"nationality": "Spanish", "year": 1776}}, {"type": "Feature", "geometry": {"type": "LineString", "coordinates": [[-25.25, -3.45], [-25.57, -4.58]]}, "properties": {"nationality": "Spanish", "year": 1769}}, {"type": "Feature", "geometry": {"type": "LineString", "coordinates": [[-42.6, -26.82], [-44.25, -27.1]]}, "properties": {"nationality": "Spanish", "year": 1776}}, {"type": "Feature", "geometry": {"type": "LineString", "coordinates": [[-40.47, 37.7], [-39.98, 37.75]]}, "properties": {"nationality": "Spanish", "year": 1775}}, {"type": "Feature", "geometry": {"type": "LineString", "coordinates": [[-30.41, 29.78], [-29.92, 28.88]]}, "properties": {"nationality": "Spanish", "year": 1778}}, {"type": "Feature", "geometry": {"type": "LineString", "coordinates": [[-28.07, -6.78], [-24.67, -4.87]]}, "properties": {"nationality": "Spanish", "year": 1794}}, {"type": "Feature", "geometry": {"type": "LineString", "coordinates": [[-23.63, 34.75], [-24.1, 33.67]]}, "properties": {"nationality": "Spanish", "year": 1776}}, {"type": "Feature", "geometry": {"type": "LineString", "coordinates": [[-16.15, 39.62], [-16.55, 39.47]]}, "properties": {"nationality": "Spanish", "year": 1772}}, {"type": "Feature", "geometry": {"type": "LineString", "coordinates": [[-16.52, 33.03], [-17.99, 30.4]]}, "properties": {"nationality": "Spanish", "year": 1796}}, {"type": "Feature", "geometry": {"type": "LineString", "coordinates": [[-22.6, -1.85], [-21.88, -1.93]]}, "properties": {"nationality": "Spanish", "year": 1768}}, {"type": "Feature", "geometry": {"type": "LineString", "coordinates": [[-35.54, 26.1], [-35.3, 26.82]]}, "properties": {"nationality": "Spanish", "year": 1778}}, {"type": "Feature", "geometry": {"type": "LineString", "coordinates": [[-15.65, 32.05], [-15.75, 30.97]]}, "properties": {"nationality": "Spanish", "year": 1792}}, {"type": "Feature", "geometry": {"type": "LineString", "coordinates": [[-23.95, 41.15], [-24.28, 41.15]]}, "properties": {"nationality": "Spanish", "year": 1779}}, {"type": "Feature", "geometry": {"type": "LineString", "coordinates": [[-44.77, 39.1], [-44.12, 38.8]]}, "properties": {"nationality": "Spanish", "year": 1765}}, {"type": "Feature", "geometry": {"type": "LineString", "coordinates": [[-10.65, 43.77], [-12.15, 42.27]]}, "properties": {"nationality": "Spanish", "year": 1765}}, {"type": "Feature", "geometry": {"type": "LineString", "coordinates": [[-19.7, 6.8], [-21.12, 6.18]]}, "properties": {"nationality": "Spanish", "year": 1770}}, {"type": "Feature", "geometry": {"type": "LineString", "coordinates": [[-25.25, -21.8], [-25.65, -20.35]]}, "properties": {"nationality": "Spanish", "year": 1776}}, {"type": "Feature", "geometry": {"type": "LineString", "coordinates": [[-19.43, 19.53], [-19.77, 17.37]]}, "properties": {"nationality": "Spanish", "year": 1774}}, {"type": "Feature", "geometry": {"type": "LineString", "coordinates": [[-25.38, 25.77], [-28.15, 24.3]]}, "properties": {"nationality": "Spanish", "year": 1768}}, {"type": "Feature", "geometry": {"type": "LineString", "coordinates": [[-15.12, 33.13], [-15.65, 32.05]]}, "properties": {"nationality": "Spanish", "year": 1792}}, {"type": "Feature", "geometry": {"type": "LineString", "coordinates": [[-26.07, 36.53], [-26.58, 37.38]]}, "properties": {"nationality": "Spanish", "year": 1772}}, {"type": "Feature", "geometry": {"type": "LineString", "coordinates": [[-24.46, 40.63], [-23.4, 41.27]]}, "properties": {"nationality": "Spanish", "year": 1769}}, {"type": "Feature", "geometry": {"type": "LineString", "coordinates": [[-13.0, 37.38], [-13.75, 35.43]]}, "properties": {"nationality": "Spanish", "year": 1794}}, {"type": "Feature", "geometry": {"type": "LineString", "coordinates": [[-23.9, 7.47], [-23.9, 8.17]]}, "properties": {"nationality": "Spanish", "year": 1777}}, {"type": "Feature", "geometry": {"type": "LineString", "coordinates": [[-68.87, 33.73], [-66.38, 34.07]]}, "properties": {"nationality": "Spanish", "year": 1777}}, {"type": "Feature", "geometry": {"type": "LineString", "coordinates": [[-25.75, -4.42], [-25.05, -2.72]]}, "properties": {"nationality": "Spanish", "year": 1778}}, {"type": "Feature", "geometry": {"type": "LineString", "coordinates": [[-24.48, -3.98], [-24.77, -4.62]]}, "properties": {"nationality": "Spanish", "year": 1768}}, {"type": "Feature", "geometry": {"type": "LineString", "coordinates": [[-28.65, -15.62], [-29.2, -16.95]]}, "properties": {"nationality": "Spanish", "year": 1790}}, {"type": "Feature", "geometry": {"type": "LineString", "coordinates": [[-28.09, -19.7], [-27.0, -19.75]]}, "properties": {"nationality": "Spanish", "year": 1794}}, {"type": "Feature", "geometry": {"type": "LineString", "coordinates": [[-39.62, 29.78], [-39.33, 30.6]]}, "properties": {"nationality": "Spanish", "year": 1778}}, {"type": "Feature", "geometry": {"type": "LineString", "coordinates": [[-50.85, -37.73], [-50.57, -38.5]]}, "properties": {"nationality": "Spanish", "year": 1788}}, {"type": "Feature", "geometry": {"type": "LineString", "coordinates": [[-33.27, -18.42], [-33.4, -19.5]]}, "properties": {"nationality": "Spanish", "year": 1781}}, {"type": "Feature", "geometry": {"type": "LineString", "coordinates": [[-29.43, 27.25], [-30.13, 26.7]]}, "properties": {"nationality": "Spanish", "year": 1777}}, {"type": "Feature", "geometry": {"type": "LineString", "coordinates": [[-55.19, 31.93], [-53.47, 33.33]]}, "properties": {"nationality": "Spanish", "year": 1777}}, {"type": "Feature", "geometry": {"type": "LineString", "coordinates": [[-27.92, 41.92], [-26.2, 41.78]]}, "properties": {"nationality": "Spanish", "year": 1779}}, {"type": "Feature", "geometry": {"type": "LineString", "coordinates": [[12.75, -29.48], [12.52, -28.7]]}, "properties": {"nationality": "Spanish", "year": 1779}}, {"type": "Feature", "geometry": {"type": "LineString", "coordinates": [[-20.99, 24.18], [-21.15, 23.3]]}, "properties": {"nationality": "Spanish", "year": 1793}}, {"type": "Feature", "geometry": {"type": "LineString", "coordinates": [[-51.87, -35.22], [-49.37, -35.43]]}, "properties": {"nationality": "Spanish", "year": 1796}}, {"type": "Feature", "geometry": {"type": "LineString", "coordinates": [[-34.57, 21.95], [-36.25, 21.57]]}, "properties": {"nationality": "Spanish", "year": 1766}}, {"type": "Feature", "geometry": {"type": "LineString", "coordinates": [[-79.41, 24.63], [-79.23, 25.08]]}, "properties": {"nationality": "Spanish", "year": 1783}}, {"type": "Feature", "geometry": {"type": "LineString", "coordinates": [[-26.65, 23.0], [-27.57, 22.7]]}, "properties": {"nationality": "Spanish", "year": 1772}}, {"type": "Feature", "geometry": {"type": "LineString", "coordinates": [[116.58, 13.82], [114.25, 13.3]]}, "properties": {"nationality": "Spanish", "year": 1767}}, {"type": "Feature", "geometry": {"type": "LineString", "coordinates": [[-32.97, 29.78], [-34.81, 29.77]]}, "properties": {"nationality": "Spanish", "year": 1778}}, {"type": "Feature", "geometry": {"type": "LineString", "coordinates": [[-91.09, 24.15], [-90.32, 24.5]]}, "properties": {"nationality": "Spanish", "year": 1794}}, {"type": "Feature", "geometry": {"type": "LineString", "coordinates": [[-32.8, -25.4], [-33.65, -28.28]]}, "properties": {"nationality": "Spanish", "year": 1778}}, {"type": "Feature", "geometry": {"type": "LineString", "coordinates": [[-17.9, 22.25], [-19.05, 20.17]]}, "properties": {"nationality": "Spanish", "year": 1785}}, {"type": "Feature", "geometry": {"type": "LineString", "coordinates": [[-8.55, 48.93], [-8.12, 49.25]]}, "properties": {"nationality": "Spanish", "year": 1779}}, {"type": "Feature", "geometry": {"type": "LineString", "coordinates": [[-149.38, -38.7], [-148.67, -39.67]]}, "properties": {"nationality": "Spanish", "year": 1803}}, {"type": "Feature", "geometry": {"type": "LineString", "coordinates": [[-19.53, 21.4], [-19.83, 19.6]]}, "properties": {"nationality": "Spanish", "year": 1774}}, {"type": "Feature", "geometry": {"type": "LineString", "coordinates": [[-32.42, 41.27], [-31.23, 41.13]]}, "properties": {"nationality": "Spanish", "year": 1779}}, {"type": "Feature", "geometry": {"type": "LineString", "coordinates": [[-35.27, 39.1], [-31.63, 39.74]]}, "properties": {"nationality": "Spanish", "year": 1787}}, {"type": "Feature", "geometry": {"type": "LineString", "coordinates": [[-9.91, -35.18], [-8.09, -35.83]]}, "properties": {"nationality": "Spanish", "year": 1765}}, {"type": "Feature", "geometry": {"type": "LineString", "coordinates": [[-45.67, 38.87], [-42.8, 39.48]]}, "properties": {"nationality": "Spanish", "year": 1775}}, {"type": "Feature", "geometry": {"type": "LineString", "coordinates": [[-11.69, 43.62], [-11.87, 43.3]]}, "properties": {"nationality": "Spanish", "year": 1771}}, {"type": "Feature", "geometry": {"type": "LineString", "coordinates": [[118.25, 13.7], [119.83, 13.82]]}, "properties": {"nationality": "Spanish", "year": 1777}}, {"type": "Feature", "geometry": {"type": "LineString", "coordinates": [[-104.62, 8.83], [-105.3, 8.9]]}, "properties": {"nationality": "Spanish", "year": 1783}}, {"type": "Feature", "geometry": {"type": "LineString", "coordinates": [[43.41, -29.45], [41.41, -29.25]]}, "properties": {"nationality": "Spanish", "year": 1779}}, {"type": "Feature", "geometry": {"type": "LineString", "coordinates": [[-29.73, 42.32], [-27.88, 41.98]]}, "properties": {"nationality": "Spanish", "year": 1769}}, {"type": "Feature", "geometry": {"type": "LineString", "coordinates": [[-107.47, -26.98], [-108.6, -27.2]]}, "properties": {"nationality": "Spanish", "year": 1770}}, {"type": "Feature", "geometry": {"type": "LineString", "coordinates": [[-62.7, 37.18], [-59.34, 37.93]]}, "properties": {"nationality": "Spanish", "year": 1791}}, {"type": "Feature", "geometry": {"type": "LineString", "coordinates": [[-29.93, -13.15], [-30.95, -15.07]]}, "properties": {"nationality": "Spanish", "year": 1796}}, {"type": "Feature", "geometry": {"type": "LineString", "coordinates": [[-14.7, 40.58], [-13.69, 41.55]]}, "properties": {"nationality": "Spanish", "year": 1790}}, {"type": "Feature", "geometry": {"type": "LineString", "coordinates": [[-24.17, 5.25], [-23.85, 5.28]]}, "properties": {"nationality": "Spanish", "year": 1778}}, {"type": "Feature", "geometry": {"type": "LineString", "coordinates": [[-38.74, -25.37], [-37.07, -23.47]]}, "properties": {"nationality": "Spanish", "year": 1796}}, {"type": "Feature", "geometry": {"type": "LineString", "coordinates": [[-23.53, -1.05], [-25.13, -2.5]]}, "properties": {"nationality": "Spanish", "year": 1774}}, {"type": "Feature", "geometry": {"type": "LineString", "coordinates": [[-76.85, -13.87], [-77.18, -12.82]]}, "properties": {"nationality": "Spanish", "year": 1770}}, {"type": "Feature", "geometry": {"type": "LineString", "coordinates": [[-125.29, 38.88], [-124.39, 38.38]]}, "properties": {"nationality": "Spanish", "year": 1792}}, {"type": "Feature", "geometry": {"type": "LineString", "coordinates": [[-10.92, 38.92], [-10.85, 38.92]]}, "properties": {"nationality": "Spanish", "year": 1779}}, {"type": "Feature", "geometry": {"type": "LineString", "coordinates": [[-41.6, -33.3], [-42.73, -34.58]]}, "properties": {"nationality": "Spanish", "year": 1780}}, {"type": "Feature", "geometry": {"type": "LineString", "coordinates": [[-45.97, -35.17], [-48.25, -35.13]]}, "properties": {"nationality": "Spanish", "year": 1773}}, {"type": "Feature", "geometry": {"type": "LineString", "coordinates": [[-33.85, 13.93], [-35.13, 15.85]]}, "properties": {"nationality": "Spanish", "year": 1834}}, {"type": "Feature", "geometry": {"type": "LineString", "coordinates": [[-37.37, -27.53], [-39.64, -29.25]]}, "properties": {"nationality": "Spanish", "year": 1793}}, {"type": "Feature", "geometry": {"type": "LineString", "coordinates": [[-64.47, 34.42], [-63.63, 34.07]]}, "properties": {"nationality": "Spanish", "year": 1766}}, {"type": "Feature", "geometry": {"type": "LineString", "coordinates": [[-27.3, 38.08], [-30.75, 40.1]]}, "properties": {"nationality": "Spanish", "year": 1778}}, {"type": "Feature", "geometry": {"type": "LineString", "coordinates": [[-62.32, 18.18], [-64.01, 18.17]]}, "properties": {"nationality": "Spanish", "year": 1774}}, {"type": "Feature", "geometry": {"type": "LineString", "coordinates": [[-8.9, 44.87], [-8.36, 43.36]]}, "properties": {"nationality": "Spanish", "year": 1776}}, {"type": "Feature", "geometry": {"type": "LineString", "coordinates": [[133.47, 12.4], [134.03, 11.82]]}, "properties": {"nationality": "Spanish", "year": 1780}}, {"type": "Feature", "geometry": {"type": "LineString", "coordinates": [[-16.03, 39.71], [-15.85, 38.56]]}, "properties": {"nationality": "Spanish", "year": 1787}}, {"type": "Feature", "geometry": {"type": "LineString", "coordinates": [[-17.48, 26.98], [-18.9, 26.0]]}, "properties": {"nationality": "Spanish", "year": 1780}}, {"type": "Feature", "geometry": {"type": "LineString", "coordinates": [[-12.42, 42.42], [-10.78, 43.17]]}, "properties": {"nationality": "Spanish", "year": 1776}}, {"type": "Feature", "geometry": {"type": "LineString", "coordinates": [[-81.15, 24.13], [-80.47, 24.78]]}, "properties": {"nationality": "Spanish", "year": 1773}}, {"type": "Feature", "geometry": {"type": "LineString", "coordinates": [[-39.27, -32.02], [-37.88, -33.03]]}, "properties": {"nationality": "Spanish", "year": 1767}}, {"type": "Feature", "geometry": {"type": "LineString", "coordinates": [[-16.08, 30.82], [-17.53, 30.32]]}, "properties": {"nationality": "Spanish", "year": 1776}}, {"type": "Feature", "geometry": {"type": "LineString", "coordinates": [[-28.75, 12.72], [-28.42, 14.6]]}, "properties": {"nationality": "Spanish", "year": 1789}}, {"type": "Feature", "geometry": {"type": "LineString", "coordinates": [[-29.02, -14.93], [-28.05, -13.4]]}, "properties": {"nationality": "Spanish", "year": 1773}}, {"type": "Feature", "geometry": {"type": "LineString", "coordinates": [[-18.92, 21.37], [-19.18, 19.43]]}, "properties": {"nationality": "Spanish", "year": 1785}}, {"type": "Feature", "geometry": {"type": "LineString", "coordinates": [[112.12, -45.6], [116.33, -46.1]]}, "properties": {"nationality": "Spanish", "year": 1803}}, {"type": "Feature", "geometry": {"type": "LineString", "coordinates": [[-26.55, 36.1], [-27.02, 36.72]]}, "properties": {"nationality": "Spanish", "year": 1775}}, {"type": "Feature", "geometry": {"type": "LineString", "coordinates": [[84.45, -36.03], [87.23, -35.4]]}, "properties": {"nationality": "Spanish", "year": 1777}}, {"type": "Feature", "geometry": {"type": "LineString", "coordinates": [[-31.38, -28.83], [-30.9, -27.67]]}, "properties": {"nationality": "Spanish", "year": 1790}}, {"type": "Feature", "geometry": {"type": "LineString", "coordinates": [[-18.2, 29.07], [-18.7, 28.92]]}, "properties": {"nationality": "Spanish", "year": 1815}}, {"type": "Feature", "geometry": {"type": "LineString", "coordinates": [[-49.65, -34.83], [-50.63, -35.03]]}, "properties": {"nationality": "Spanish", "year": 1777}}, {"type": "Feature", "geometry": {"type": "LineString", "coordinates": [[-128.42, 49.7], [-127.21, 49.67]]}, "properties": {"nationality": "Spanish", "year": 1792}}, {"type": "Feature", "geometry": {"type": "LineString", "coordinates": [[-19.45, 5.87], [-19.25, 4.27]]}, "properties": {"nationality": "Spanish", "year": 1772}}, {"type": "Feature", "geometry": {"type": "LineString", "coordinates": [[-86.45, 22.23], [-87.44, 22.4]]}, "properties": {"nationality": "Spanish", "year": 1794}}, {"type": "Feature", "geometry": {"type": "LineString", "coordinates": [[-14.08, 34.77], [-15.08, 31.63]]}, "properties": {"nationality": "Spanish", "year": 1789}}, {"type": "Feature", "geometry": {"type": "LineString", "coordinates": [[-39.62, 31.48], [-39.62, 32.75]]}, "properties": {"nationality": "Spanish", "year": 1796}}, {"type": "Feature", "geometry": {"type": "LineString", "coordinates": [[-32.93, 41.75], [-32.2, 42.58]]}, "properties": {"nationality": "Spanish", "year": 1779}}, {"type": "Feature", "geometry": {"type": "LineString", "coordinates": [[-21.57, 38.17], [-19.63, 40.73]]}, "properties": {"nationality": "Spanish", "year": 1774}}, {"type": "Feature", "geometry": {"type": "LineString", "coordinates": [[-28.77, 22.05], [-29.02, 19.97]]}, "properties": {"nationality": "Spanish", "year": 1782}}, {"type": "Feature", "geometry": {"type": "LineString", "coordinates": [[-16.02, 29.73], [-17.35, 28.55]]}, "properties": {"nationality": "Spanish", "year": 1776}}, {"type": "Feature", "geometry": {"type": "LineString", "coordinates": [[-57.78, 19.02], [-59.88, 19.0]]}, "properties": {"nationality": "Spanish", "year": 1793}}, {"type": "Feature", "geometry": {"type": "LineString", "coordinates": [[-30.95, 39.82], [-27.27, 39.77]]}, "properties": {"nationality": "Spanish", "year": 1789}}, {"type": "Feature", "geometry": {"type": "LineString", "coordinates": [[-21.88, 4.22], [-22.87, 4.08]]}, "properties": {"nationality": "Spanish", "year": 1770}}, {"type": "Feature", "geometry": {"type": "LineString", "coordinates": [[-32.54, 32.6], [-31.52, 32.78]]}, "properties": {"nationality": "Spanish", "year": 1779}}, {"type": "Feature", "geometry": {"type": "LineString", "coordinates": [[-61.25, -48.57], [-61.08, -48.57]]}, "properties": {"nationality": "Spanish", "year": 1786}}, {"type": "Feature", "geometry": {"type": "LineString", "coordinates": [[-39.17, 35.52], [-38.53, 35.5]]}, "properties": {"nationality": "Spanish", "year": 1794}}, {"type": "Feature", "geometry": {"type": "LineString", "coordinates": [[-80.83, -37.85], [-80.37, -37.82]]}, "properties": {"nationality": "Spanish", "year": 1769}}, {"type": "Feature", "geometry": {"type": "LineString", "coordinates": [[-79.76, 27.8], [-79.12, 28.95]]}, "properties": {"nationality": "Spanish", "year": 1797}}, {"type": "Feature", "geometry": {"type": "LineString", "coordinates": [[-51.2, -34.77], [-50.5, -35.97]]}, "properties": {"nationality": "Spanish", "year": 1775}}, {"type": "Feature", "geometry": {"type": "LineString", "coordinates": [[-34.37, 39.87], [-32.1, 41.38]]}, "properties": {"nationality": "Spanish", "year": 1779}}, {"type": "Feature", "geometry": {"type": "LineString", "coordinates": [[-51.37, 33.72], [-48.59, 34.92]]}, "properties": {"nationality": "Spanish", "year": 1778}}, {"type": "Feature", "geometry": {"type": "LineString", "coordinates": [[-27.18, 43.37], [-25.73, 43.55]]}, "properties": {"nationality": "Spanish", "year": 1777}}, {"type": "Feature", "geometry": {"type": "LineString", "coordinates": [[-24.17, -4.88], [-24.28, -5.78]]}, "properties": {"nationality": "Spanish", "year": 1776}}, {"type": "Feature", "geometry": {"type": "LineString", "coordinates": [[-27.05, -25.95], [-25.62, -24.48]]}, "properties": {"nationality": "Spanish", "year": 1777}}, {"type": "Feature", "geometry": {"type": "LineString", "coordinates": [[-19.67, 41.03], [-18.72, 41.42]]}, "properties": {"nationality": "Spanish", "year": 1776}}, {"type": "Feature", "geometry": {"type": "LineString", "coordinates": [[-86.45, -43.22], [-85.33, -44.55]]}, "properties": {"nationality": "Spanish", "year": 1778}}, {"type": "Feature", "geometry": {"type": "LineString", "coordinates": [[-22.43, 1.1], [-22.27, 0.68]]}, "properties": {"nationality": "Spanish", "year": 1768}}, {"type": "Feature", "geometry": {"type": "LineString", "coordinates": [[-32.45, 26.52], [-33.02, 27.77]]}, "properties": {"nationality": "Spanish", "year": 1777}}, {"type": "Feature", "geometry": {"type": "LineString", "coordinates": [[-23.45, 28.93], [-23.45, 27.95]]}, "properties": {"nationality": "Spanish", "year": 1786}}, {"type": "Feature", "geometry": {"type": "LineString", "coordinates": [[-35.09, -21.83], [-36.37, -22.97]]}, "properties": {"nationality": "Spanish", "year": 1792}}, {"type": "Feature", "geometry": {"type": "LineString", "coordinates": [[-34.0, 27.67], [-34.39, 28.87]]}, "properties": {"nationality": "Spanish", "year": 1796}}, {"type": "Feature", "geometry": {"type": "LineString", "coordinates": [[-24.31, 40.08], [-22.88, 39.18]]}, "properties": {"nationality": "Spanish", "year": 1788}}, {"type": "Feature", "geometry": {"type": "LineString", "coordinates": [[-30.23, -23.75], [-30.03, -24.37]]}, "properties": {"nationality": "Spanish", "year": 1830}}, {"type": "Feature", "geometry": {"type": "LineString", "coordinates": [[-27.5, 3.48], [-29.12, 4.83]]}, "properties": {"nationality": "Spanish", "year": 1774}}, {"type": "Feature", "geometry": {"type": "LineString", "coordinates": [[-10.84, 43.85], [-10.9, 43.96]]}, "properties": {"nationality": "Spanish", "year": 1767}}, {"type": "Feature", "geometry": {"type": "LineString", "coordinates": [[-40.58, 21.62], [-41.17, 21.27]]}, "properties": {"nationality": "Spanish", "year": 1765}}, {"type": "Feature", "geometry": {"type": "LineString", "coordinates": [[-30.37, -11.18], [-31.43, -13.97]]}, "properties": {"nationality": "Spanish", "year": 1774}}, {"type": "Feature", "geometry": {"type": "LineString", "coordinates": [[-25.62, -20.2], [-23.95, -18.8]]}, "properties": {"nationality": "Spanish", "year": 1777}}, {"type": "Feature", "geometry": {"type": "LineString", "coordinates": [[-11.15, 40.97], [-11.1, 39.67]]}, "properties": {"nationality": "Spanish", "year": 1774}}, {"type": "Feature", "geometry": {"type": "LineString", "coordinates": [[-36.22, 22.0], [-37.12, 24.27]]}, "properties": {"nationality": "Spanish", "year": 1793}}, {"type": "Feature", "geometry": {"type": "LineString", "coordinates": [[104.83, -1.18], [103.77, -6.45]]}, "properties": {"nationality": "Spanish", "year": 1803}}, {"type": "Feature", "geometry": {"type": "LineString", "coordinates": [[-87.18, -35.67], [-87.23, -38.88]]}, "properties": {"nationality": "Spanish", "year": 1778}}, {"type": "Feature", "geometry": {"type": "LineString", "coordinates": [[-17.87, 40.38], [-19.93, 39.17]]}, "properties": {"nationality": "Spanish", "year": 1765}}, {"type": "Feature", "geometry": {"type": "LineString", "coordinates": [[-34.8, 14.92], [-35.63, 16.8]]}, "properties": {"nationality": "Spanish", "year": 1778}}, {"type": "Feature", "geometry": {"type": "LineString", "coordinates": [[-25.44, 5.31], [-26.6, 6.33]]}, "properties": {"nationality": "Spanish", "year": 1795}}, {"type": "Feature", "geometry": {"type": "LineString", "coordinates": [[-48.2, 38.98], [-46.45, 39.5]]}, "properties": {"nationality": "Spanish", "year": 1776}}, {"type": "Feature", "geometry": {"type": "LineString", "coordinates": [[-24.28, -27.87], [-24.25, -27.03]]}, "properties": {"nationality": "Spanish", "year": 1776}}, {"type": "Feature", "geometry": {"type": "LineString", "coordinates": [[-20.6, 13.0], [-20.25, 11.93]]}, "properties": {"nationality": "Spanish", "year": 1776}}, {"type": "Feature", "geometry": {"type": "LineString", "coordinates": [[-71.14, 19.99], [-72.1, 20.13]]}, "properties": {"nationality": "Spanish", "year": 1767}}, {"type": "Feature", "geometry": {"type": "LineString", "coordinates": [[-43.25, -31.95], [-41.55, -30.48]]}, "properties": {"nationality": "Spanish", "year": 1783}}, {"type": "Feature", "geometry": {"type": "LineString", "coordinates": [[-25.53, -12.82], [-25.57, -10.67]]}, "properties": {"nationality": "Spanish", "year": 1778}}, {"type": "Feature", "geometry": {"type": "LineString", "coordinates": [[-18.05, 2.92], [-17.48, 2.6]]}, "properties": {"nationality": "Spanish", "year": 1780}}, {"type": "Feature", "geometry": {"type": "LineString", "coordinates": [[-39.3, 27.53], [-38.9, 28.77]]}, "properties": {"nationality": "Spanish", "year": 1778}}, {"type": "Feature", "geometry": {"type": "LineString", "coordinates": [[-23.47, -0.95], [-23.52, 1.85]]}, "properties": {"nationality": "Spanish", "year": 1771}}, {"type": "Feature", "geometry": {"type": "LineString", "coordinates": [[-14.37, 40.7], [-16.8, 38.7]]}, "properties": {"nationality": "Spanish", "year": 1791}}, {"type": "Feature", "geometry": {"type": "LineString", "coordinates": [[-26.98, -9.03], [-28.0, -11.73]]}, "properties": {"nationality": "Spanish", "year": 1770}}, {"type": "Feature", "geometry": {"type": "LineString", "coordinates": [[-42.32, 29.88], [-41.27, 30.77]]}, "properties": {"nationality": "Spanish", "year": 1819}}, {"type": "Feature", "geometry": {"type": "LineString", "coordinates": [[-34.25, 20.0], [-34.35, 22.35]]}, "properties": {"nationality": "Spanish", "year": 1769}}, {"type": "Feature", "geometry": {"type": "LineString", "coordinates": [[-23.83, -22.47], [-23.78, -21.87]]}, "properties": {"nationality": "Spanish", "year": 1773}}, {"type": "Feature", "geometry": {"type": "LineString", "coordinates": [[-12.65, 33.03], [-13.37, 34.17]]}, "properties": {"nationality": "Spanish", "year": 1794}}, {"type": "Feature", "geometry": {"type": "LineString", "coordinates": [[-18.45, 3.0], [-19.65, 4.52]]}, "properties": {"nationality": "Spanish", "year": 1779}}, {"type": "Feature", "geometry": {"type": "LineString", "coordinates": [[-55.82, 18.55], [-57.28, 18.38]]}, "properties": {"nationality": "Spanish", "year": 1776}}, {"type": "Feature", "geometry": {"type": "LineString", "coordinates": [[-19.4, 11.58], [-19.4, 11.58]]}, "properties": {"nationality": "Spanish", "year": 1776}}, {"type": "Feature", "geometry": {"type": "LineString", "coordinates": [[-29.33, 41.08], [-29.33, 41.08]]}, "properties": {"nationality": "Spanish", "year": 1779}}, {"type": "Feature", "geometry": {"type": "LineString", "coordinates": [[-117.09, 27.25], [-115.76, 27.0]]}, "properties": {"nationality": "Spanish", "year": 1793}}, {"type": "Feature", "geometry": {"type": "LineString", "coordinates": [[-33.8, 34.92], [-34.17, 35.23]]}, "properties": {"nationality": "Spanish", "year": 1778}}, {"type": "Feature", "geometry": {"type": "LineString", "coordinates": [[-11.38, 41.52], [-11.12, 41.57]]}, "properties": {"nationality": "Spanish", "year": 1779}}, {"type": "Feature", "geometry": {"type": "LineString", "coordinates": [[-49.7, 19.47], [-52.4, 18.95]]}, "properties": {"nationality": "Spanish", "year": 1770}}, {"type": "Feature", "geometry": {"type": "LineString", "coordinates": [[-28.72, 40.15], [-24.6, 41.45]]}, "properties": {"nationality": "Spanish", "year": 1793}}, {"type": "Feature", "geometry": {"type": "LineString", "coordinates": [[-25.25, -23.05], [-25.8, -23.07]]}, "properties": {"nationality": "Spanish", "year": 1778}}, {"type": "Feature", "geometry": {"type": "LineString", "coordinates": [[-20.92, -3.08], [-20.13, -1.5]]}, "properties": {"nationality": "Spanish", "year": 1769}}, {"type": "Feature", "geometry": {"type": "LineString", "coordinates": [[-25.09, -0.6], [-26.24, -0.28]]}, "properties": {"nationality": "Spanish", "year": 1772}}, {"type": "Feature", "geometry": {"type": "LineString", "coordinates": [[-21.05, -6.62], [-20.67, -4.55]]}, "properties": {"nationality": "Spanish", "year": 1777}}, {"type": "Feature", "geometry": {"type": "LineString", "coordinates": [[-56.38, 35.47], [-55.52, 35.82]]}, "properties": {"nationality": "Spanish", "year": 1794}}, {"type": "Feature", "geometry": {"type": "LineString", "coordinates": [[-22.5, 0.05], [-22.48, -0.95]]}, "properties": {"nationality": "Spanish", "year": 1776}}, {"type": "Feature", "geometry": {"type": "LineString", "coordinates": [[-20.28, 1.6], [-20.6, 1.3]]}, "properties": {"nationality": "Spanish", "year": 1771}}, {"type": "Feature", "geometry": {"type": "LineString", "coordinates": [[-113.12, 10.58], [-115.28, 11.08]]}, "properties": {"nationality": "Spanish", "year": 1783}}, {"type": "Feature", "geometry": {"type": "LineString", "coordinates": [[-73.8, 29.6], [-73.0, 28.92]]}, "properties": {"nationality": "Spanish", "year": 1794}}, {"type": "Feature", "geometry": {"type": "LineString", "coordinates": [[-37.15, 28.43], [-37.0, 29.25]]}, "properties": {"nationality": "Spanish", "year": 1769}}, {"type": "Feature", "geometry": {"type": "LineString", "coordinates": [[-71.65, 32.25], [-69.68, 32.88]]}, "properties": {"nationality": "Spanish", "year": 1770}}, {"type": "Feature", "geometry": {"type": "LineString", "coordinates": [[-83.07, -16.43], [-83.85, -17.63]]}, "properties": {"nationality": "Spanish", "year": 1768}}, {"type": "Feature", "geometry": {"type": "LineString", "coordinates": [[-28.2, 27.3], [-28.92, 27.93]]}, "properties": {"nationality": "Spanish", "year": 1778}}, {"type": "Feature", "geometry": {"type": "LineString", "coordinates": [[-48.58, -35.92], [-49.25, -36.22]]}, "properties": {"nationality": "Spanish", "year": 1782}}, {"type": "Feature", "geometry": {"type": "LineString", "coordinates": [[-20.3, 11.08], [-20.28, 10.88]]}, "properties": {"nationality": "Spanish", "year": 1768}}, {"type": "Feature", "geometry": {"type": "LineString", "coordinates": [[-28.48, 0.33], [-28.6, 1.12]]}, "properties": {"nationality": "Spanish", "year": 1779}}, {"type": "Feature", "geometry": {"type": "LineString", "coordinates": [[-40.74, 36.45], [-40.54, 36.6]]}, "properties": {"nationality": "Spanish", "year": 1794}}, {"type": "Feature", "geometry": {"type": "LineString", "coordinates": [[-93.95, -38.7], [-91.32, -38.28]]}, "properties": {"nationality": "Spanish", "year": 1771}}, {"type": "Feature", "geometry": {"type": "LineString", "coordinates": [[-28.18, -18.15], [-28.03, -18.13]]}, "properties": {"nationality": "Spanish", "year": 1778}}, {"type": "Feature", "geometry": {"type": "LineString", "coordinates": [[-16.4, 43.37], [-14.06, 43.27]]}, "properties": {"nationality": "Spanish", "year": 1775}}, {"type": "Feature", "geometry": {"type": "LineString", "coordinates": [[-46.82, -36.9], [-44.3, -36.62]]}, "properties": {"nationality": "Spanish", "year": 1781}}, {"type": "Feature", "geometry": {"type": "LineString", "coordinates": [[-32.9, 36.73], [-32.88, 37.62]]}, "properties": {"nationality": "Spanish", "year": 1777}}, {"type": "Feature", "geometry": {"type": "LineString", "coordinates": [[-22.48, 1.93], [-22.43, 1.1]]}, "properties": {"nationality": "Spanish", "year": 1768}}, {"type": "Feature", "geometry": {"type": "LineString", "coordinates": [[-23.51, 43.02], [-18.49, 43.47]]}, "properties": {"nationality": "Spanish", "year": 1772}}, {"type": "Feature", "geometry": {"type": "LineString", "coordinates": [[-39.2, 33.8], [-37.93, 33.77]]}, "properties": {"nationality": "Spanish", "year": 1771}}, {"type": "Feature", "geometry": {"type": "LineString", "coordinates": [[-66.48, 34.05], [-63.78, 35.23]]}, "properties": {"nationality": "Spanish", "year": 1770}}, {"type": "Feature", "geometry": {"type": "LineString", "coordinates": [[-28.75, -9.25], [-28.75, -6.62]]}, "properties": {"nationality": "Spanish", "year": 1778}}, {"type": "Feature", "geometry": {"type": "LineString", "coordinates": [[-20.65, 18.02], [-20.3, 16.23]]}, "properties": {"nationality": "Spanish", "year": 1776}}, {"type": "Feature", "geometry": {"type": "LineString", "coordinates": [[-16.39, 35.08], [-16.79, 34.28]]}, "properties": {"nationality": "Spanish", "year": 1787}}, {"type": "Feature", "geometry": {"type": "LineString", "coordinates": [[-89.52, -33.48], [-90.12, -33.5]]}, "properties": {"nationality": "Spanish", "year": 1778}}, {"type": "Feature", "geometry": {"type": "LineString", "coordinates": [[-44.78, -36.48], [-44.12, -35.97]]}, "properties": {"nationality": "Spanish", "year": 1771}}, {"type": "Feature", "geometry": {"type": "LineString", "coordinates": [[-20.28, 8.57], [-19.98, 7.33]]}, "properties": {"nationality": "Spanish", "year": 1768}}, {"type": "Feature", "geometry": {"type": "LineString", "coordinates": [[-60.35, 18.28], [-62.53, 18.18]]}, "properties": {"nationality": "Spanish", "year": 1767}}, {"type": "Feature", "geometry": {"type": "LineString", "coordinates": [[-17.6, 43.43], [-14.43, 43.33]]}, "properties": {"nationality": "Spanish", "year": 1777}}, {"type": "Feature", "geometry": {"type": "LineString", "coordinates": [[-89.1, 24.93], [-88.82, 25.03]]}, "properties": {"nationality": "Spanish", "year": 1794}}, {"type": "Feature", "geometry": {"type": "LineString", "coordinates": [[-84.38, 22.53], [-83.71, 22.93]]}, "properties": {"nationality": "Spanish", "year": 1767}}, {"type": "Feature", "geometry": {"type": "LineString", "coordinates": [[-49.87, 33.35], [-47.55, 34.35]]}, "properties": {"nationality": "Spanish", "year": 1775}}, {"type": "Feature", "geometry": {"type": "LineString", "coordinates": [[-26.13, 32.97], [-26.95, 33.98]]}, "properties": {"nationality": "Spanish", "year": 1777}}, {"type": "Feature", "geometry": {"type": "LineString", "coordinates": [[-28.67, -26.88], [-27.88, -26.07]]}, "properties": {"nationality": "Spanish", "year": 1779}}, {"type": "Feature", "geometry": {"type": "LineString", "coordinates": [[-19.39, 41.22], [-17.42, 42.57]]}, "properties": {"nationality": "Spanish", "year": 1793}}, {"type": "Feature", "geometry": {"type": "LineString", "coordinates": [[-74.02, 29.8], [-75.6, 29.8]]}, "properties": {"nationality": "Spanish", "year": 1794}}, {"type": "Feature", "geometry": {"type": "LineString", "coordinates": [[-33.65, 39.83], [-32.47, 39.85]]}, "properties": {"nationality": "Spanish", "year": 1779}}, {"type": "Feature", "geometry": {"type": "LineString", "coordinates": [[-33.3, 43.28], [-32.87, 43.03]]}, "properties": {"nationality": "Spanish", "year": 1775}}, {"type": "Feature", "geometry": {"type": "LineString", "coordinates": [[-31.15, -20.68], [-31.27, -20.72]]}, "properties": {"nationality": "Spanish", "year": 1776}}, {"type": "Feature", "geometry": {"type": "LineString", "coordinates": [[-9.97, 42.17], [-10.13, 42.3]]}, "properties": {"nationality": "Spanish", "year": 1779}}, {"type": "Feature", "geometry": {"type": "LineString", "coordinates": [[-35.48, 24.25], [-34.92, 24.93]]}, "properties": {"nationality": "Spanish", "year": 1848}}, {"type": "Feature", "geometry": {"type": "LineString", "coordinates": [[-137.2, 37.22], [-135.77, 37.38]]}, "properties": {"nationality": "Spanish", "year": 1797}}, {"type": "Feature", "geometry": {"type": "LineString", "coordinates": [[-60.05, 32.4], [-58.67, 32.9]]}, "properties": {"nationality": "Spanish", "year": 1794}}, {"type": "Feature", "geometry": {"type": "LineString", "coordinates": [[-9.63, 44.1], [-9.63, 44.1]]}, "properties": {"nationality": "Spanish", "year": 1779}}, {"type": "Feature", "geometry": {"type": "LineString", "coordinates": [[-29.48, 28.72], [-29.82, 26.43]]}, "properties": {"nationality": "Spanish", "year": 1788}}, {"type": "Feature", "geometry": {"type": "LineString", "coordinates": [[-36.01, 19.38], [-36.82, 21.2]]}, "properties": {"nationality": "Spanish", "year": 1772}}, {"type": "Feature", "geometry": {"type": "LineString", "coordinates": [[-34.37, 29.22], [-33.85, 31.25]]}, "properties": {"nationality": "Spanish", "year": 1778}}, {"type": "Feature", "geometry": {"type": "LineString", "coordinates": [[-37.77, -25.4], [-38.88, -26.05]]}, "properties": {"nationality": "Spanish", "year": 1776}}, {"type": "Feature", "geometry": {"type": "LineString", "coordinates": [[-51.82, -34.9], [-51.33, -33.98]]}, "properties": {"nationality": "Spanish", "year": 1776}}, {"type": "Feature", "geometry": {"type": "LineString", "coordinates": [[-27.69, 44.13], [-25.9, 44.47]]}, "properties": {"nationality": "Spanish", "year": 1791}}, {"type": "Feature", "geometry": {"type": "LineString", "coordinates": [[-43.02, -35.5], [-43.46, -35.48]]}, "properties": {"nationality": "Spanish", "year": 1768}}, {"type": "Feature", "geometry": {"type": "LineString", "coordinates": [[-30.9, 6.15], [-32.05, 7.33]]}, "properties": {"nationality": "Spanish", "year": 1772}}, {"type": "Feature", "geometry": {"type": "LineString", "coordinates": [[-20.65, 5.03], [-19.95, 4.53]]}, "properties": {"nationality": "Spanish", "year": 1772}}, {"type": "Feature", "geometry": {"type": "LineString", "coordinates": [[-49.37, -31.1], [-50.07, -32.55]]}, "properties": {"nationality": "Spanish", "year": 1776}}, {"type": "Feature", "geometry": {"type": "LineString", "coordinates": [[-36.56, 25.47], [-36.19, 26.62]]}, "properties": {"nationality": "Spanish", "year": 1788}}, {"type": "Feature", "geometry": {"type": "LineString", "coordinates": [[-33.67, 20.37], [-35.5, 19.97]]}, "properties": {"nationality": "Spanish", "year": 1792}}, {"type": "Feature", "geometry": {"type": "LineString", "coordinates": [[-28.49, 3.5], [-28.52, 5.07]]}, "properties": {"nationality": "Spanish", "year": 1793}}, {"type": "Feature", "geometry": {"type": "LineString", "coordinates": [[-42.17, 30.38], [-41.85, 31.42]]}, "properties": {"nationality": "Spanish", "year": 1772}}, {"type": "Feature", "geometry": {"type": "LineString", "coordinates": [[-150.63, 40.5], [-149.07, 40.35]]}, "properties": {"nationality": "Spanish", "year": 1780}}, {"type": "Feature", "geometry": {"type": "LineString", "coordinates": [[-10.45, 40.63], [-10.23, 41.52]]}, "properties": {"nationality": "Spanish", "year": 1779}}, {"type": "Feature", "geometry": {"type": "LineString", "coordinates": [[-33.85, 31.25], [-32.9, 33.6]]}, "properties": {"nationality": "Spanish", "year": 1778}}, {"type": "Feature", "geometry": {"type": "LineString", "coordinates": [[-43.85, 20.85], [-46.02, 19.53]]}, "properties": {"nationality": "Spanish", "year": 1767}}, {"type": "Feature", "geometry": {"type": "LineString", "coordinates": [[-28.32, -17.75], [-27.98, -18.83]]}, "properties": {"nationality": "Spanish", "year": 1777}}, {"type": "Feature", "geometry": {"type": "LineString", "coordinates": [[-17.99, 33.12], [-16.12, 30.68]]}, "properties": {"nationality": "Spanish", "year": 1792}}, {"type": "Feature", "geometry": {"type": "LineString", "coordinates": [[-19.5, 18.88], [-19.57, 16.18]]}, "properties": {"nationality": "Spanish", "year": 1792}}, {"type": "Feature", "geometry": {"type": "LineString", "coordinates": [[-43.95, -35.53], [-45.77, -34.95]]}, "properties": {"nationality": "Spanish", "year": 1772}}, {"type": "Feature", "geometry": {"type": "LineString", "coordinates": [[-44.28, -34.42], [-46.3, -34.88]]}, "properties": {"nationality": "Spanish", "year": 1792}}, {"type": "Feature", "geometry": {"type": "LineString", "coordinates": [[-11.12, 41.57], [-11.12, 41.57]]}, "properties": {"nationality": "Spanish", "year": 1779}}, {"type": "Feature", "geometry": {"type": "LineString", "coordinates": [[-28.32, -3.77], [-27.47, -1.53]]}, "properties": {"nationality": "Spanish", "year": 1776}}, {"type": "Feature", "geometry": {"type": "LineString", "coordinates": [[-20.52, -0.45], [-20.53, -1.42]]}, "properties": {"nationality": "Spanish", "year": 1785}}, {"type": "Feature", "geometry": {"type": "LineString", "coordinates": [[-12.61, 43.08], [-11.09, 42.6]]}, "properties": {"nationality": "Spanish", "year": 1778}}, {"type": "Feature", "geometry": {"type": "LineString", "coordinates": [[-24.18, 8.33], [-25.32, 9.3]]}, "properties": {"nationality": "Spanish", "year": 1777}}, {"type": "Feature", "geometry": {"type": "LineString", "coordinates": [[-24.43, -22.97], [-25.67, -22.23]]}, "properties": {"nationality": "Spanish", "year": 1776}}, {"type": "Feature", "geometry": {"type": "LineString", "coordinates": [[-74.12, -32.82], [-75.15, -30.9]]}, "properties": {"nationality": "Spanish", "year": 1774}}, {"type": "Feature", "geometry": {"type": "LineString", "coordinates": [[-32.73, -29.8], [-32.05, -29.7]]}, "properties": {"nationality": "Spanish", "year": 1771}}, {"type": "Feature", "geometry": {"type": "LineString", "coordinates": [[-36.77, -25.42], [-37.49, -26.33]]}, "properties": {"nationality": "Spanish", "year": 1794}}, {"type": "Feature", "geometry": {"type": "LineString", "coordinates": [[-22.97, 32.15], [-19.39, 34.03]]}, "properties": {"nationality": "Spanish", "year": 1781}}, {"type": "Feature", "geometry": {"type": "LineString", "coordinates": [[-54.25, -35.22], [-51.28, -35.33]]}, "properties": {"nationality": "Spanish", "year": 1778}}, {"type": "Feature", "geometry": {"type": "LineString", "coordinates": [[-20.2, -3.57], [-21.03, -4.65]]}, "properties": {"nationality": "Spanish", "year": 1777}}, {"type": "Feature", "geometry": {"type": "LineString", "coordinates": [[-27.15, 40.07], [-28.5, 40.13]]}, "properties": {"nationality": "Spanish", "year": 1778}}, {"type": "Feature", "geometry": {"type": "LineString", "coordinates": [[-14.82, 39.63], [-16.57, 37.82]]}, "properties": {"nationality": "Spanish", "year": 1776}}, {"type": "Feature", "geometry": {"type": "LineString", "coordinates": [[-43.48, 34.9], [-42.78, 34.9]]}, "properties": {"nationality": "Spanish", "year": 1794}}, {"type": "Feature", "geometry": {"type": "LineString", "coordinates": [[-74.75, 28.72], [-73.15, 29.23]]}, "properties": {"nationality": "Spanish", "year": 1776}}, {"type": "Feature", "geometry": {"type": "LineString", "coordinates": [[-28.82, 26.3], [-27.72, 26.83]]}, "properties": {"nationality": "Spanish", "year": 1778}}, {"type": "Feature", "geometry": {"type": "LineString", "coordinates": [[-56.54, 18.67], [-57.03, 19.62]]}, "properties": {"nationality": "Spanish", "year": 1796}}, {"type": "Feature", "geometry": {"type": "LineString", "coordinates": [[-52.58, -35.28], [-51.2, -34.77]]}, "properties": {"nationality": "Spanish", "year": 1775}}, {"type": "Feature", "geometry": {"type": "LineString", "coordinates": [[-19.35, 28.73], [-19.9, 26.73]]}, "properties": {"nationality": "Spanish", "year": 1794}}, {"type": "Feature", "geometry": {"type": "LineString", "coordinates": [[-57.12, 18.9], [-58.52, 18.17]]}, "properties": {"nationality": "Spanish", "year": 1774}}, {"type": "Feature", "geometry": {"type": "LineString", "coordinates": [[-56.77, 18.17], [-59.03, 18.0]]}, "properties": {"nationality": "Spanish", "year": 1776}}, {"type": "Feature", "geometry": {"type": "LineString", "coordinates": [[-42.41, 20.0], [-42.82, 19.28]]}, "properties": {"nationality": "Spanish", "year": 1776}}, {"type": "Feature", "geometry": {"type": "LineString", "coordinates": [[-26.93, 17.78], [-27.67, 19.47]]}, "properties": {"nationality": "Spanish", "year": 1778}}, {"type": "Feature", "geometry": {"type": "LineString", "coordinates": [[-47.9, -31.97], [-49.07, -31.87]]}, "properties": {"nationality": "Spanish", "year": 1777}}, {"type": "Feature", "geometry": {"type": "LineString", "coordinates": [[-25.1, 36.07], [-23.9, 37.48]]}, "properties": {"nationality": "Spanish", "year": 1789}}, {"type": "Feature", "geometry": {"type": "LineString", "coordinates": [[-111.3, -29.37], [-111.55, -28.53]]}, "properties": {"nationality": "Spanish", "year": 1771}}, {"type": "Feature", "geometry": {"type": "LineString", "coordinates": [[-28.97, 40.6], [-27.88, 40.67]]}, "properties": {"nationality": "Spanish", "year": 1779}}, {"type": "Feature", "geometry": {"type": "LineString", "coordinates": [[-9.88, 33.62], [-10.25, 33.37]]}, "properties": {"nationality": "Spanish", "year": 1776}}, {"type": "Feature", "geometry": {"type": "LineString", "coordinates": [[-58.78, 36.42], [-57.92, 37.93]]}, "properties": {"nationality": "Spanish", "year": 1772}}, {"type": "Feature", "geometry": {"type": "LineString", "coordinates": [[106.53, -4.67], [105.4, -5.88]]}, "properties": {"nationality": "Spanish", "year": 1816}}, {"type": "Feature", "geometry": {"type": "LineString", "coordinates": [[-32.05, -10.17], [-31.33, -9.13]]}, "properties": {"nationality": "Spanish", "year": 1778}}, {"type": "Feature", "geometry": {"type": "LineString", "coordinates": [[-24.52, -10.68], [-24.82, -11.52]]}, "properties": {"nationality": "Spanish", "year": 1776}}, {"type": "Feature", "geometry": {"type": "LineString", "coordinates": [[-20.32, 19.57], [-20.65, 16.63]]}, "properties": {"nationality": "Spanish", "year": 1772}}, {"type": "Feature", "geometry": {"type": "LineString", "coordinates": [[-18.62, 34.77], [-17.47, 34.2]]}, "properties": {"nationality": "Spanish", "year": 1794}}, {"type": "Feature", "geometry": {"type": "LineString", "coordinates": [[-35.71, 28.97], [-35.45, 29.73]]}, "properties": {"nationality": "Spanish", "year": 1778}}, {"type": "Feature", "geometry": {"type": "LineString", "coordinates": [[-26.27, 40.7], [-25.85, 40.7]]}, "properties": {"nationality": "Spanish", "year": 1779}}, {"type": "Feature", "geometry": {"type": "LineString", "coordinates": [[-51.52, -37.02], [-52.48, -36.65]]}, "properties": {"nationality": "Spanish", "year": 1769}}, {"type": "Feature", "geometry": {"type": "LineString", "coordinates": [[-51.98, -35.3], [-50.3, -34.6]]}, "properties": {"nationality": "Spanish", "year": 1767}}, {"type": "Feature", "geometry": {"type": "LineString", "coordinates": [[-30.57, 5.63], [-31.55, 6.23]]}, "properties": {"nationality": "Spanish", "year": 1770}}, {"type": "Feature", "geometry": {"type": "LineString", "coordinates": [[-21.68, 10.98], [-21.82, 10.05]]}, "properties": {"nationality": "Spanish", "year": 1768}}, {"type": "Feature", "geometry": {"type": "LineString", "coordinates": [[-35.0, 38.03], [-34.38, 38.78]]}, "properties": {"nationality": "Spanish", "year": 1778}}, {"type": "Feature", "geometry": {"type": "LineString", "coordinates": [[-46.87, -33.38], [-45.95, -34.05]]}, "properties": {"nationality": "Spanish", "year": 1772}}, {"type": "Feature", "geometry": {"type": "LineString", "coordinates": [[-36.55, 36.85], [-34.33, 37.07]]}, "properties": {"nationality": "Spanish", "year": 1772}}, {"type": "Feature", "geometry": {"type": "LineString", "coordinates": [[-37.72, -30.22], [-36.9, -29.13]]}, "properties": {"nationality": "Spanish", "year": 1767}}, {"type": "Feature", "geometry": {"type": "LineString", "coordinates": [[106.53, -20.58], [106.82, -19.78]]}, "properties": {"nationality": "Spanish", "year": 1777}}, {"type": "Feature", "geometry": {"type": "LineString", "coordinates": [[-7.32, 35.8], [-7.17, 36.1]]}, "properties": {"nationality": "Spanish", "year": 1779}}, {"type": "Feature", "geometry": {"type": "LineString", "coordinates": [[-51.97, -35.57], [-47.9, -35.35]]}, "properties": {"nationality": "Spanish", "year": 1784}}, {"type": "Feature", "geometry": {"type": "LineString", "coordinates": [[-42.27, 40.13], [-42.34, 40.58]]}, "properties": {"nationality": "Spanish", "year": 1796}}, {"type": "Feature", "geometry": {"type": "LineString", "coordinates": [[-32.48, 11.87], [-33.33, 13.98]]}, "properties": {"nationality": "Spanish", "year": 1772}}, {"type": "Feature", "geometry": {"type": "LineString", "coordinates": [[-41.59, 20.38], [-42.69, 20.17]]}, "properties": {"nationality": "Spanish", "year": 1793}}, {"type": "Feature", "geometry": {"type": "LineString", "coordinates": [[-50.9, 18.53], [-53.09, 18.15]]}, "properties": {"nationality": "Spanish", "year": 1788}}, {"type": "Feature", "geometry": {"type": "LineString", "coordinates": [[-41.39, -26.85], [-42.32, -26.85]]}, "properties": {"nationality": "Spanish", "year": 1776}}, {"type": "Feature", "geometry": {"type": "LineString", "coordinates": [[-72.29, 32.07], [-70.12, 32.8]]}, "properties": {"nationality": "Spanish", "year": 1795}}, {"type": "Feature", "geometry": {"type": "LineString", "coordinates": [[-30.75, 40.1], [-24.8, 40.13]]}, "properties": {"nationality": "Spanish", "year": 1778}}, {"type": "Feature", "geometry": {"type": "LineString", "coordinates": [[-13.05, 43.68], [-14.75, 43.62]]}, "properties": {"nationality": "Spanish", "year": 1770}}, {"type": "Feature", "geometry": {"type": "LineString", "coordinates": [[-29.03, -19.73], [-30.3, -21.1]]}, "properties": {"nationality": "Spanish", "year": 1830}}, {"type": "Feature", "geometry": {"type": "LineString", "coordinates": [[-39.07, -37.55], [-37.02, -37.72]]}, "properties": {"nationality": "Spanish", "year": 1786}}, {"type": "Feature", "geometry": {"type": "LineString", "coordinates": [[-28.47, 28.33], [-29.25, 29.12]]}, "properties": {"nationality": "Spanish", "year": 1778}}, {"type": "Feature", "geometry": {"type": "LineString", "coordinates": [[-28.27, -20.2], [-24.25, -20.37]]}, "properties": {"nationality": "Spanish", "year": 1776}}, {"type": "Feature", "geometry": {"type": "LineString", "coordinates": [[-28.05, -29.55], [-26.38, -28.8]]}, "properties": {"nationality": "Spanish", "year": 1778}}, {"type": "Feature", "geometry": {"type": "LineString", "coordinates": [[-10.17, 36.17], [-9.97, 36.18]]}, "properties": {"nationality": "Spanish", "year": 1772}}, {"type": "Feature", "geometry": {"type": "LineString", "coordinates": [[-43.4, 22.08], [-44.32, 21.72]]}, "properties": {"nationality": "Spanish", "year": 1786}}, {"type": "Feature", "geometry": {"type": "LineString", "coordinates": [[-42.07, 32.02], [-40.95, 32.33]]}, "properties": {"nationality": "Spanish", "year": 1787}}, {"type": "Feature", "geometry": {"type": "LineString", "coordinates": [[-19.85, 7.67], [-19.17, 6.97]]}, "properties": {"nationality": "Spanish", "year": 1771}}, {"type": "Feature", "geometry": {"type": "LineString", "coordinates": [[-11.0, 43.07], [-11.33, 42.48]]}, "properties": {"nationality": "Spanish", "year": 1777}}, {"type": "Feature", "geometry": {"type": "LineString", "coordinates": [[-32.62, -9.95], [-33.19, -10.83]]}, "properties": {"nationality": "Spanish", "year": 1797}}, {"type": "Feature", "geometry": {"type": "LineString", "coordinates": [[-28.87, -9.28], [-28.03, -7.83]]}, "properties": {"nationality": "Spanish", "year": 1778}}, {"type": "Feature", "geometry": {"type": "LineString", "coordinates": [[-16.28, 43.27], [-13.81, 43.2]]}, "properties": {"nationality": "Spanish", "year": 1775}}, {"type": "Feature", "geometry": {"type": "LineString", "coordinates": [[-27.38, -19.42], [-26.88, -17.77]]}, "properties": {"nationality": "Spanish", "year": 1778}}, {"type": "Feature", "geometry": {"type": "LineString", "coordinates": [[-34.66, -27.14], [-34.07, -26.47]]}, "properties": {"nationality": "Spanish", "year": 1786}}, {"type": "Feature", "geometry": {"type": "LineString", "coordinates": [[-38.75, -32.38], [-41.28, -33.82]]}, "properties": {"nationality": "Spanish", "year": 1787}}, {"type": "Feature", "geometry": {"type": "LineString", "coordinates": [[-32.95, -30.65], [-30.75, -29.32]]}, "properties": {"nationality": "Spanish", "year": 1774}}, {"type": "Feature", "geometry": {"type": "LineString", "coordinates": [[-73.28, 20.68], [-74.8, 21.03]]}, "properties": {"nationality": "Spanish", "year": 1772}}, {"type": "Feature", "geometry": {"type": "LineString", "coordinates": [[-86.92, -54.46], [-86.42, -54.62]]}, "properties": {"nationality": "Spanish", "year": 1784}}, {"type": "Feature", "geometry": {"type": "LineString", "coordinates": [[-13.27, 40.88], [-15.4, 39.23]]}, "properties": {"nationality": "Spanish", "year": 1773}}, {"type": "Feature", "geometry": {"type": "LineString", "coordinates": [[-45.48, -26.07], [-44.62, -25.83]]}, "properties": {"nationality": "Spanish", "year": 1778}}, {"type": "Feature", "geometry": {"type": "LineString", "coordinates": [[-49.01, 39.58], [-46.63, 40.1]]}, "properties": {"nationality": "Spanish", "year": 1766}}, {"type": "Feature", "geometry": {"type": "LineString", "coordinates": [[-45.99, 31.85], [-44.17, 32.43]]}, "properties": {"nationality": "Spanish", "year": 1788}}, {"type": "Feature", "geometry": {"type": "LineString", "coordinates": [[-17.28, 41.67], [-18.58, 39.75]]}, "properties": {"nationality": "Spanish", "year": 1776}}, {"type": "Feature", "geometry": {"type": "LineString", "coordinates": [[-25.02, -20.55], [-26.46, -20.63]]}, "properties": {"nationality": "Spanish", "year": 1776}}, {"type": "Feature", "geometry": {"type": "LineString", "coordinates": [[-16.67, 40.58], [-17.97, 39.05]]}, "properties": {"nationality": "Spanish", "year": 1777}}, {"type": "Feature", "geometry": {"type": "LineString", "coordinates": [[-40.68, -31.33], [-39.33, -31.22]]}, "properties": {"nationality": "Spanish", "year": 1778}}, {"type": "Feature", "geometry": {"type": "LineString", "coordinates": [[-121.44, 22.05], [-122.51, 22.55]]}, "properties": {"nationality": "Spanish", "year": 1792}}, {"type": "Feature", "geometry": {"type": "LineString", "coordinates": [[-56.67, 37.68], [-52.67, 37.78]]}, "properties": {"nationality": "Spanish", "year": 1796}}, {"type": "Feature", "geometry": {"type": "LineString", "coordinates": [[-74.95, 29.35], [-74.82, 29.37]]}, "properties": {"nationality": "Spanish", "year": 1789}}, {"type": "Feature", "geometry": {"type": "LineString", "coordinates": [[-61.28, 32.38], [-61.62, 31.52]]}, "properties": {"nationality": "Spanish", "year": 1794}}, {"type": "Feature", "geometry": {"type": "LineString", "coordinates": [[-16.22, 39.15], [-13.63, 38.65]]}, "properties": {"nationality": "Spanish", "year": 1778}}, {"type": "Feature", "geometry": {"type": "LineString", "coordinates": [[-50.23, -35.22], [-51.9, -34.92]]}, "properties": {"nationality": "Spanish", "year": 1782}}, {"type": "Feature", "geometry": {"type": "LineString", "coordinates": [[-74.75, 32.02], [-72.82, 33.27]]}, "properties": {"nationality": "Spanish", "year": 1790}}, {"type": "Feature", "geometry": {"type": "LineString", "coordinates": [[-40.87, -30.5], [-39.6, -30.0]]}, "properties": {"nationality": "Spanish", "year": 1798}}, {"type": "Feature", "geometry": {"type": "LineString", "coordinates": [[-28.7, 27.05], [-30.3, 26.27]]}, "properties": {"nationality": "Spanish", "year": 1765}}, {"type": "Feature", "geometry": {"type": "LineString", "coordinates": [[-31.72, 41.98], [-31.87, 41.95]]}, "properties": {"nationality": "Spanish", "year": 1796}}, {"type": "Feature", "geometry": {"type": "LineString", "coordinates": [[-25.45, -9.97], [-26.27, -12.08]]}, "properties": {"nationality": "Spanish", "year": 1785}}, {"type": "Feature", "geometry": {"type": "LineString", "coordinates": [[-34.88, 40.23], [-33.68, 40.0]]}, "properties": {"nationality": "Spanish", "year": 1789}}, {"type": "Feature", "geometry": {"type": "LineString", "coordinates": [[-34.48, 33.87], [-33.22, 33.73]]}, "properties": {"nationality": "Spanish", "year": 1786}}, {"type": "Feature", "geometry": {"type": "LineString", "coordinates": [[-17.63, 37.75], [-19.0, 36.32]]}, "properties": {"nationality": "Spanish", "year": 1786}}, {"type": "Feature", "geometry": {"type": "LineString", "coordinates": [[-43.04, 32.02], [-41.9, 32.12]]}, "properties": {"nationality": "Spanish", "year": 1794}}, {"type": "Feature", "geometry": {"type": "LineString", "coordinates": [[-54.68, 33.8], [-53.92, 34.33]]}, "properties": {"nationality": "Spanish", "year": 1794}}, {"type": "Feature", "geometry": {"type": "LineString", "coordinates": [[-24.7, 44.93], [-24.92, 45.08]]}, "properties": {"nationality": "Spanish", "year": 1791}}, {"type": "Feature", "geometry": {"type": "LineString", "coordinates": [[-47.76, -35.4], [-50.46, -35.5]]}, "properties": {"nationality": "Spanish", "year": 1778}}, {"type": "Feature", "geometry": {"type": "LineString", "coordinates": [[-58.39, 10.98], [-60.5, 10.67]]}, "properties": {"nationality": "Spanish", "year": 1793}}, {"type": "Feature", "geometry": {"type": "LineString", "coordinates": [[-46.82, 39.2], [-45.22, 39.52]]}, "properties": {"nationality": "Spanish", "year": 1775}}, {"type": "Feature", "geometry": {"type": "LineString", "coordinates": [[-10.87, 44.28], [-9.88, 44.28]]}, "properties": {"nationality": "Spanish", "year": 1764}}, {"type": "Feature", "geometry": {"type": "LineString", "coordinates": [[-18.78, 22.75], [-19.88, 20.57]]}, "properties": {"nationality": "Spanish", "year": 1789}}, {"type": "Feature", "geometry": {"type": "LineString", "coordinates": [[-16.47, 43.25], [-14.35, 43.15]]}, "properties": {"nationality": "Spanish", "year": 1776}}, {"type": "Feature", "geometry": {"type": "LineString", "coordinates": [[-11.0, 43.35], [-9.68, 43.36]]}, "properties": {"nationality": "Spanish", "year": 1776}}, {"type": "Feature", "geometry": {"type": "LineString", "coordinates": [[-38.91, 23.2], [-40.31, 22.02]]}, "properties": {"nationality": "Spanish", "year": 1769}}, {"type": "Feature", "geometry": {"type": "LineString", "coordinates": [[-20.68, 20.72], [-21.23, 18.33]]}, "properties": {"nationality": "Spanish", "year": 1774}}, {"type": "Feature", "geometry": {"type": "LineString", "coordinates": [[-163.78, 12.32], [-166.52, 12.37]]}, "properties": {"nationality": "Spanish", "year": 1783}}, {"type": "Feature", "geometry": {"type": "LineString", "coordinates": [[-37.55, 27.73], [-36.3, 28.95]]}, "properties": {"nationality": "Spanish", "year": 1765}}, {"type": "Feature", "geometry": {"type": "LineString", "coordinates": [[-59.1, 37.47], [-55.52, 38.32]]}, "properties": {"nationality": "Spanish", "year": 1788}}, {"type": "Feature", "geometry": {"type": "LineString", "coordinates": [[-53.02, 37.67], [-50.42, 38.55]]}, "properties": {"nationality": "Spanish", "year": 1778}}, {"type": "Feature", "geometry": {"type": "LineString", "coordinates": [[-38.5, 25.55], [-38.75, 26.77]]}, "properties": {"nationality": "Spanish", "year": 1773}}, {"type": "Feature", "geometry": {"type": "LineString", "coordinates": [[-53.4, 18.43], [-55.68, 18.12]]}, "properties": {"nationality": "Spanish", "year": 1777}}, {"type": "Feature", "geometry": {"type": "LineString", "coordinates": [[-47.32, -27.97], [-47.5, -29.88]]}, "properties": {"nationality": "Spanish", "year": 1776}}, {"type": "Feature", "geometry": {"type": "LineString", "coordinates": [[-47.93, -31.13], [-48.38, -31.0]]}, "properties": {"nationality": "Spanish", "year": 1777}}, {"type": "Feature", "geometry": {"type": "LineString", "coordinates": [[-36.7, 33.57], [-34.87, 35.13]]}, "properties": {"nationality": "Spanish", "year": 1778}}, {"type": "Feature", "geometry": {"type": "LineString", "coordinates": [[-34.1, 35.55], [-34.85, 36.93]]}, "properties": {"nationality": "Spanish", "year": 1778}}, {"type": "Feature", "geometry": {"type": "LineString", "coordinates": [[-37.27, -30.05], [-38.92, -29.77]]}, "properties": {"nationality": "Spanish", "year": 1794}}, {"type": "Feature", "geometry": {"type": "LineString", "coordinates": [[-28.72, -9.45], [-30.03, -11.48]]}, "properties": {"nationality": "Spanish", "year": 1789}}, {"type": "Feature", "geometry": {"type": "LineString", "coordinates": [[-18.85, 34.7], [-19.82, 33.5]]}, "properties": {"nationality": "Spanish", "year": 1791}}, {"type": "Feature", "geometry": {"type": "LineString", "coordinates": [[-38.15, -31.12], [-36.83, -30.15]]}, "properties": {"nationality": "Spanish", "year": 1778}}, {"type": "Feature", "geometry": {"type": "LineString", "coordinates": [[-32.92, -17.5], [-33.07, -16.2]]}, "properties": {"nationality": "Spanish", "year": 1796}}, {"type": "Feature", "geometry": {"type": "LineString", "coordinates": [[-20.32, 6.48], [-19.53, 5.45]]}, "properties": {"nationality": "Spanish", "year": 1780}}, {"type": "Feature", "geometry": {"type": "LineString", "coordinates": [[-56.72, -55.65], [-59.47, -57.13]]}, "properties": {"nationality": "Spanish", "year": 1772}}, {"type": "Feature", "geometry": {"type": "LineString", "coordinates": [[-19.03, 9.87], [-18.83, 9.28]]}, "properties": {"nationality": "Spanish", "year": 1776}}, {"type": "Feature", "geometry": {"type": "LineString", "coordinates": [[-20.25, 10.6], [-20.22, 9.97]]}, "properties": {"nationality": "Spanish", "year": 1776}}, {"type": "Feature", "geometry": {"type": "LineString", "coordinates": [[-22.02, -2.83], [-21.25, -3.0]]}, "properties": {"nationality": "Spanish", "year": 1768}}, {"type": "Feature", "geometry": {"type": "LineString", "coordinates": [[-20.35, -3.38], [-21.5, -5.05]]}, "properties": {"nationality": "Spanish", "year": 1790}}, {"type": "Feature", "geometry": {"type": "LineString", "coordinates": [[-82.2, -15.2], [-82.28, -15.22]]}, "properties": {"nationality": "Spanish", "year": 1778}}, {"type": "Feature", "geometry": {"type": "LineString", "coordinates": [[-22.28, 4.15], [-22.4, 3.28]]}, "properties": {"nationality": "Spanish", "year": 1778}}, {"type": "Feature", "geometry": {"type": "LineString", "coordinates": [[-22.77, 44.2], [-19.63, 43.78]]}, "properties": {"nationality": "Spanish", "year": 1769}}, {"type": "Feature", "geometry": {"type": "LineString", "coordinates": [[-81.16, 24.27], [-79.7, 26.97]]}, "properties": {"nationality": "Spanish", "year": 1794}}, {"type": "Feature", "geometry": {"type": "LineString", "coordinates": [[-41.25, -31.55], [-42.2, -32.22]]}, "properties": {"nationality": "Spanish", "year": 1774}}, {"type": "Feature", "geometry": {"type": "LineString", "coordinates": [[76.33, -37.92], [80.48, -37.75]]}, "properties": {"nationality": "Spanish", "year": 1833}}, {"type": "Feature", "geometry": {"type": "LineString", "coordinates": [[-18.85, 30.55], [-18.67, 28.63]]}, "properties": {"nationality": "Spanish", "year": 1778}}, {"type": "Feature", "geometry": {"type": "LineString", "coordinates": [[-25.75, 1.25], [-26.8, -1.35]]}, "properties": {"nationality": "Spanish", "year": 1794}}, {"type": "Feature", "geometry": {"type": "LineString", "coordinates": [[-14.53, 40.02], [-15.5, 37.85]]}, "properties": {"nationality": "Spanish", "year": 1789}}, {"type": "Feature", "geometry": {"type": "LineString", "coordinates": [[-39.23, 21.6], [-41.52, 20.87]]}, "properties": {"nationality": "Spanish", "year": 1765}}, {"type": "Feature", "geometry": {"type": "LineString", "coordinates": [[-26.97, -15.93], [-26.75, -13.62]]}, "properties": {"nationality": "Spanish", "year": 1786}}, {"type": "Feature", "geometry": {"type": "LineString", "coordinates": [[-10.15, 33.5], [-11.17, 32.48]]}, "properties": {"nationality": "Spanish", "year": 1776}}, {"type": "Feature", "geometry": {"type": "LineString", "coordinates": [[-47.97, -36.6], [-49.02, -36.1]]}, "properties": {"nationality": "Spanish", "year": 1786}}, {"type": "Feature", "geometry": {"type": "LineString", "coordinates": [[-36.25, -26.83], [-34.85, -26.13]]}, "properties": {"nationality": "Spanish", "year": 1776}}, {"type": "Feature", "geometry": {"type": "LineString", "coordinates": [[-64.54, 34.27], [-61.32, 34.93]]}, "properties": {"nationality": "Spanish", "year": 1788}}, {"type": "Feature", "geometry": {"type": "LineString", "coordinates": [[-42.34, -34.58], [-45.1, -34.95]]}, "properties": {"nationality": "Spanish", "year": 1776}}, {"type": "Feature", "geometry": {"type": "LineString", "coordinates": [[121.87, 10.52], [122.22, 9.73]]}, "properties": {"nationality": "Spanish", "year": 1829}}, {"type": "Feature", "geometry": {"type": "LineString", "coordinates": [[-40.05, 41.68], [-38.96, 41.72]]}, "properties": {"nationality": "Spanish", "year": 1790}}, {"type": "Feature", "geometry": {"type": "LineString", "coordinates": [[-49.13, -36.2], [-49.47, -35.45]]}, "properties": {"nationality": "Spanish", "year": 1771}}, {"type": "Feature", "geometry": {"type": "LineString", "coordinates": [[-68.8, 30.48], [-65.65, 29.67]]}, "properties": {"nationality": "Spanish", "year": 1793}}, {"type": "Feature", "geometry": {"type": "LineString", "coordinates": [[-26.72, -20.73], [-27.03, -19.88]]}, "properties": {"nationality": "Spanish", "year": 1787}}, {"type": "Feature", "geometry": {"type": "LineString", "coordinates": [[-34.62, -27.57], [-33.17, -26.42]]}, "properties": {"nationality": "Spanish", "year": 1778}}, {"type": "Feature", "geometry": {"type": "LineString", "coordinates": [[-9.03, 36.15], [-9.9, 36.33]]}, "properties": {"nationality": "Spanish", "year": 1779}}, {"type": "Feature", "geometry": {"type": "LineString", "coordinates": [[-21.5, 25.52], [-23.8, 24.73]]}, "properties": {"nationality": "Spanish", "year": 1794}}, {"type": "Feature", "geometry": {"type": "LineString", "coordinates": [[-71.55, 28.57], [-71.18, 28.47]]}, "properties": {"nationality": "Spanish", "year": 1794}}, {"type": "Feature", "geometry": {"type": "LineString", "coordinates": [[-25.52, 40.27], [-28.42, 40.03]]}, "properties": {"nationality": "Spanish", "year": 1779}}, {"type": "Feature", "geometry": {"type": "LineString", "coordinates": [[-43.1, 32.52], [-41.32, 34.65]]}, "properties": {"nationality": "Spanish", "year": 1782}}, {"type": "Feature", "geometry": {"type": "LineString", "coordinates": [[-26.87, 0.83], [-27.35, 0.39]]}, "properties": {"nationality": "Spanish", "year": 1785}}, {"type": "Feature", "geometry": {"type": "LineString", "coordinates": [[-38.2, 21.07], [-40.26, 20.55]]}, "properties": {"nationality": "Spanish", "year": 1776}}, {"type": "Feature", "geometry": {"type": "LineString", "coordinates": [[-51.05, 39.3], [-50.47, 39.35]]}, "properties": {"nationality": "Spanish", "year": 1787}}, {"type": "Feature", "geometry": {"type": "LineString", "coordinates": [[-52.45, 18.33], [-54.25, 18.18]]}, "properties": {"nationality": "Spanish", "year": 1766}}, {"type": "Feature", "geometry": {"type": "LineString", "coordinates": [[-32.35, -29.08], [-34.42, -30.42]]}, "properties": {"nationality": "Spanish", "year": 1768}}, {"type": "Feature", "geometry": {"type": "LineString", "coordinates": [[-20.02, 2.52], [-20.52, 1.68]]}, "properties": {"nationality": "Spanish", "year": 1788}}, {"type": "Feature", "geometry": {"type": "LineString", "coordinates": [[-32.8, 26.97], [-35.08, 25.55]]}, "properties": {"nationality": "Spanish", "year": 1770}}, {"type": "Feature", "geometry": {"type": "LineString", "coordinates": [[-47.53, 19.68], [-50.35, 19.0]]}, "properties": {"nationality": "Spanish", "year": 1778}}, {"type": "Feature", "geometry": {"type": "LineString", "coordinates": [[-79.66, 28.33], [-78.9, 28.77]]}, "properties": {"nationality": "Spanish", "year": 1768}}, {"type": "Feature", "geometry": {"type": "LineString", "coordinates": [[-58.08, 21.28], [-58.72, 21.0]]}, "properties": {"nationality": "Spanish", "year": 1764}}, {"type": "Feature", "geometry": {"type": "LineString", "coordinates": [[-34.78, 41.0], [-30.66, 41.27]]}, "properties": {"nationality": "Spanish", "year": 1773}}, {"type": "Feature", "geometry": {"type": "LineString", "coordinates": [[-30.88, 40.08], [-32.9, 40.1]]}, "properties": {"nationality": "Spanish", "year": 1778}}, {"type": "Feature", "geometry": {"type": "LineString", "coordinates": [[-33.73, -15.52], [-34.02, -17.28]]}, "properties": {"nationality": "Spanish", "year": 1776}}, {"type": "Feature", "geometry": {"type": "LineString", "coordinates": [[-19.98, -0.01], [-20.5, -0.67]]}, "properties": {"nationality": "Spanish", "year": 1776}}, {"type": "Feature", "geometry": {"type": "LineString", "coordinates": [[-18.61, 35.72], [-18.15, 36.78]]}, "properties": {"nationality": "Spanish", "year": 1782}}, {"type": "Feature", "geometry": {"type": "LineString", "coordinates": [[-16.9, 38.52], [-18.9, 36.4]]}, "properties": {"nationality": "Spanish", "year": 1773}}, {"type": "Feature", "geometry": {"type": "LineString", "coordinates": [[-41.7, -35.43], [-39.57, -35.43]]}, "properties": {"nationality": "Spanish", "year": 1768}}, {"type": "Feature", "geometry": {"type": "LineString", "coordinates": [[-53.72, -35.13], [-53.02, -35.18]]}, "properties": {"nationality": "Spanish", "year": 1779}}, {"type": "Feature", "geometry": {"type": "LineString", "coordinates": [[-35.03, 27.87], [-33.95, 30.02]]}, "properties": {"nationality": "Spanish", "year": 1793}}, {"type": "Feature", "geometry": {"type": "LineString", "coordinates": [[-39.33, -30.58], [-38.2, -29.32]]}, "properties": {"nationality": "Spanish", "year": 1770}}, {"type": "Feature", "geometry": {"type": "LineString", "coordinates": [[-20.79, 1.37], [-20.79, 0.55]]}, "properties": {"nationality": "Spanish", "year": 1793}}, {"type": "Feature", "geometry": {"type": "LineString", "coordinates": [[-28.08, -18.85], [-28.47, -17.77]]}, "properties": {"nationality": "Spanish", "year": 1778}}, {"type": "Feature", "geometry": {"type": "LineString", "coordinates": [[-52.94, 38.7], [-50.44, 39.23]]}, "properties": {"nationality": "Spanish", "year": 1788}}, {"type": "Feature", "geometry": {"type": "LineString", "coordinates": [[-54.15, 30.38], [-51.96, 31.15]]}, "properties": {"nationality": "Spanish", "year": 1786}}, {"type": "Feature", "geometry": {"type": "LineString", "coordinates": [[-12.15, 38.22], [-12.58, 38.17]]}, "properties": {"nationality": "Spanish", "year": 1790}}, {"type": "Feature", "geometry": {"type": "LineString", "coordinates": [[-77.09, -52.03], [-76.78, -51.32]]}, "properties": {"nationality": "Spanish", "year": 1789}}, {"type": "Feature", "geometry": {"type": "LineString", "coordinates": [[-48.07, -32.27], [-47.47, -32.87]]}, "properties": {"nationality": "Spanish", "year": 1777}}, {"type": "Feature", "geometry": {"type": "LineString", "coordinates": [[-16.48, 26.37], [-17.43, 25.23]]}, "properties": {"nationality": "Spanish", "year": 1785}}, {"type": "Feature", "geometry": {"type": "LineString", "coordinates": [[-8.36, 43.36], [-8.36, 43.36]]}, "properties": {"nationality": "Spanish", "year": 1778}}, {"type": "Feature", "geometry": {"type": "LineString", "coordinates": [[-18.9, 41.95], [-20.15, 43.05]]}, "properties": {"nationality": "Spanish", "year": 1779}}, {"type": "Feature", "geometry": {"type": "LineString", "coordinates": [[123.57, 12.75], [123.55, 12.77]]}, "properties": {"nationality": "Spanish", "year": 1829}}, {"type": "Feature", "geometry": {"type": "LineString", "coordinates": [[-23.2, -18.25], [-22.68, -18.08]]}, "properties": {"nationality": "Spanish", "year": 1776}}, {"type": "Feature", "geometry": {"type": "LineString", "coordinates": [[-7.88, 36.72], [-8.65, 36.75]]}, "properties": {"nationality": "Spanish", "year": 1779}}, {"type": "Feature", "geometry": {"type": "LineString", "coordinates": [[-20.22, 9.97], [-20.32, 9.97]]}, "properties": {"nationality": "Spanish", "year": 1776}}, {"type": "Feature", "geometry": {"type": "LineString", "coordinates": [[-23.7, -8.68], [-24.13, -10.77]]}, "properties": {"nationality": "Spanish", "year": 1775}}, {"type": "Feature", "geometry": {"type": "LineString", "coordinates": [[-38.62, -31.97], [-37.65, -29.57]]}, "properties": {"nationality": "Spanish", "year": 1789}}, {"type": "Feature", "geometry": {"type": "LineString", "coordinates": [[83.13, 4.4], [82.95, 2.0]]}, "properties": {"nationality": "Spanish", "year": 1819}}, {"type": "Feature", "geometry": {"type": "LineString", "coordinates": [[-14.34, 43.53], [-12.13, 43.28]]}, "properties": {"nationality": "Spanish", "year": 1778}}, {"type": "Feature", "geometry": {"type": "LineString", "coordinates": [[-91.85, -32.3], [-92.93, -32.25]]}, "properties": {"nationality": "Spanish", "year": 1772}}, {"type": "Feature", "geometry": {"type": "LineString", "coordinates": [[-43.57, -29.07], [-44.1, -28.48]]}, "properties": {"nationality": "Spanish", "year": 1778}}, {"type": "Feature", "geometry": {"type": "LineString", "coordinates": [[-84.47, 23.78], [-84.5, 24.57]]}, "properties": {"nationality": "Spanish", "year": 1794}}, {"type": "Feature", "geometry": {"type": "LineString", "coordinates": [[-69.22, 28.97], [-66.08, 29.15]]}, "properties": {"nationality": "Spanish", "year": 1786}}, {"type": "Feature", "geometry": {"type": "LineString", "coordinates": [[-18.52, 2.75], [-19.32, 4.42]]}, "properties": {"nationality": "Spanish", "year": 1778}}, {"type": "Feature", "geometry": {"type": "LineString", "coordinates": [[-84.22, -47.38], [-84.12, -44.78]]}, "properties": {"nationality": "Spanish", "year": 1774}}, {"type": "Feature", "geometry": {"type": "LineString", "coordinates": [[120.78, 12.53], [120.35, 12.43]]}, "properties": {"nationality": "Spanish", "year": 1829}}, {"type": "Feature", "geometry": {"type": "LineString", "coordinates": [[-53.29, -36.28], [-54.09, -35.92]]}, "properties": {"nationality": "Spanish", "year": 1769}}, {"type": "Feature", "geometry": {"type": "LineString", "coordinates": [[-46.33, -32.22], [-47.1, -32.87]]}, "properties": {"nationality": "Spanish", "year": 1777}}, {"type": "Feature", "geometry": {"type": "LineString", "coordinates": [[-32.82, 29.75], [-32.23, 31.08]]}, "properties": {"nationality": "Spanish", "year": 1778}}, {"type": "Feature", "geometry": {"type": "LineString", "coordinates": [[-30.9, -17.83], [-31.47, -16.9]]}, "properties": {"nationality": "Spanish", "year": 1778}}, {"type": "Feature", "geometry": {"type": "LineString", "coordinates": [[-69.62, 34.92], [-67.42, 34.55]]}, "properties": {"nationality": "Spanish", "year": 1793}}, {"type": "Feature", "geometry": {"type": "LineString", "coordinates": [[-17.6, 28.32], [-16.7, 28.58]]}, "properties": {"nationality": "Spanish", "year": 1793}}, {"type": "Feature", "geometry": {"type": "LineString", "coordinates": [[-22.51, 3.52], [-22.54, 3.3]]}, "properties": {"nationality": "Spanish", "year": 1785}}, {"type": "Feature", "geometry": {"type": "LineString", "coordinates": [[-44.85, 35.97], [-41.95, 37.45]]}, "properties": {"nationality": "Spanish", "year": 1769}}, {"type": "Feature", "geometry": {"type": "LineString", "coordinates": [[-28.3, -28.8], [-26.6, -27.02]]}, "properties": {"nationality": "Spanish", "year": 1778}}, {"type": "Feature", "geometry": {"type": "LineString", "coordinates": [[-56.22, -44.7], [-55.78, -41.75]]}, "properties": {"nationality": "Spanish", "year": 1774}}, {"type": "Feature", "geometry": {"type": "LineString", "coordinates": [[-17.98, 38.08], [-18.13, 37.17]]}, "properties": {"nationality": "Spanish", "year": 1765}}, {"type": "Feature", "geometry": {"type": "LineString", "coordinates": [[-58.45, 35.73], [-55.18, 36.23]]}, "properties": {"nationality": "Spanish", "year": 1783}}, {"type": "Feature", "geometry": {"type": "LineString", "coordinates": [[-27.38, 40.85], [-24.42, 41.55]]}, "properties": {"nationality": "Spanish", "year": 1779}}, {"type": "Feature", "geometry": {"type": "LineString", "coordinates": [[-10.05, 43.7], [-11.25, 43.35]]}, "properties": {"nationality": "Spanish", "year": 1766}}, {"type": "Feature", "geometry": {"type": "LineString", "coordinates": [[-21.47, 24.2], [-23.17, 23.0]]}, "properties": {"nationality": "Spanish", "year": 1786}}, {"type": "Feature", "geometry": {"type": "LineString", "coordinates": [[-31.75, -0.32], [-28.32, 0.77]]}, "properties": {"nationality": "Spanish", "year": 1809}}, {"type": "Feature", "geometry": {"type": "LineString", "coordinates": [[-82.6, 6.33], [-83.77, 8.73]]}, "properties": {"nationality": "Spanish", "year": 1827}}, {"type": "Feature", "geometry": {"type": "LineString", "coordinates": [[-43.1, 35.22], [-41.22, 34.98]]}, "properties": {"nationality": "Spanish", "year": 1794}}, {"type": "Feature", "geometry": {"type": "LineString", "coordinates": [[-79.92, 23.35], [-81.39, 23.47]]}, "properties": {"nationality": "Spanish", "year": 1789}}, {"type": "Feature", "geometry": {"type": "LineString", "coordinates": [[-46.85, 40.33], [-46.47, 40.15]]}, "properties": {"nationality": "Spanish", "year": 1773}}, {"type": "Feature", "geometry": {"type": "LineString", "coordinates": [[-40.58, 23.22], [-40.85, 25.15]]}, "properties": {"nationality": "Spanish", "year": 1772}}, {"type": "Feature", "geometry": {"type": "LineString", "coordinates": [[-48.37, -28.6], [-47.75, -27.88]]}, "properties": {"nationality": "Spanish", "year": 1778}}, {"type": "Feature", "geometry": {"type": "LineString", "coordinates": [[-32.42, -19.28], [-33.2, -20.23]]}, "properties": {"nationality": "Spanish", "year": 1770}}, {"type": "Feature", "geometry": {"type": "LineString", "coordinates": [[-11.0, 43.5], [-9.68, 43.43]]}, "properties": {"nationality": "Spanish", "year": 1776}}, {"type": "Feature", "geometry": {"type": "LineString", "coordinates": [[-37.07, 24.47], [-37.98, 26.27]]}, "properties": {"nationality": "Spanish", "year": 1788}}, {"type": "Feature", "geometry": {"type": "LineString", "coordinates": [[-15.12, 39.67], [-16.1, 38.57]]}, "properties": {"nationality": "Spanish", "year": 1799}}, {"type": "Feature", "geometry": {"type": "LineString", "coordinates": [[-35.22, 28.52], [-35.62, 29.8]]}, "properties": {"nationality": "Spanish", "year": 1795}}, {"type": "Feature", "geometry": {"type": "LineString", "coordinates": [[-36.87, -29.67], [-35.77, -28.33]]}, "properties": {"nationality": "Spanish", "year": 1780}}, {"type": "Feature", "geometry": {"type": "LineString", "coordinates": [[-33.6, 25.68], [-33.28, 25.92]]}, "properties": {"nationality": "Spanish", "year": 1770}}, {"type": "Feature", "geometry": {"type": "LineString", "coordinates": [[-32.5, 4.2], [-33.15, 5.42]]}, "properties": {"nationality": "Spanish", "year": 1778}}, {"type": "Feature", "geometry": {"type": "LineString", "coordinates": [[-20.48, 12.88], [-20.37, 11.55]]}, "properties": {"nationality": "Spanish", "year": 1776}}, {"type": "Feature", "geometry": {"type": "LineString", "coordinates": [[-36.7, -28.33], [-35.67, -27.72]]}, "properties": {"nationality": "Spanish", "year": 1775}}, {"type": "Feature", "geometry": {"type": "LineString", "coordinates": [[-53.73, 18.0], [-56.72, 18.08]]}, "properties": {"nationality": "Spanish", "year": 1783}}, {"type": "Feature", "geometry": {"type": "LineString", "coordinates": [[-22.68, -6.88], [-22.82, -6.68]]}, "properties": {"nationality": "Spanish", "year": 1776}}, {"type": "Feature", "geometry": {"type": "LineString", "coordinates": [[-29.47, -13.57], [-30.07, -14.78]]}, "properties": {"nationality": "Spanish", "year": 1787}}, {"type": "Feature", "geometry": {"type": "LineString", "coordinates": [[-30.59, 42.67], [-27.11, 42.97]]}, "properties": {"nationality": "Spanish", "year": 1772}}, {"type": "Feature", "geometry": {"type": "LineString", "coordinates": [[-20.39, 42.15], [-17.04, 42.78]]}, "properties": {"nationality": "Spanish", "year": 1789}}, {"type": "Feature", "geometry": {"type": "LineString", "coordinates": [[-91.13, -48.62], [-90.67, -49.2]]}, "properties": {"nationality": "Spanish", "year": 1790}}, {"type": "Feature", "geometry": {"type": "LineString", "coordinates": [[-33.41, -18.38], [-34.42, -20.25]]}, "properties": {"nationality": "Spanish", "year": 1789}}, {"type": "Feature", "geometry": {"type": "LineString", "coordinates": [[-73.88, -59.93], [-78.52, -60.18]]}, "properties": {"nationality": "Spanish", "year": 1790}}, {"type": "Feature", "geometry": {"type": "LineString", "coordinates": [[-53.8, -35.63], [-54.37, -35.57]]}, "properties": {"nationality": "Spanish", "year": 1794}}, {"type": "Feature", "geometry": {"type": "LineString", "coordinates": [[-80.21, 23.5], [-80.7, 23.5]]}, "properties": {"nationality": "Spanish", "year": 1772}}, {"type": "Feature", "geometry": {"type": "LineString", "coordinates": [[-39.32, 24.03], [-41.8, 22.8]]}, "properties": {"nationality": "Spanish", "year": 1766}}, {"type": "Feature", "geometry": {"type": "LineString", "coordinates": [[-42.57, -36.35], [-42.93, -36.68]]}, "properties": {"nationality": "Spanish", "year": 1779}}, {"type": "Feature", "geometry": {"type": "LineString", "coordinates": [[-40.33, 33.65], [-40.48, 35.42]]}, "properties": {"nationality": "Spanish", "year": 1788}}, {"type": "Feature", "geometry": {"type": "LineString", "coordinates": [[-58.88, 18.1], [-61.12, 18.2]]}, "properties": {"nationality": "Spanish", "year": 1768}}]}